248044
248045
248046
248047
248048
248049
248050
248051
248052
248053
248054
248055
248056
248057
248058
248059
248060
248061
248062
248063
248064
248065
248066
248067
248068
248069
248070
248071
248072
248073
248074
248075
248076
248077
248078
248079
248080
248081
248082
248083
248084
248085
248086
248087
248088
248089
248090
248091
248092
248093
248094
248095
248096
248097
248098
248099
248100
248101
248102
248103
248104
248105
248106
248107
248108
248109
248110
248111
248112
248113
248114
248115
248116
248117
248118
248119
248120
248121
248122
248123
248124
248125
248126
248127
248128
248129
248130
248131
248132
248133
248134
248135
248136
248137
248138
248139
248140
248141
248142
248143
248144
248145
248146
248147
248148
248149
248150
248151
248152
248153
248154
248155
248156
248157
248158
248159
248160
248161
248162
248163
248164
248165
248166
248167
248168
248169
248170
248171
248172
248173
248174
248175
248176
248177
248178
248179
248180
248181
248182
248183
248184
248185
248186
248187
248188
248189
248190
248191
248192
248193
248194
248195
248196
248197
248198
248199
248200
248201
248202
248203
248204
248205
248206
248207
248208
248209
248210
248211
248212
248213
248214
248215
248216
248217
248218
248219
248220
248221
248222
248223
248224
248225
248226
248227
248228
248229
248230
248231
248232
248233
248234
248235
248236
248237
248238
248239
248240
248241
248242
248243
248244
248245
248246
248247
248248
248249
248250
248251
248252
248253
248254
248255
248256
248257
248258
248259
248260
248261
248262
248263
248264
248265
248266
248267
248268
248269
248270
248271
248272
248273
248274
248275
248276
248277
248278
248279
248280
248281
248282
248283
248284
248285
248286
248287
248288
248289
248290
248291
248292
248293
248294
248295
248296
248297
248298
248299
248300
248301
248302
248303
248304
248305
248306
248307
248308
248309
248310
248311
248312
248313
248314
248315
248316
248317
248318
248319
198
11
13
220
15
262
16
328
271
17
25
279
285
487
283
735
313
18
19
8
21
321
20
12
264
30
23
1510
369
309
318
413
22
1
92
310
14
24
63
26
303
440
87
653
364
91
471
359
1970
314
524
579
256
388
460
14235
1174
28
638
381
1590
7
1411
6
307
980
60
82
383
4047
12654
6970
363
498
16018
424
476
67
257
87011
4055
1500
333
681
62
421
77
348
1921
2972
71093
494
478
874
1137
1049
506
763
21634
2069
615
466
696
10
430
50285
6982
1385
1558
504
561
1368
539
713
332
606
397
5868
90448
493
513
16415
64
628
58
2736
33
694
636
2581
516
883
50
2
1407
7561
4965
2933
514
44
958
4222
28306
553
760
1102
727
69
4071
687
42951
2168
36840
436
5915
434
1149
31708
1153
196669
54802
548
2830
66
1064
32
42743
29
1132
361
791
22464
23958
351
10673
1957
1170
29292
593
22916
2468
1542
999
1156
411
745
449
869
585
90
716
886
6533
6518
1719
65
594
7441
1870
1259
799
464
53
660
76
6707
437
1754
312
1179
84
1144
1581
3158
1534
89059
9802
19304
8806
4087
748
406
18912
4523
30223
68
913
1752
1236
1118
578
1429
54962
984
79
4906
334
1189
3950
10617
33059
889
14134
682
1788
70
8125
4471
11170
5031
9251
36974
357
950
59730
9537
1074
3403
1167
803
1103
1358
1238
35
54641
20460
443
5533
3683
281
13962
3773
14832
27653
42
10229
1690
2390
6613
4203
10885
871
1120
7563
3689
1608
9834
1644
12525
9
5604
37
1622
1596
55404
56010
1438
591
2600
6795
6000
1293
9764
3506
550
286
4563
85
854
3129
709
9665
4673
47543
884
4691
5945
11012
5759
4241
17963
36
6971
4
15411
864
274
1331
1141
2754
420
35697
1387
352
34
4147
10152
327
2423
3817
1054
867
3687
809
1989
733
1352
1301
7267
13769
3294
976
1791
1005
535
1105
6526
74645
4051
6185
74
646
5790
28647
304
668
2186
2801
31735
27718
1940
4277
1396
25620
16451
27
1133
7968
777
1344
5675
1083
2136
88
2061
1324
599
1463
18601
8213
17778
5272
1518
992
7195
12756
13506
426
2072
2378
92137
49684
1165
2020
914
3042
13985
1562
45
10380
701
24463
2424
470
795
1040
159029
48
1061
7936
1316
835
723
6558
13470
2349
4546
64700
290
931
71483
816
832
5513
5712
1220
75
1076
80
1210
86254
1576
4536
1472
234
72
5887
906
43143
71
1393
4831
592
84577
4129
189551
280
43
1902
75021
491
1756
877
3421
488
12305
5500
1088
345
2276
1951
652
2192
1330
1787
11173
469
557
10014
20734
1892
2512
702
38
260
27110
2836
837
1217
888
3040
1548
1822
482
4616
52240
948
12102
4145
23619
1117
1288
462
830
5799
22903
2107
27896
1067
331
4625
31276
1345
2397
2957
2526
2163
944
1056
1328
447
4406
19671
86
2291
81
1267
1224
46018
380
9341
4692
2272
48791
5527
1089
2663
567
1380
287
3165
272
292
3059
5495
1402
3676
21966
19159
27292
523
1203
92306
429
5653
4882
975
5081
8753
6136
1679
1414
7116
1142
21628
3525
2715
6325
12237
29316
5458
3766
390
1048
10672
1228
8484
2193
9640
1779
847
635
942
1568
51
49
311
625
93720
13514
8705
1271
293
3595
19913
60593
4779
32645
1866
2064
89386
2343
2083
59
261
2318
1362
1503
83
2100
1122
804
417
7532
2308
2717
834
11134
3603
2222
3443
3608
1716
1373
90563
1528
3286
13509
629
46
2822
2153
1551
13724
1745
1092
1453
5039
1151
3299
3745
284
38681
47128
5292
3765
2166
1879
68767
3704
866
46374
697
21563
40049
3850
1715
3545
3357
52965
15167
9566
4224
3983
4752
2716
3759
353
4211
37999
6297
6088
1723
1676
1469
3635
4119
3163
11765
11521
76938
2400
18046
26023
39
4885
18583
5722
15015
2212
5530
1284
9909
10333
77068
4003
730
27494
4612
44675
1257
294
1599
9571
9253
387
508
8207
41314
319
2270
79091
529
7101
46571
8532
21621
623
5098
2519
1445
9262
9705
5878
6761
1744
10553
580
13427
1063
957
853
47
3431
8211
38823
2048
3728
670
5148
496
7718
8240
632
1277
38718
808
32052
12952
1379
1143
14760
2964
1401
4125
5469
18890
3625
11734
3074
4100
92217
5639
320
1321
8015
2958
1865
43997
2880
1021
343
2923
295
4046
3764
54338
1152
3000
785
6276
1603
710
1483
6843
2255
1204
2195
680
922
2450
2582
12283
9845
11988
40229
259
4368
3359
48818
11125
1000
641
1901
267
736
1248
5471
4844
2406
248
1466
326
1412
3533
4805
1724
10738
673
41643
1973
2123
1521
1761
1765
1428
60770
1193
93868
3300
7530
36526
79016
14953
1734
378
31789
5775
1906
4618
788
2912
354
21472
537
8403
1066
12880
16075
21901
28217
4265
974
554
989
9988
5046
967
3274
11390
6020
2518
605
879
2706
11654
1628
4876
2302
5224
839
35124
36892
11256
6907
1332
4105
33831
15417
3010
1844
3827
2702
3645
2713
8796
11668
517
3213
33700
1451
362
2426
8866
1658
2551
16401
2850
2086
1990
33732
2556
1070
30394
370
9542
2844
8772
577
5515
1395
1640
3079
20889
5617
12316
20668
11458
7374
2387
17067
829
382
324
50615
8647
27325
8153
3992
833
3575
2777
5165
3520
907
14145
2233
20363
3108
925
1727
8097
1440
1698
40906
34098
32445
12866
14071
4431
291
3808
2073
951
13946
8436
622
1881
4370
11140
13039
427
21746
781
391
1683
2243
37036
13808
1817
9966
1845
4992
42749
2962
7324
14980
336
88274
6711
685
37978
442
16947
2564
4424
2448
3577
7739
8545
258
6507
10121
16908
7734
1824
4874
1025
5097
2200
6505
1630
6256
6572
3842
1097
17703
27327
2267
1172
266
9687
73
2665
21814
78
1130
1654
76192
40
34748
400
3160
8808
4493
2904
6830
715
7557
11198
30097
2654
13161
2234
16097
13540
2018
11074
269
973
77244
2984
13050
10318
2251
6304
2708
3425
3439
16236
16954
6025
5245
5511
5346
8516
57
15673
80992
2805
3278
56723
275
1010
16658
5409
54166
7789
1017
4635
414
9801
1925
1032
67283
3070
2171
18295
1919
273
1708
29169
93590
9167
4011
458
37457
14586
4346
1785
28782
4479
10185
21426
25587
306
4246
41748
3464
898
16159
338
784
4581
6326
8978
35358
50910
69217
8160
29397
4531
2294
1803
836
1042
2790
17587
18685
1987
70338
2842
13026
3895
4566
9880
221265
3333
3445
30463
4417
6031
2592
4570
4058
69475
4122
11064
10033
5111
765
24693
26300
6616
7515
1947
6699
3034
2942
5817
13597
5689
12258
8955
2997
29594
13201
10838
2357
16384
14944
1876
3449
41973
938
35494
2574
1509
8905
1262
936
54514
9989
52434
5715
13205
691
6681
7125
31838
6381
14312
2336
2420
423
3960
18922
14629
52451
9714
1655
7054
3376
10630
33686
4562
2911
1954
5208
1043
13914
50331
276
53612
9046
457
52954
0
44646
9191
5787
11969
1665
15153
4293
1433
2535
5904
11312
81726
1669
3112
7031
7947
25459
648
253
2615
7800
3889
2516
31626
94
5072
11319
703
2610
4077
9200
3497
4180
9584
6040
3480
31752
27044
15397
3309
706
54
503
73111
6009
13224
4433
1814
1104
23331
28602
16629
14705
1062
927
14067
6633
1857
2261
57208
13635
3019
2034
10845
2614
3336
18347
3184
892
4364
1343
4021
7176
2204
66169
54381
3512
2353
4162
11837
1856
3
14159
678
61369
2250
35344
6937
7408
4860
5313
2381
1911
919
55
7770
7320
5215
43765
7308
4084
2215
587
7606
7701
2011
33893
56
3708
29456
5319
13605
3553
29786
12564
762
1707
300
69665
2721
7370
4181
4285
4161
4123
4560
45210
2814
4613
1638
18118
12540
474
446
7021
4319
8827
10453
4598
2075
1609
3315
729
12112
1877
31144
2022
1079
2956
4193
84209
6838
6901
51520
4152
9397
13478
23221
46773
1532
8159
59429
278
5789
3349
3778
6144
15702
2739
2653
1544
2695
265
2559
12877
4138
3654
2275
17374
12204
1439
12261
7062
1364
2501
10092
841
5342
21094
3579
47848
17541
492
5423
5150
2646
9696
6163
4990
8685
4006
12771
4220
1095
807
24102
1926
87438
12351
5331
490
393
409
57739
13614
978
2410
7392
428
850
2696
1250
31317
7123
11330
4829
4213
972
299
7824
10134
4066
1898
6560
2117
1318
5435
7797
4947
6862
4482
2213
20112
588
2205
14835
4244
2258
9613
22741
7873
2741
1194
35169
23317
2969
2496
10052
2124
386
793
1436
52
1502
9221
19025
4400
6813
1266
1058
2470
2430
79573
2857
44572
3102
35845
4376
1371
5024
17881
602
4688
58740
2843
908
12836
19402
1543
5972
30644
1354
2629
15135
6645
6677
4101
7658
402
4243
3623
2484
4291
91585
25856
2493
81814
3559
44521
5099
7141
17835
21473
89
13992
45510
2466
26565
4009
20269
15339
5927
5882
7620
32015
1452
13943
6126
5436
12168
1335
1771
2144
5199
21004
5568
4799
31084
85976
3052
18648
3644
11346
263
6250
29371
7980
42695
52145
5497
48213
4680
4924
296
42204
68022
533
3768
14619
4757
4682
12609
63520
159034
10065
3771
50951
2149
301
53269
4434
51046
4345
12619
86746
7225
10029
19455
3009
5449
5861
5016
15606
15728
8602
4671
374
28091
15278
663
63008
2577
10339
3835
2010
6587
20564
9455
813
8313
7825
37734
4747
23985
36712
8931
74451
1728
14934
1139
7450
57081
24237
6679
36066
18034
66336
445
4955
1272
3899
6696
3693
43265
16761
1243
3429
6149
2231
3204
2977
5893
5792
3921
3369
559
2774
26564
12929
528
8127
18779
52953
5433
1540
53439
1560
2164
8268
20413
2590
39242
9176
4185
33782
24314
53092
42418
10005
3008
2570
15308
2002
60793
20409
40128
10390
25170
2980
16122
1350
1653
5666
3054
5069
2759
38460
325
22007
30151
83876
1425
1292
305
642
42613
996
4252
6522
3140
3749
10289
4178
38004
4886
4961
2943
4808
288
5365
94441
4221
45543
6385
4108
3082
42602
49869
1053
6516
1971
3696
4072
14596
33702
3433
11836
3521
3051
1825
2571
1406
15449
6249
16984
13067
19567
26587
998
12309
5200
21244
1381
14580
19208
4528
1146
8217
54227
2021
7025
2557
2797
2099
2007
8033
33196
20884
11540
14565
13596
8032
39737
17659
4206
45369
4911
1265
1740
4763
5020
819
8976
1459
4868
9082
565
15804
1455
66506
5955
2428
289
34347
3962
7072
29785
3906
2119
10612
3753
2691
2572
11690
298
11768
6282
698
2961
25147
1159
7869
9155
1575
1732
1965
572
14116
9495
9369
10562
2506
1319
12055
6900
3586
2725
31530
2129
1691
10804
1148
10297
1495
10930
2640
20728
20627
5774
15250
37220
25756
40121
6744
1245
8913
851
6614
27365
61499
549
41
5917
5642
9981
2208
13640
473
20394
2548
7167
32675
5375
10916
988
1992
4336
1680
6643
4534
920
8187
32822
38344
38127
3181
4350
485
11155
23967
14845
72860
10116
1795
16561
1968
1030
10675
1809
9703
54265
5555
8060
2315
4787
1004
35126
1287
4182
13042
4520
621
42712
11069
13766
6217
3150
461
5484
2612
13004
3092
59348
2159
1290
3095
40701
7937
6064
2583
32313
30101
3328
574
1891
2467
18842
365
18029
13458
30237
371
16874
17574
5732
3109
2444
614
2127
5978
28320
4273
586
6891
43804
72569
1300
43374
12513
61
6157
1423
2374
35409
40951
2483
316
45573
1667
2645
20257
18615
5920
6513
13262
8699
9011
7048
1623
767
1441
3972
4478
2821
1467
12726
2534
34491
3935
51392
25241
2945
11906
90048
1818
81578
5996
34065
5128
2477
13139
40922
42181
19139
2394
91938
3301
880
23535
3725
24894
31097
2488
2785
2047
3712
32769
69892
659
6592
26200
4207
1442
1611
42903
7664
11253
510
7545
1201
2523
13715
10220
2818
80490
1617
23129
1113
3631
216007
19652
3350
3555
74927
1918
8798
11118
24401
33673
21030
1302
19290
3668
10270
4946
9476
5368
21405
6018
29642
36988
8341
6129
33191
15604
3743
6214
24154
13573
2220
66320
1783
4283
4916
7694
11861
8478
2892
9325
2809
3568
4276
68914
887
7249
51401
10474
3337
69441
3388
5015
15796
1733
13933
2235
13558
6435
5019
20541
18253
725
52390
38197
704
9586
12423
5404
17479
9463
5986
6701
11071
1960
22846
3496
1846
36182
7708
268
13053
10926
31036
6418
1340
5119
4516
4587
33902
1767
28985
3361
28998
2604
902
7478
4880
57589
14107
11870
1471
11378
3134
7056
23233
3187
4535
1110
13282
815
21564
67234
28180
1946
11484
93193
728
5780
8924
1557
22076
3655
3050
22009
6692
1742
1852
1650
3378
19463
4139
18336
2435
8597
54304
4609
2599
54302
16853
75740
993
50949
2746
2905
10993
38049
5902
9767
29202
13928
3510
4603
23135
2421
4775
8871
14548
7744
5406
13996
2902
25875
20362
14894
375
3018
3798
59489
35497
6948
38766
5721
5306
3381
495
669
21400
721
4821
5084
2361
7594
55665
41179
1206
23437
12996
6187
759
8387
53916
58469
2538
5129
2416
6321
6511
35900
36249
1977
2528
58883
2297
47371
6323
346
5132
3802
6816
1730
783
6450
2772
6817
9726
7154
1910
19331
2407
3069
8606
13181
3382
776
1607
27165
28314
83588
88675
31
11436
1240
5737
14280
10263
4727
10534
11411
23705
418
2673
39983
4722
6649
9186
5508
2953
939
27285
5285
620
19900
9529
2617
4418
50450
1831
4884
92692
5480
7376
22703
2441
2380
8896
35232
5743
8010
2985
64538
8428
29812
64297
2798
8007
4325
3175
20025
54084
1090
4661
27366
4040
12103
949
16753
61476
1830
3919
13270
9512
95566
2913
1572
35178
7434
3750
639
8556
2507
9969
11361
5324
79213
65593
794
2993
20365
3667
2078
7302
7333
5008
14905
21851
10310
3955
1009
6320
13746
6961
1404
12961
45943
25629
74656
65446
3659
2594
7650
8746
3462
3340
51891
4888
64498
1496
5117
4282
1420
1673
32439
4744
15824
4004
3524
9813
9398
6199
3542
8618
78322
1323
59761
5186
7920
14855
961
2070
1928
3481
7528
40420
11121
1484
14883
39017
4490
11147
18987
2542
15795
64504
6223
5281
6881
1012
5158
15992
24868
7260
6942
7289
10895
11505
3697
9954
14791
4748
30231
9386
18383
16184
3669
4851
27130
26388
4343
54102
2000
6343
9754
1966
1214
29691
5853
3288
3573
26750
2705
6398
48592
2949
36314
2074
4653
55441
2723
30624
27360
13973
75600
44116
193964
38157
746
8102
14813
18004
11039
9345
12954
6747
2532
2305
724
85027
2373
6486
55864
5536
1059
11222
36268
65826
16161
16551
23814
1602
8044
4891
13725
4307
1736
2813
26157
47452
1212
2560
17555
52339
16520
1511
2682
38643
23329
3428
18008
4188
37448
34422
55671
43770
5894
3772
16793
3404
3354
541
4037
1782
25705
52105
2508
1757
15144
4381
11223
28857
9209
31686
5922
33389
35302
4713
7368
2742
564
1315
15734
2876
4028
4448
14773
4131
33905
624
344
13761
3923
5010
21003
11961
58574
85152
3536
53396
1932
11258
7786
68406
13412
22015
24918
900
18458
7552
3661
34077
8198
18904
82377
23636
6687
1209
29918
1923
6925
7402
5587
1304
18054
50094
10279
3977
5875
21736
38138
22651
34282
32804
36879
3614
6355
26900
12366
1905
10743
32879
41641
5335
13652
7335
9633
15049
5048
9599
2503
2475
30040
1370
26817
2878
5854
37972
10123
1994
4237
1410
5658
2332
11176
67194
14733
10592
22327
20335
3232
34663
15016
1889
9964
1718
3989
2937
5226
3436
6566
15662
25168
20508
3702
1060
9066
846
4956
4502
8519
3578
5752
32773
29017
9697
10973
1786
10836
7624
4786
1804
11542
3716
4619
28739
18612
8768
37119
56814
20167
8839
5646
3505
5303
3026
11414
8914
2027
6725
5070
1366
21103
12180
15376
6487
7321
2472
7290
1294
2135
14545
3186
2348
8253
30705
18155
2939
30038
7087
35073
18948
895
4202
19396
23214
1784
9039
3924
1307
15365
613
3122
512
1647
24297
2238
44283
7155
1077
4920
10218
778
4841
6964
9478
5987
8472
6564
26849
5058
1799
1848
7230
26014
3254
15632
6121
1283
22258
4165
1535
7298
7077
14289
61485
2487
18588
10024
6892
1031
33218
4416
71296
3892
13797
5029
712
31995
42123
1375
31358
3127
14783
350
9283
981
842
3563
13038
89795
15464
12182
3203
7683
1662
3289
48804
16298
2184
14387
4314
401
1643
10515
90174
36397
14992
1334
11325
7156
32288
997
7842
2781
23402
44776
4275
24092
1652
22627
12164
5576
7210
19572
10816
33341
27817
12243
17535
16653
5491
14392
6951
5187
22440
86064
18091
17120
15301
11393
923
7407
277
2089
11781
7199
7014
6947
11135
18261
13280
8469
5327
4000
2491
15217
6697
10132
19573
81787
4499
5946
6182
2543
15688
53863
5164
1253
25034
3710
19470
4304
821
3515
57190
76017
1762
2552
8145
19942
27861
6198
43494
15400
86891
4253
2329
5135
6820
7827
8255
10593
2849
19212
14560
32160
3136
28336
6463
75136
1394
5216
5
4238
1657
1780
2515
5175
3845
5222
14252
2480
1327
6966
11665
13252
29828
4774
1801
11641
3131
10362
2829
2597
48699
6177
2737
19794
37754
329
13965
18191
10966
38012
5252
9222
5373
1163
11439
71715
12584
8959
11406
9868
12244
45388
6298
6241
22958
13553
13167
47789
2388
5956
7912
1360
8042
27467
3222
4890
28763
37958
78537
13319
24276
72115
5728
6829
15234
9830
8222
37799
9048
4881
10281
2697
9363
5122
28302
7875
16971
16508
7598
5350
51648
4075
26602
55288
2094
4472
7258
8823
3043
20861
37962
49471
177025
4621
87930
9417
3648
4393
61861
17642
5394
12633
6483
12317
7042
35821
1538
17583
35414
39141
1353
6608
3682
3662
5407
27712
9427
9184
32524
5121
37208
5038
8689
2733
77470
10853
6060
51422
1942
7033
3733
7833
1697
4338
61444
23287
806
9284
7322
9471
18920
1258
14803
90718
714
34558
408
14707
47533
79852
6632
6702
25710
1619
10598
8404
2952
8038
28755
50578
19874
4380
3442
340
79596
11127
18937
4650
17867
4989
6411
68354
16870
12219
7629
4177
1306
7179
91137
1627
23663
52295
11960
11469
22052
5206
3437
515
13980
63731
20895
3848
5488
4439
2014
5022
2321
3281
2313
197
23946
13661
14932
6929
40335
26669
3377
13102
23314
26156
53559
5609
20302
9679
3162
7122
8455
30224
32698
54694
65001
11240
805
3636
34237
2885
2931
33667
3813
5725
6397
4497
6983
23014
4054
13254
20619
12333
2536
856
5284
15330
25557
30456
3620
15491
8482
40657
34895
20567
6851
17313
13082
30576
2009
2156
337
1646
28136
13984
21579
502
18100
22188
7294
64423
2670
5077
4559
5529
761
6631
8152
2573
4106
19095
4334
3618
58276
19776
12849
5073
3166
13359
2784
1764
29587
29832
631
5067
3392
4034
3101
3833
16591
9530
75809
17933
977
3790
15698
11072
1864
7424
12082
44564
9609
17872
341
3412
18356
39129
3470
1479
10027
4120
2446
19226
2342
20104
4022
32354
69687
35464
23464
24938
6354
9461
61987
2454
24004
3172
20615
18311
66324
2143
6416
14367
64166
64489
79608
85111
4952
20951
1200
18420
6454
75724
5255
6922
2226
12321
11452
36546
4036
2926
7144
67929
14861
1897
640
4667
9428
396
11543
8795
17384
6646
1202
2554
28308
849
35690
26657
7944
94589
11662
1749
6634
6552
2914
17830
18826
911
28185
8389
7815
19783
88194
13258
13804
1773
5055
9367
6784
3055
11396
2545
1696
3874
5734
6057
7423
2492
77517
58377
4156
8722
13475
5599
6452
3574
18772
31088
4272
1855
1002
11847
789
4702
21452
8553
9663
22562
36962
4862
19314
20308
4425
6047
26569
36176
50656
419
9301
7449
415
6596
11255
88463
11116
8132
37935
4710
692
3928
76342
6523
13171
8962
12558
7481
28000
8307
9159
6090
8427
16921
70221
241
5434
1234
74988
10884
9141
6625
50543
27107
90242
3511
3564
671
5251
48184
17150
18144
20204
31800
75440
10779
45416
7926
4694
10545
13867
44829
467
18207
22419
12606
3138
27608
10298
8791
1473
31085
61911
9163
16338
10480
14322
3730
6676
23029
14587
2307
61446
45542
11093
395
1678
5982
58496
23285
75463
26920
9376
7088
14452
7542
2845
1593
16759
4754
47861
15705
28476
12490
8020
12910
31062
5601
7776
35719
2787
1050
4288
10434
10764
33501
27502
24566
1029
8953
38408
1106
2879
24850
2198
13290
7960
12931
57542
14641
12146
2794
14863
6647
52838
20826
477
27406
6220
4480
7904
11835
5621
7047
84494
7863
16077
5275
13595
5326
4796
17167
2677
17708
1457
412
6742
22759
5951
10904
3242
32907
25257
2464
9907
42598
39356
42396
58412
18280
5578
5499
2121
10976
2081
63393
25617
34868
37794
7008
20572
16010
8019
15625
2429
10640
1887
17655
8144
5954
23310
25137
2377
7461
3191
5696
5860
48093
2675
8892
24668
65427
519
4390
6353
9572
64973
73174
92566
26502
37667
10832
3246
2334
5816
26404
38593
2109
13391
4081
9797
4599
4557
45374
9947
53708
10851
14456
2031
12076
11425
9738
13902
10287
6333
674
25283
23825
4922
16757
9712
8030
3456
1982
39210
1670
79649
4941
2376
19873
1675
2038
185038
1660
11878
27084
45175
3622
1325
8845
22713
995
8997
82637
32516
49675
3370
3090
8439
5064
13963
7638
38489
7222
10942
51831
68163
23417
10275
6302
708
3024
9150
376
5645
33593
5183
8239
4268
8298
6762
4918
8492
8733
3679
1981
6027
69764
7075
36794
1985
3756
14251
10379
3307
4023
5876
2929
3238
1181
29012
18235
35090
40199
4494
13754
29478
1700
8395
17051
25171
53405
12594
2631
41502
10968
44669
875
1908
1178
7059
63471
14485
8646
13441
7371
56905
4249
27245
4873
4016
33153
52000
18351
56205
12306
14373
12671
3482
13428
5983
4216
17550
52141
33241
4289
25322
3447
10392
13329
42236
3838
14431
44298
89879
6043
10302
3915
3681
8610
11570
2278
6700
2971
3847
35575
24217
27738
6280
49927
5170
604
51319
28342
35935
56991
24603
2639
657
5062
4109
1748
7379
24508
403
8442
11684
19315
13868
51031
4351
3387
25456
5534
1927
7949
4524
1595
7019
43153
82160
13259
940
2060
4025
10365
11491
7525
29840
3371
5059
36022
1634
19174
38256
8635
24785
5427
6133
23181
6406
12058
4191
11510
5076
10830
22267
6575
33204
9239
7465
60612
1506
34589
4258
3938
16912
21038
6175
38710
1027
13779
9307
34228
11347
26259
1802
7551
6253
11747
738
13909
6447
9979
17861
68463
40852
55917
10811
8678
51442
15199
58405
48611
56511
61610
36834
4778
1777
4716
23075
982
6160
12152
563
7752
17241
10535
2703
62441
8058
8670
7250
31354
30746
4309
10485
4637
7731
85365
6550
9302
2586
14097
4045
6576
1446
7255
355
48575
1494
878
18562
8090
10269
10898
72805
10631
11250
32449
44424
21780
11205
689
56485
20195
4168
10415
4010
17673
52146
1704
2994
11957
17831
3729
4759
34157
30096
23095
3502
11918
5188
9956
73455
750
14535
562
751
38892
39226
2372
78601
26184
15294
15096
89934
2998
16979
753
51515
25903
7813
10077
349
24223
8214
16674
22462
2500
1314
431
8794
5157
17161
6549
78034
3394
4225
10583
3296
11683
15418
17471
23927
31693
68366
2662
3035
18078
13372
38783
7890
38658
8474
12782
14012
18811
7415
5305
7899
5106
8591
64810
40698
37041
79604
10970
840
14152
1687
2738
13455
19081
8882
779
3678
56559
23238
873
1834
722
12088
12480
21604
6995
69402
1770
17268
7191
65585
11535
17593
10578
36536
21145
4945
8445
15275
69211
772
335
40336
4842
34024
19768
8476
4732
15933
54789
8006
31788
800
12492
2623
10497
10837
19032
31589
33633
5976
49219
11823
6768
6007
4937
2896
1052
5467
10466
6607
73709
10383
68964
18971
9411
34880
23891
17062
9496
14525
25499
2257
4487
1626
84686
18184
20952
2940
4697
5553
13983
21873
6096
22599
3757
4019
7117
3459
10524
29997
2456
8956
51595
5144
52250
5979
6434
475
7170
2870
5171
14611
86479
10403
1684
22031
2404
7559
4031
25045
18162
5781
22756
43141
542
505
11087
31483
7854
9603
4341
76939
30521
15029
61815
12740
7793
2414
9419
34451
10502
9328
6283
2224
9125
13094
10747
19055
9310
6473
19087
35165
29542
47310
5428
57267
1726
22671
5265
27736
11284
3677
2368
13753
2253
13083
68283
8433
732
8928
24837
5037
10095
27787
8710
4456
93
22838
15891
8379
7698
44697
42229
2359
4088
8977
14870
26690
21119
38465
3025
17606
2624
83757
39108
33579
339
75058
10206
5459
14448
15009
32122
46188
48639
70676
94042
13504
3145
17448
6469
38645
14988
9585
15574
26488
176217
87378
29567
17437
90010
2279
34707
15489
1128
31509
4912
16884
1515
1686
34131
9238
49352
8154
42174
41378
14658
1899
6974
201
1226
6644
6103
22085
8028
459
10442
49325
49134
47681
2447
5903
558
3946
5364
1591
29273
1820
12889
11000
8557
2379
18394
12338
1580
31086
2846
14473
13525
23674
12105
18030
7724
2246
16350
3840
18661
11618
16247
9727
1546
6763
7120
24358
17965
12300
13011
10000
11595
1536
25827
4574
8543
7581
32496
10582
4396
2445
11180
14419
10923
552
82816
3440
18036
2206
3032
77393
88308
5607
4473
15865
37653
6078
12089
5668
6811
8355
19680
84008
55274
36934
51058
20182
3272
12817
8457
2044
35959
6774
21001
4936
1702
1882
3638
7645
13646
3947
11442
59669
3269
15248
32237
13365
1685
31230
379
9087
9351
16510
59824
1211
15215
5356
4284
25918
6599
7692
18492
71320
12500
33635
5246
8043
3976
7697
27041
7678
26162
38449
824
9522
6804
11721
65209
9707
3886
14233
4530
45759
7345
2967
52877
5138
658
4540
12655
1014
9546
93964
26084
29933
10658
23036
4501
41816
24919
13685
19251
385
392
1080
63558
12443
245875
11481
15060
38175
13322
9646
11846
25864
2621
13064
7359
5242
25062
17758
5610
5741
965
9468
36376
13884
483
60100
11013
17645
6821
6481
3132
14970
2731
739
3727
47675
10849
26317
56690
74880
93365
1849
48604
1020
22579
8385
2324
9575
20877
9405
23547
5794
29635
22569
20607
9770
15480
9858
5637
1447
6688
11106
547
18983
27666
787
11007
28338
188912
16794
3375
10184
33413
5176
13162
29625
6260
42757
1093
8754
1501
21126
24228
13967
12876
5486
15078
9097
2032
12160
8074
6146
33652
30812
4175
11194
6999
20759
3658
2823
8016
6568
11898
2806
26653
61932
4790
8454
15243
13310
3231
16302
89097
6743
5095
8029
49097
15550
13089
12268
26355
1566
6150
1996
4777
8760
3113
3282
5627
59267
20243
28562
3642
26079
6396
23791
26889
10906
29866
322
82207
6532
17955
10102
3721
9343
82602
12639
4093
37700
499
35920
12162
9831
1485
15889
29464
16721
1931
9146
28109
3152
2576
4537
7782
20427
3284
13200
52197
20752
20467
9485
63266
7262
12092
890
8119
14802
4257
19318
3133
10374
1860
56552
1829
13732
3476
330
13617
32425
64358
7146
13990
21399
58499
82899
22512
4060
21610
5757
19335
6618
7918
23283
10311
1896
10125
5417
12184
2384
19260
8386
3063
9264
245
8337
47719
12132
10055
1175
18910
7318
452
95079
225505
10897
16575
28049
8265
9730
39044
8410
4801
6195
12631
4996
11982
39571
49287
6405
51976
54210
25243
7655
22283
8162
14746
1421
11691
11909
782
2433
13402
7900
16805
92031
8315
34210
509
4041
3314
1094
26370
20834
3085
83056
686
16803
3313
15408
534
13103
8523
15273
27016
10746
4255
3544
11427
19842
39240
81779
27403
13690
1449
22578
23683
15299
30551
3905
3719
5302
18892
80086
32303
36180
1833
30021
23826
10304
22556
35468
7506
2059
10272
21360
10313
46129
2569
7935
3135
4689
17257
34593
61178
15622
10194
28715
1478
37707
74537
7469
6849
44007
8405
13159
14842
28094
29134
39107
43195
49473
57943
24095
188
82251
22927
3105
23290
15384
29512
9093
3430
11688
17076
13637
70490
89321
826
2763
6489
17044
2046
1797
10713
3491
10708
15594
20480
5173
22524
9352
32205
81369
10481
63670
2012
53038
94029
14003
7628
25543
14344
15952
7265
3856
4565
6311
9212
15207
2133
43774
10695
8906
14082
19912
16563
3061
19954
14623
16465
37441
1806
10213
9110
802
13301
11190
569
3081
5036
2068
1890
7843
20888
717
4699
9116
11639
38187
22491
25016
3154
4505
5758
31520
7834
8064
23424
3665
37066
2873
16327
2793
9215
24755
35716
7428
1119
5602
7334
3395
13246
11525
11767
13185
27472
11096
6436
2330
10806
12663
881
55786
7547
24797
46120
47241
29589
1295
18716
19398
24720
3584
12938
20796
5169
44716
2469
6151
23044
16866
5620
21108
29346
5615
24627
1693
51372
23580
48659
7202
26946
726
10115
7166
18169
24354
11693
1525
1958
12370
463
26993
63130
11743
50178
1944
4429
17534
8908
18950
4133
1850
8873
65403
35140
5981
25053
75352
47493
16691
11158
25771
6082
12906
19872
17462
10459
12340
45091
3944
15840
1158
2894
8636
6734
5134
24502
8059
15318
23507
12083
6745
3088
5786
87160
70534
5438
17756
2661
39180
7677
9526
40139
72444
44780
42103
11811
5146
3107
5748
10634
2720
13809
6536
2190
9009
21155
15866
2263
918
52340
5413
55856
1231
60122
568
40699
88907
66536
17768
6521
3492
13684
5478
7189
56879
2944
33640
89303
9787
15006
1188
10912
28618
8771
6973
68967
2674
14505
19722
7898
28142
43673
50921
3494
7044
1367
19401
5673
17636
9370
27690
40253
5839
12977
5149
5603
39309
43867
66926
19658
68312
4437
13780
55588
2128
1482
2392
6322
6289
29508
10825
4660
5426
4900
20072
24708
80560
5378
3535
45397
1007
323
8582
20266
13266
26930
12439
23271
24596
33822
11949
39968
10984
1065
497
4928
52933
34322
23592
4950
10801
36369
70381
5307
20791
14717
11179
9500
4589
5707
25994
18082
11541
8434
25690
17600
3374
16456
12278
13550
20069
38764
39520
51139
70971
26141
17083
3715
17549
13044
317
2180
3265
19447
22026
28599
34717
43247
55136
55698
62590
76901
83345
89644
31092
14208
4435
3741
15628
12955
2080
12669
5909
27841
23819
25591
24053
36967
3956
30885
5042
8761
24987
11048
31255
84728
14993
25716
31338
71520
1916
20477
53977
11413
4620
12994
9583
5053
32462
54955
7455
63192
8259
17030
10329
5372
10893
1648
11937
9261
3911
63367
8934
66420
8001
4173
17340
8529
20653
37641
2497
15402
17994
8311
14856
3758
25331
23358
57550
366
14519
55559
8598
16253
84529
41275
3384
13069
49878
18053
797
26350
26033
9197
28258
3990
10615
23185
13279
5362
7080
27600
8319
21848
7995
3882
27734
7102
7832
2113
11498
12626
26019
44788
8114
5354
4670
9536
53557
12217
6803
1721
89945
560
6952
64635
10431
6392
1361
282
12389
22887
1223
4833
2719
29296
41832
43317
1310
69938
16221
30508
46899
11857
10322
4852
31058
2197
771
14420
6014
571
51556
29178
37029
14465
70515
7888
8318
19352
2712
6363
88205
29031
14436
12604
46671
23959
26805
55046
18173
12391
596
28496
695
8588
12867
55769
1138
6477
15905
16829
10504
7297
43065
17397
47096
15818
25503
5268
10580
23859
9885
23064
7660
7385
73234
8742
4556
19464
77518
1948
4324
84550
8901
91514
11302
21050
26012
57491
12548
4091
13081
308
21482
5304
8053
38251
9192
3167
35289
76768
21849
5802
43716
3855
2091
3147
77450
35780
6611
7049
87330
38147
25905
49143
4711
7635
41114
12445
12997
29149
94307
9020
14458
27129
56397
2643
3310
13120
1763
17761
31766
10979
25949
8205
667
1261
12749
6642
3799
46570
10931
1461
12505
4761
14026
7807
15999
7714
8366
82756
30901
91360
13453
20105
65059
5190
5444
16501
7187
15644
14728
6107
10490
23912
7689
489
18569
70665
49124
10205
12515
15213
7634
4486
4274
11036
3356
6669
13131
5283
11763
4094
53007
5298
6166
2680
14354
27437
6391
2182
24959
1195
3566
5238
38351
20871
76471
435
43303
13036
1100
25371
6667
7353
4254
3291
13948
29157
11910
3075
3501
5078
46369
57469
25686
2671
15727
8875
3672
32114
25681
12765
45850
28530
3949
13325
1720
40352
14589
20046
75330
38663
50251
73873
78361
18466
13468
5448
19887
23823
7641
14683
2306
5259
10094
1199
1008
6206
70203
2172
3828
2440
5339
520
37309
7463
15072
5586
12215
33259
42151
5192
3929
68868
18657
29222
8521
21264
25901
35750
36515
44699
4973
13611
6108
19482
27682
8600
13267
684
12458
35091
43837
43850
216869
10951
40770
15697
1173
2504
10457
24101
11673
42275
10642
7872
367
4451
10424
15615
12080
2996
77987
13049
347
315
8156
7911
3528
8615
1015
18065
22728
21853
4234
14304
2442
16815
8409
924
4310
4430
30226
34523
3489
2887
11930
3125
2482
14573
8574
4602
23557
73113
12665
14836
22242
916
11434
12732
13460
14161
8626
10467
4290
13211
87567
2533
7883
4794
11040
74593
9930
27462
56148
59273
67190
1247
36751
29174
3495
14441
3572
21019
25766
10300
13213
3362
68405
22882
2299
9416
8662
25658
11326
3858
7729
5358
11352
3106
34132
3235
6114
25791
74649
4800
11883
10540
956
31600
1006
10255
5044
6044
14103
29617
13248
9153
20122
4981
38906
9384
28770
2309
42339
30863
8422
29868
6905
5953
4687
6663
40481
10472
24096
11959
20671
91342
41575
22449
71570
9023
32680
5995
8303
5074
7526
64258
32388
50310
6347
11002
8969
5213
15720
24407
5236
11211
7350
42416
9987
3244
8412
2743
81520
16442
46714
54133
14789
20836
27470
47964
39358
67524
5702
737
8661
13086
16104
64913
2333
22166
70556
55101
4980
22779
74455
5910
5210
10182
766
9635
19310
8398
8996
15759
5291
40838
4062
14893
50296
7715
8677
88449
2649
7391
12825
13180
15609
627
7749
7716
8306
3769
15094
44005
22157
24667
5457
21498
62755
14048
53995
23495
34733
6281
12718
5461
2331
9919
3518
24512
5443
455
17119
2058
14271
19441
17523
5141
3438
11313
32603
6902
8471
9412
16867
38442
10800
633
7440
4219
13001
26334
2126
31479
1218
31128
7241
79987
20351
5803
15973
3233
4322
23092
1308
47013
67375
80817
16809
23690
26873
63346
18880
20357
4942
11197
1422
7096
3058
12485
12932
15700
2344
25857
35602
49743
7969
25286
26539
30364
33803
35426
36889
53326
68291
78365
650
11028
905
15964
2700
15882
16545
8566
1520
15019
21766
12000
6202
2050
14892
14751
17856
6780
8645
9976
2134
18006
23371
73516
3405
6348
5985
9242
62771
68277
87413
12091
18630
6083
16871
1432
40527
486
24991
11778
4441
22013
66217
20974
4608
22513
5328
66522
5608
1068
5353
5923
31812
11331
19468
66690
12017
683
1577
3461
21239
8732
16347
1569
5686
5626
7148
16705
17472
30236
9543
31663
73555
3703
12041
10283
22956
17172
3580
30974
18112
7439
18141
2530
4507
2458
3157
16218
8397
484
3980
2473
9667
3752
25866
50346
3604
3796
13852
1085
6979
26555
9247
11927
1126
1349
19541
8136
17580
17883
930
10999
24551
23835
56373
9740
1689
4199
13316
18907
7848
1242
5611
9669
7503
15057
10223
9816
18211
13048
51012
1035
15399
2855
65690
25958
33993
4024
11592
9259
29140
34305
41439
52204
4979
5768
12692
8378
38587
4749
63278
3348
5871
15452
45701
77227
36055
3363
22430
24956
33776
20507
29089
14650
59865
7917
19881
1311
1001
24752
68632
4102
37463
3276
6173
45465
8843
26534
38325
5258
30867
50622
5456
823
26735
30979
34774
25516
64915
4518
3805
4306
29014
9959
6728
34543
39748
16850
23111
1666
5970
6287
95686
133
6080
10154
22557
22689
29114
45496
48011
49722
55504
59015
61226
73574
77574
88624
94865
213112
10478
62024
15843
28392
15089
8106
16484
9205
7570
29064
741
3860
25718
17967
6472
4582
1249
12482
9949
2434
4696
22257
5730
10020
13773
18959
41882
18236
10835
525
9089
25434
9722
32335
18989
15313
25549
71571
28726
757
20068
29796
42705
44192
7063
14122
14910
11626
18011
11963
23163
14157
3067
3927
33110
58742
2918
5227
12400
64550
20036
25890
33901
37033
51797
67649
93843
13674
20984
356
6498
917
3979
8926
73801
36076
59036
33887
3598
29584
46904
6807
4362
15579
7699
8741
20751
21408
20094
4229
7615
58755
5025
611
12150
22230
9538
10817
8727
30695
75336
5638
651
6113
5418
25689
1487
10341
46930
50361
3099
6878
44127
63180
64901
19902
14090
64910
1796
7945
5793
10002
17970
9267
6844
1661
1873
39046
68069
2852
3110
22698
28151
13654
4780
5235
19043
2282
9410
10684
20374
27160
23173
3810
30697
9070
4438
6041
5706
342
6209
16022
76548
9257
15377
7041
18844
4997
19366
30122
394
538
6186
4771
17592
91689
5810
12054
3444
18521
9626
17006
3331
38999
68639
1659
16201
15511
5225
31118
11244
5836
8838
24334
4332
11421
9362
30912
10793
29748
14687
17450
5374
10222
20382
398
2704
6019
25216
72221
4292
1022
11049
5832
10503
12452
13704
25148
6805
10660
8570
6258
2160
6360
19612
27632
41490
53998
82363
82405
12616
26543
3234
29085
1091
10460
41846
10232
21541
15693
27222
41479
18342
4887
9311
1743
7644
3065
24245
75140
5296
9828
43240
10866
18488
20980
27025
65971
79045
13273
1618
5231
70901
3343
51586
13834
37537
15623
55968
77299
6334
985
7252
302
25927
22405
3723
8720
4639
10736
3795
30407
52696
5075
5921
1888
55552
10042
42996
9637
40084
18479
62695
10277
24025
1347
14081
3017
3804
9460
38754
43166
47338
22458
53993
2176
4695
7733
8107
23485
23410
30917
20327
7398
6420
4838
11241
33094
13092
22841
84309
5090
5228
8262
13061
22826
24124
57890
20923
1984
16045
8263
50247
41180
6184
8778
4792
77089
5822
11227
9781
6419
11091
13587
10009
39302
29890
30520
7652
26793
86725
3888
56481
5865
7621
14385
9501
4117
17238
10548
40138
12755
19152
88367
49995
79446
49765
13745
25284
29392
58439
65580
79222
88824
93805
20238
47111
57536
24230
3256
23834
47163
21592
12263
19674
6617
27596
87323
2001
6365
2874
2666
42753
84069
12192
37107
18834
25708
27869
65119
2036
12097
9109
62020
4610
9400
7612
7544
6306
4522
25825
6339
30300
32251
43381
70153
28627
88461
8027
8649
37683
23007
22966
5384
4179
17484
22330
58629
24546
451
5808
26123
3322
37088
24459
9033
4056
6992
17034
48753
57513
3325
5829
19028
2803
25460
8169
11450
23191
34537
62137
14147
1251
32157
93606
38729
2960
6994
25428
24127
3736
32881
47733
1953
7247
11188
35393
570
8390
18221
2965
10156
8075
1039
9660
16703
52958
79658
19729
896
7489
1264
66473
88138
1430
10089
5834
43007
25833
3779
24266
24559
2987
14423
21152
45246
46505
47524
2966
13927
656
3738
15572
24992
76753
9477
3776
12473
67635
29609
34586
47634
3637
1235
20641
6985
38708
48010
49300
58646
87609
170286
9372
1883
8659
23917
3414
12904
1475
21921
4462
4577
8129
6277
11280
43874
82721
2019
2959
6941
24047
1794
30337
33030
40057
21124
6211
17648
53969
3060
2686
2341
33984
20827
11886
33791
15618
23022
30390
2935
6037
8415
9045
11993
21703
37024
39845
55956
3953
9974
10315
18195
27867
24337
7193
18681
73797
19810
8499
13385
44219
7227
4834
44020
3285
25423
17818
36211
5813
10180
10647
11266
13132
14787
16238
23274
25715
52594
63600
79204
79372
83422
91339
92743
3639
75674
19133
3118
23776
5125
5348
52160
20629
5667
19193
7098
35231
39010
58979
93803
32631
4549
14166
17399
29650
5112
2017
18770
37263
7346
34298
8018
14653
36630
66708
26288
30561
10487
5450
5886
15686
35678
50080
220497
36598
5746
24460
5147
60856
5282
29869
51959
28921
7246
14526
18739
3488
38136
3463
36915
39103
21220
34325
2992
28073
11192
7234
56150
4128
28095
58721
71446
1959
26453
68434
11300
25105
18800
22234
1760
1303
8068
4595
4854
7198
13917
26336
30951
33723
46611
84892
93187
1871
26731
10458
25902
3996
10649
14923
46608
3022
27293
7690
85497
7139
7462
62991
10451
8098
8642
41750
22629
84212
5137
13857
77869
2864
6686
11518
13709
15884
36025
9933
54335
8837
16243
25223
58751
6183
10790
14429
39072
17272
13535
22843
27723
31130
31940
38771
40912
77051
25162
51204
81349
24009
35550
21500
2791
3588
10236
6319
7104
17084
20894
68143
84130
44272
60936
11440
12678
71458
6515
6582
74055
38562
6424
1541
21282
5315
11513
46438
47532
7720
14416
49703
16838
3023
10978
14482
24330
7584
8151
17919
19591
37993
14176
4987
22760
20063
45978
6609
40819
17515
4111
7943
16961
40923
8952
9273
65269
4259
18364
1140
26624
17482
14552
69351
1081
11046
8172
27424
8363
17410
2088
17066
49051
8833
8751
51790
9970
14475
8177
12851
6171
20973
6640
25050
23304
4005
1828
16798
28365
13822
17795
6178
6488
22171
38135
39167
13668
5344
5405
17038
25924
5167
41173
59700
79388
27477
17404
16397
19186
17011
4409
5323
10573
33154
6212
3047
13007
24030
4623
8245
10039
13904
22982
9521
17096
38016
12224
7723
8750
9237
10499
20049
53824
20499
6542
35195
9118
5396
10288
13095
19214
24010
11218
14703
3958
15741
36098
38425
89830
91203
41915
25083
39125
2053
24207
53167
8804
3720
41834
31428
6943
2085
6787
21614
6557
14762
15175
9766
9409
6781
8767
20781
13232
12269
536
10190
5710
10808
18626
20343
23893
56232
63307
64808
25064
7438
894
11504
12358
19551
70307
8563
4939
6232
33208
9504
26208
12043
48812
24315
35790
12943
1171
7095
30909
11132
47573
25312
82035
10758
14960
19517
9711
25152
8483
3507
12571
25885
7484
45426
33464
5883
10786
19039
25101
48401
9293
15731
16026
89423
20442
25181
20624
3478
77237
13264
44139
6863
1853
22116
32387
6915
8481
30125
13866
26209
801
1938
35704
4386
6061
12496
12581
18545
24094
26755
62329
947
7147
22542
3311
1498
18408
22602
43645
4030
4738
6842
5198
7878
15137
17118
21226
3829
20050
30047
25244
2860
16183
29429
2354
7110
32153
5003
52520
22062
9920
29715
4496
5392
68659
7278
5142
18513
19129
33303
28450
37539
15846
4677
8373
11551
86830
238180
3049
2683
3814
481
59187
72063
13422
7426
36944
55150
9077
17529
70514
6662
7794
15264
68672
69501
22235
5136
48647
72473
72710
1692
2311
11798
15977
4666
19239
77573
3841
43540
731
42967
53057
23098
65590
34685
4736
21792
22905
39972
4927
13382
25546
8221
12618
25204
32286
33877
41105
52417
67608
79569
92644
176308
828
12133
1044
7188
19844
55340
87342
36602
38402
34929
46982
16758
2301
28340
1034
5351
6109
29302
24624
65244
16901
2413
8599
3420
14244
24197
3290
5751
46529
63961
52275
18376
3606
28964
1979
3228
8462
8825
21740
2356
2141
3335
8554
28847
15704
12736
11246
56127
78838
10639
56147
959
26324
20455
4384
29643
40397
53483
12760
18353
647
7131
16713
15132
3954
15985
28692
30776
30874
80946
12234
6525
18689
36725
55921
6491
1988
10377
18652
6052
59612
2173
16516
51774
6386
10400
11787
20171
9393
17788
1639
2566
22320
5674
74151
6563
9037
4089
7859
16782
17978
2827
40588
31430
45299
57728
95567
21322
61794
94411
10324
22266
24983
34822
4236
2824
17102
59056
10378
6750
5460
84234
1121
4460
9744
21670
23360
46792
2148
6570
33093
2438
2895
23922
960
2748
10193
2202
12013
29768
2626
24634
7261
9973
17114
2319
7383
22373
5289
3153
945
3529
24001
27510
16928
7587
848
19229
88842
61228
9121
11799
19974
11519
15342
15815
18577
37147
9680
30143
49788
63280
82397
1589
28454
34045
7145
4807
5565
9516
62414
18913
20306
8874
44674
13613
36703
51177
21894
54331
2006
9645
11967
13415
18119
27633
177884
2236
92550
9446
13188
48508
8507
1610
14598
12008
13697
55135
69093
15802
20633
25508
27179
31173
32930
32975
55275
74661
77802
85776
88987
179403
189816
24138
22281
33146
60565
5685
26401
3124
6759
48372
1082
5738
14037
3680
4466
3223
28738
49077
7601
70577
8232
15087
5089
6227
18864
5202
68948
76696
3740
26763
11553
55020
7592
23718
31526
40628
71139
72978
91704
9971
13387
16890
80316
5376
5634
4590
4791
27102
16417
13165
11264
65250
51623
22372
24802
30756
7497
3670
10839
20379
7268
33761
4944
14294
2364
2995
13854
12193
17190
1631
10250
17884
18410
2854
7534
8008
9518
13245
16132
16731
19877
21128
24225
25200
27917
28509
46877
65372
66205
70173
73855
76709
83429
15814
8614
13699
93615
2244
24733
747
15743
19000
2756
5989
2817
27976
28276
48982
85639
12051
13556
43318
26642
2194
61620
10711
62236
13066
28434
7038
9028
31637
3451
26754
83849
17602
16351
5698
6006
6957
48360
59811
7780
8712
32579
44290
78795
8530
29712
22291
78258
4444
58581
4483
1741
11559
48282
5332
12459
1003
17566
66683
4475
23615
10494
58616
14453
44504
1533
13000
6142
7135
7153
33611
52960
54111
57724
7811
3988
11822
27625
20539
16432
20270
12448
1365
33462
3418
46668
15162
31346
47248
8855
7419
10505
43441
4391
15184
65363
3820
10694
31057
19255
1943
73982
6713
675
51317
54088
68937
8280
16981
432
27396
3072
13998
26808
8346
53236
8021
10083
19278
1597
37363
41270
5454
85354
1885
27701
29612
1527
25131
12167
73093
46957
61574
12768
11304
41054
8339
4481
10749
41445
86813
11209
14087
20473
26613
45065
67017
82732
95328
207180
2789
83233
1537
4706
6601
7654
368
11670
54778
7060
50222
16923
13432
28066
13394
7730
10049
202201
3558
14086
22294
25880
20377
76366
2950
4977
8418
37356
5340
16177
60467
14213
17675
69088
76433
12018
88870
9493
49825
13870
8984
21433
27427
33924
13657
14170
38079
15983
2932
6338
19120
47451
76991
9657
66591
10386
8948
10877
11958
19678
22371
28068
31930
38832
10846
20875
19478
44301
17657
2425
44896
10551
24963
3843
8611
10843
72396
78913
868
23977
51493
22666
3202
608
12680
5750
6228
9069
29551
41403
9357
11946
14943
1346
4217
9226
16162
27346
43900
9861
32969
39566
46192
60854
2174
9788
34890
13969
17289
19448
18960
215
31489
52182
79011
3930
4002
18009
3130
6903
1114
19387
22319
36162
3913
10512
18673
14118
3364
41968
7907
13087
19586
24427
6673
9889
10903
21989
35378
33120
3714
3602
69454
31337
3701
3527
7288
8359
19135
41760
3514
8852
3214
22054
31209
21096
28712
8957
29239
11461
3925
16366
20589
23658
42427
46806
54379
58130
12985
6741
20505
6378
4592
15501
18934
86631
4551
16000
2861
8850
32344
44852
1134
13513
40355
17612
13473
5772
8284
30246
10938
31010
34468
43250
22687
16799
1046
45843
8660
24807
37435
28161
9040
9064
10486
13017
20819
33286
50322
64756
1187
11648
12695
18326
19355
29926
36535
86711
3033
77318
5582
7948
48855
52562
13749
10530
450
11272
15262
15967
82898
5337
14523
4097
8251
9888
69692
4968
7263
8369
8958
8580
4766
64203
4532
4935
11202
13783
15635
20271
25518
28188
41814
58986
61036
65081
66424
72154
80330
50970
5483
11291
24679
21076
2660
531
14069
15488
31047
35104
50415
11555
15124
42714
20730
15483
91480
3549
12275
15808
7418
35061
1145
1409
2922
16492
1625
1936
74995
30470
11827
10242
26167
39040
8581
19670
21252
41954
6717
11349
14696
18638
19089
38368
39668
56788
58058
5479
10662
11018
78869
12967
48794
5600
7696
21116
21427
24586
12104
18941
26299
17572
31207
73977
51274
6008
16100
29041
770
1547
4050
80692
17320
19197
22431
24863
28920
29531
12811
581
50901
521
7892
626
11873
16168
22113
18101
389
11789
14242
18536
11189
17887
11901
46499
93856
18485
91630
15171
3004
242
12777
5359
9240
13483
22470
15816
62314
2114
18212
22005
73470
17445
12524
16515
64850
67257
20908
11652
3198
5085
75530
7361
27140
58423
29618
40693
9749
2189
4804
1086
1493
7673
65319
4146
8099
26327
46680
83201
12527
43016
3875
5695
156532
1574
7276
95224
2098
16687
7956
8046
35473
40598
58400
1057
24794
15431
10646
24277
532
18618
19739
26516
33356
53709
22565
3397
24201
810
21144
11008
30656
22910
2782
4802
12719
32003
3863
8680
9943
13787
16593
21721
23336
23396
23775
29045
30379
54572
61685
3589
14469
10108
9290
11900
13457
15349
19287
21059
15773
10661
17775
24323
73405
27664
19662
23311
54607
4082
33753
9178
11609
1769
10574
26812
44782
23796
8687
9761
11712
16480
35226
40007
13442
34877
66203
24170
42629
70755
9236
58651
16963
18390
18773
20778
22580
29105
52761
71862
3816
13594
3627
6203
9272
15473
15547
38002
20934
28873
39294
53650
65245
71875
79460
88622
93324
10741
3319
15347
16546
360
8242
13942
1386
3212
1835
6581
28931
3999
1435
13199
21107
27742
64606
18516
25117
3500
25300
29875
31324
3926
6857
14610
20800
10723
11363
65405
7896
15645
82555
7245
14933
37169
4701
91430
183641
35931
27028
5778
20688
22993
3945
19427
24690
16439
22581
41928
42780
59686
8851
11292
11533
13016
15784
31098
45691
6081
21928
3208
6666
8731
9098
10705
26091
39215
65867
72108
3179
14040
903
1333
6295
28565
13031
4313
1448
67230
811
6577
47217
86118
7136
36809
2858
3839
13974
40565
45852
358
10159
5514
18284
23587
43243
44125
58477
63113
66983
92019
15227
2362
21761
35647
12650
18264
24332
22502
7642
13976
3408
46956
7596
57610
6176
24625
25472
85615
19868
63908
16086
22433
36119
26289
68165
5788
11514
76858
5852
8487
9008
31314
1123
21562
30150
43927
92299
5468
13141
21112
15214
13405
46170
29591
12250
15790
9304
27840
1588
16643
17679
36924
61846
14035
32148
36654
61240
63020
2820
87740
410
17210
62143
47993
4611
1317
21618
23470
59930
754
16049
40161
43660
57571
73068
78503
21568
31781
6504
8805
11386
13707
17991
25600
36348
45559
221
12140
10768
47029
53211
1038
2054
6257
29106
135
9810
21947
27430
42476
2452
4443
29762
943
94231
10345
15427
1722
18182
15569
600
14725
2179
15196
19820
20340
80792
5575
9610
10112
16305
21102
23744
34693
50074
50340
85608
88600
11079
22121
8783
5211
4426
7285
7728
22028
21025
16681
9104
12495
14726
22856
8017
16158
21571
57035
2260
71653
5197
103
4593
8809
63788
8047
10636
11160
52514
4064
6364
19044
8844
11383
16905
46303
12953
10691
10429
12173
18069
23590
30397
34718
38093
40937
40988
50422
51969
52682
53454
55838
59294
70915
84201
89540
21962
61946
7990
29221
43460
44484
20635
25141
32328
2316
10616
3902
50333
5004
8725
13317
39539
84810
11092
33488
5447
58317
1464
6248
3240
5940
6371
10552
15142
16989
18232
22594
23305
24420
28175
31318
33756
40098
44880
16095
30854
64561
78379
8340
8728
17932
17824
22597
13714
21243
4814
6866
12832
30406
1776
3347
3831
7681
9995
21527
24555
29155
70267
21487
13390
11941
21595
4826
13142
71247
6314
3036
51047
589
1699
2796
43339
3920
84481
4644
7111
14378
1746
6595
8285
8394
8799
10158
10726
11023
13058
13071
13219
14527
19053
27056
27082
27425
28442
31571
35139
35312
36351
38044
42568
44545
50369
54585
54964
58246
59605
68548
70489
71744
72315
72722
72758
73695
75174
80543
86582
93696
235469
5517
10789
16496
71196
6278
26098
2800
1313
4463
7496
14890
33829
5013
29369
912
1993
4038
10650
71878
4378
1419
33324
3591
39248
5264
6969
11426
14440
18958
30519
31696
39965
49416
49877
72067
5975
7081
53064
77340
3593
88193
16568
41663
94345
16772
8451
35037
23156
52287
31984
40751
6042
11128
6022
20134
37232
26067
9170
31265
10727
90765
1465
4262
17759
10358
14637
38606
75051
13183
16056
22613
26139
35137
935
3161
34086
18597
4938
73596
12960
9366
3176
26545
18564
1190
43006
7066
8014
40748
31972
2131
14165
15797
44111
47476
54251
2203
4866
15236
44459
14512
9032
94860
4327
7520
11171
12722
18541
29471
1413
26778
34380
10822
14860
22091
27965
29699
38266
84433
94268
21998
6635
18509
21325
15781
36497
51070
7494
13263
25780
54195
544
12855
17209
19869
49291
63576
56768
35007
5096
13398
23697
11287
13752
65406
85597
4415
17843
29229
29975
39049
14143
15390
29696
16252
1389
1975
2897
20245
24570
25018
25449
29355
35615
47288
50147
55551
56392
78016
15593
16899
219
707
1246
14785
16690
11871
12965
14212
26733
32088
42988
60055
70975
15080
2910
672
3367
4898
8189
24763
15433
3611
12516
14053
10464
16134
37140
48956
89392
10128
6826
24443
5684
11746
45918
51390
2833
9373
43946
48810
47900
17987
4457
7788
18290
28742
9720
9832
10037
15131
20236
26063
35988
64121
2298
21902
2634
14343
87247
16531
5964
6164
33010
62639
1289
14606
19654
6125
74159
5934
7016
47732
1937
58621
8166
9017
9202
22025
33625
8652
5628
7211
8364
10990
11003
13496
15848
20372
26054
29649
35547
53893
54633
56858
58980
75555
81382
83167
5947
36353
4190
11174
15123
3287
7387
34775
7916
21066
25429
41793
11248
14971
10920
14332
32410
6267
10006
22684
13575
5614
23443
44212
58183
70921
1268
21929
16744
26407
28370
78865
1519
26802
598
1162
35604
444
20961
3718
25930
10342
10473
24112
25004
27953
1772
28371
1098
2786
3806
27212
230904
3787
5399
5961
13755
15290
24151
46383
50129
51719
59055
87175
31153
1753
6246
12545
81873
23521
84134
13560
13864
18539
24927
25944
32412
53843
83871
16522
28610
2605
10796
7174
44712
62807
12207
15739
7472
8821
15478
21419
31959
11603
3499
5314
17158
35027
40823
14588
18677
27121
57609
79636
9321
49465
2185
4883
15570
29103
30324
33005
40715
43161
43585
61325
665
104
1705
2632
3038
6004
7365
12640
16683
20003
25730
56671
1299
16910
2688
6130
13863
58769
78685
1073
16352
1124
47440
31404
94338
14109
15947
6641
11607
17294
35451
1827
17565
20509
26679
74849
13849
7905
60995
2312
18733
27433
32958
37374
41769
48973
65417
71018
79751
34512
7142
9423
734
10729
13899
19019
25353
28428
70883
71516
74814
175762
42614
843
11782
3056
53146
30686
955
10761
11694
17878
23716
6269
56267
2561
21061
10588
20843
14292
11606
49724
6694
6751
10292
26527
4373
3360
29019
35603
43215
54556
87326
6180
26547
643
235190
28592
5558
26080
29525
32956
37190
45816
2664
5181
16682
56248
57496
10964
1280
9327
26008
35778
14714
17717
4001
40758
1559
2256
773
31494
8860
6980
69695
48806
5736
24016
31547
38068
76954
1109
9559
13957
10883
40516
31270
72181
10299
10665
19474
24747
28214
49873
60789
60939
75115
91284
17312
26472
8869
12748
4515
5999
15893
56761
7030
24903
4555
9103
14136
21520
28604
32848
34100
36593
40372
46193
59673
190632
4114
9333
1808
50318
67220
3258
4803
12563
30663
8115
12613
18788
19072
14830
69843
9643
10521
4360
20155
22149
39277
42763
6656
8779
11733
10813
18549
11728
11889
13756
16386
20750
26202
28879
32283
32971
47774
92535
8173
23024
14872
48569
13923
3263
6848
10357
11661
12775
14192
17656
19403
22424
26384
27370
28708
29096
32646
32814
34032
40872
48245
52919
59444
59736
59769
59782
59786
60282
70206
72577
74903
89408
89647
41042
44839
2540
45938
81837
1150
20610
37673
32726
61758
10031
13068
19114
27119
17503
4450
19537
59326
79957
2978
33490
40624
5691
13908
17972
72185
3398
12807
50110
1620
15546
456
7984
10327
11407
6402
13981
14199
14983
24098
28210
37056
58410
79036
81284
20017
4558
1798
28867
14064
22977
14311
21324
6724
14880
25522
26338
13879
19293
19833
49282
23709
29958
19465
28625
22109
42673
14078
32396
35542
3965
72550
3477
18357
19583
19745
27363
30036
49733
56141
63660
63749
67668
71699
78200
94286
94614
94946
24862
5317
38490
25941
4967
9997
10028
31439
4442
10807
15174
46417
45347
2481
11306
20077
20181
86851
236370
8979
26804
59944
3295
11316
9691
14372
15156
40188
3959
3993
3994
16996
405
22634
67940
15932
47974
64595
7474
3908
5733
4212
10814
29440
41997
2486
10012
12743
13204
15441
25640
55333
58173
81296
14561
2877
4879
8155
13511
28253
3523
8848
18484
21354
384
6975
4729
5369
5821
20770
4895
16141
18301
45487
14371
1269
4985
9882
34105
13533
15286
38190
51905
2585
15559
22253
21700
28662
6383
9375
19718
36277
53598
73118
14098
4356
18830
42481
2211
8820
10165
25884
32346
36629
42023
49560
54952
88655
95157
2602
8196
8220
24575
31997
1759
13609
14978
14834
16058
19989
693
10103
9592
9915
9923
24093
34030
92844
6110
11185
18002
11293
21327
2490
55824
73682
14376
21537
87206
5193
21824
22505
49875
67981
6154
31833
34005
14129
214
7315
7501
10309
31286
32949
36393
40203
60800
61450
73331
78991
221653
6105
21241
18020
7251
8868
11112
15674
12829
19916
20863
36588
2439
36965
7566
12986
20692
21181
25814
21139
28001
29648
81167
3044
15708
18149
18175
20323
38690
55549
92155
5223
13764
17720
6865
6066
42529
58305
4342
6239
9628
24469
15650
6077
57011
2871
5253
11031
13024
15328
18499
21681
24644
31713
45338
66691
69515
80313
6503
9819
12806
5203
41320
4917
8560
8737
8759
11076
12607
17710
30351
31462
71422
75458
12566
15767
26049
5274
8327
13216
14282
31351
35475
42727
6310
11832
17218
24725
25044
3466
3601
2625
14345
17864
23895
34420
36495
38066
41298
46633
80350
4750
37063
3007
5028
5842
49534
9172
16636
17731
25311
29887
31874
416
7556
9668
10248
12611
41108
8937
12912
19723
44375
18205
22815
10932
16213
16475
19108
21745
29960
35875
36774
50802
54072
60277
61696
62626
63445
81293
85789
177838
188460
2775
2699
190
3137
11238
17483
19424
25096
25883
29850
37595
40061
49863
54114
64024
65878
71766
79277
84048
84163
58922
8057
9042
15353
30146
23975
65975
77646
8281
13019
27203
17247
8167
10960
11196
11650
14435
44812
60730
72921
84298
10181
19708
19846
49259
63821
88478
6527
3621
9235
23997
28288
404
1847
664
15825
19258
191
2513
3216
17098
17696
17940
19364
24870
26666
29075
30185
43750
60630
62538
5214
14906
30564
54185
3571
5588
3155
21278
12208
18533
19024
28239
49845
7233
13332
23856
19175
44718
66923
84040
2355
16196
41163
9019
14059
21864
31850
34051
5267
12502
54841
13464
13791
3467
9425
20792
22946
45900
47264
12792
43314
10759
14973
15845
68126
61209
5182
4012
10450
17284
21073
23451
28485
29139
29534
35338
45649
46567
54953
64697
6357
595
6093
8616
12597
21415
30064
65909
6972
9951
85023
58136
20864
39846
7643
39042
80870
22093
24317
15756
16110
42642
67752
6889
25025
17254
31136
610
18483
27059
54797
7560
9884
25822
3490
12090
10061
22151
21513
26211
5219
12348
2393
2884
9896
9986
57818
157
2145
7213
8078
31025
34293
43424
55857
76647
2752
8362
56320
26782
551
5579
35812
27392
8949
47283
9699
37775
798
16754
5439
5844
10633
18763
24638
28513
29100
29381
41267
46100
60327
6629
230
14810
68308
80427
3878
8324
30057
2138
4303
16336
20161
24622
15092
18525
71062
3964
20366
4958
20348
4719
6660
9012
24522
29867
30451
37676
73350
77785
79126
7511
8024
10862
16240
35718
66394
71387
72906
13875
19088
1524
7736
3380
16036
83698
8286
13878
20139
30668
2622
5386
6457
7073
13281
68741
7082
4160
11496
29378
29965
74358
223
5503
8300
36831
29436
31498
35680
8334
38641
6825
16739
20979
21701
24836
34860
36883
83554
14306
17839
18377
49205
82526
1714
13673
22753
23735
21359
78885
1112
30412
13559
194
1490
4768
6593
8096
17263
17880
24563
28586
32045
37458
62919
12225
17852
44183
46361
70141
8655
617
71492
10168
17466
36465
19755
5840
2216
7099
13771
17086
17458
22295
37986
42171
70410
77506
80088
17730
5605
3318
14989
25402
38523
38591
24006
8877
9990
10896
18385
65584
68689
92428
4098
9358
11646
15069
64313
1874
9659
31172
23197
24715
16602
17311
25781
3330
25682
189
195
196
619
8228
13396
18462
24535
30435
34116
36016
36038
36937
54998
67268
71285
82164
4068
2678
19409
43697
6704
12023
1578
63561
5110
12195
14648
53851
67334
7162
10419
11807
12397
15321
16315
18810
19835
20032
20733
21018
21320
21377
22365
25535
30086
33655
41497
42228
42310
43555
44329
57024
57590
60493
62844
66153
66975
67307
69987
72599
76074
81189
83513
86695
88718
89781
92184
24028
84228
901
8826
26372
2209
5938
7903
7987
26010
43543
61703
79057
86829
7884
15048
33779
40457
47149
9823
15581
16015
42718
5676
14664
43298
852
11163
93704
206
3783
7284
10294
10614
16949
34915
43204
62096
64528
64904
425
2158
6746
6791
15752
20378
69744
71592
8158
39202
62196
2167
12131
3870
9252
75166
5040
11855
14046
13784
21132
40453
44644
53678
76512
77991
9842
65473
26482
44734
46451
6001
10539
23677
4712
9479
11569
11723
13108
13921
14543
15506
16290
16911
18152
18717
22247
24365
26444
26677
31119
31335
31551
33850
34343
34460
36091
36274
38947
39740
40208
41508
43619
43633
45389
47885
48591
49002
51032
54211
54684
55160
58856
60006
61224
65334
68234
69710
74131
74855
75340
79623
80985
83944
90058
94518
182475
971
6131
16067
23194
61501
2155
5991
20531
2648
6823
18675
79221
26436
53720
31233
6703
192
8123
11565
13307
14031
14347
14794
18535
20115
39153
46291
52214
53533
81718
2730
7810
10643
11602
12287
13030
25663
27226
29588
2521
17046
59514
7799
24254
7172
10492
19577
38619
372
45704
45933
9101
3854
9265
19123
3372
16138
30263
5357
5636
16493
24806
35335
61646
65489
85870
7636
8749
11261
13826
18981
60610
7386
12529
23394
5221
7663
7862
7994
8348
9731
11616
11638
13444
17745
19948
20764
26512
32370
46537
54484
59171
88055
90446
5262
7010
8708
19726
39345
39761
40759
46755
3722
36496
39105
5320
7700
15853
5889
15748
21261
8989
21072
39249
57475
3742
10107
72198
7745
472
7982
11882
3936
6530
6778
7830
12784
22716
23065
24724
24828
25950
35141
3045
3273
6361
11740
19296
25513
34736
19268
21299
9840
33358
786
3224
4076
4561
49801
50078
199
200
3435
3650
3967
13802
17359
18644
19959
30758
34620
54116
158819
57172
6859
26667
45398
61689
71309
73705
2132
23848
15205
41720
42793
8243
73756
91145
812
87363
7396
8904
74808
80058
1967
2323
12436
27443
32039
3317
4816
8639
19201
49718
5807
15679
18895
37003
37336
51062
1826
14503
193
526
3812
6934
12843
17156
36166
40507
62364
67022
3089
7578
12675
12935
22738
32597
34112
42209
46676
47410
59929
2408
37115
10744
14840
11573
575
11591
24123
31562
37416
9906
53818
2694
7792
25693
10536
12402
20364
27724
33256
36737
43015
61925
75446
15827
31621
5823
21384
24050
15896
6602
7787
22516
22912
55249
202
203
204
208
216
217
218
5104
12621
18894
21649
21976
22626
23737
26344
27484
39437
40895
52053
59744
904
9312
11252
11817
12709
14135
14471
22284
23377
33915
36429
39557
41930
53601
58957
59386
62971
69355
71405
6858
20581
86511
17971
4035
7435
16673
3493
9129
15969
16775
18405
23211
78417
93142
60180
8092
8757
11671
50199
12846
31063
31985
9319
11086
14334
20392
22090
28274
36221
37052
1929
15484
34053
10073
29851
1322
15164
20453
22339
38394
68925
29860
6238
20226
12757
15902
30775
205
207
209
210
211
212
213
16321
23896
24510
29839
40846
47959
77975
25966
54315
2264
3005
4665
5212
6117
7593
8376
25969
29322
30140
32071
45366
48601
49469
50579
52934
55955
56395
57296
59933
61837
62327
62982
63001
78935
79594
79659
81482
91070
245449
17122
6054
15771
94912
10016
9581
23344
1047
1711
36297
48407
48507
13683
18857
25339
35247
7703
70703
4184
16661
21835
32471
61576
64798
2764
5545
29752
35145
35701
76443
9189
14274
18705
76498
44984
33424
6266
11784
18555
69295
3407
7460
12240
12431
12578
16529
16955
17307
25493
26065
26880
37179
56067
62316
3599
11881
9962
4281
5453
10686
21189
10046
10079
11474
16999
19481
34217
3646
8416
8735
20209
29435
71053
41244
11893
16275
21733
8526
11429
3141
4344
8085
13226
18468
22553
25344
42668
44670
58118
68252
71495
79635
203709
13166
16408
36610
65941
15050
27379
46988
40506
2898
5371
10625
13186
17891
23023
25762
25976
26326
34531
37529
48945
55138
75305
16624
25487
46439
10886
12037
18132
18554
21532
31410
33271
47363
62910
69777
5071
12412
15578
16359
18887
22570
24830
33801
66580
3539
4308
27188
29033
1674
1681
7605
48482
8747
26911
171381
6237
9194
9437
12805
12937
14246
17199
17938
19834
23298
48570
49625
83974
6046
6455
7011
7192
28218
6569
53532
65804
9758
13153
24734
48689
48975
16371
3446
9688
16156
23477
42824
764
5682
8707
13172
14178
16956
17490
20576
25258
26253
28295
29925
30029
40927
42773
55170
57551
62727
77620
78349
4104
16836
51275
72735
1363
10525
5671
10677
17854
4267
21666
27864
53310
61161
71376
4543
12974
20253
26661
45972
52496
52901
81910
2191
2768
10330
19927
54622
83272
25721
31343
32261
41784
11774
14330
16743
22805
24342
27692
42711
52823
54056
55771
79482
987
10901
14119
43920
53810
31942
3041
14449
42417
49558
946
3200
9390
10198
14204
14908
15146
16699
30982
44673
4394
6847
11853
12153
12975
14210
14781
17512
23556
24271
25210
25408
25599
26182
27533
34283
39223
47062
48292
49496
63845
743
10911
11656
24475
2029
7993
15936
47688
4545
25738
29422
43967
44665
47095
2951
1244
7941
377
9057
20852
29234
5740
20512
11480
16615
32256
2989
9219
9317
16288
17661
20678
25250
25379
27011
31816
52211
54004
88278
89079
90687
199348
5652
8206
9710
15269
19111
78489
68600
18165
45138
1221
2899
39811
73117
2531
10709
26137
47953
76698
82698
2808
4143
5824
11856
16823
40429
62843
63261
85759
87667
10724
14865
24703
6409
6749
14603
29166
43568
5941
10240
23472
32282
33931
52397
52476
1972
9721
12875
13323
25841
32939
35657
55943
6327
14827
21142
25041
4261
4541
28853
42983
5045
11399
12830
23107
43910
238
15836
4485
12178
20554
26015
29552
30276
35239
42750
50379
62579
73421
79476
85679
3513
42880
11318
22017
39774
55581
893
5943
21186
34134
58222
7190
7836
15493
28718
37431
4158
10219
12143
13777
14039
24821
38314
48913
51476
62728
77874
79077
60322
5564
24973
10597
89681
12232
3434
5154
55409
64941
6299
7757
13190
18990
28497
51989
79752
14720
33023
63605
82049
45328
39588
3316
6368
7380
3173
16526
25530
1810
4331
6591
7338
10875
11342
20319
22415
23932
25217
25702
27686
27796
28729
28758
30011
31414
32451
34538
36059
37849
39475
41943
42013
42769
43733
43906
45440
47758
47785
48553
49939
51901
54455
54554
59239
65455
68207
70538
71017
72285
81280
163212
175941
201252
2587
3868
6336
7106
8872
13105
16016
20683
662
5091
4240
11181
1252
4247
11931
12084
15197
15507
16150
18859
20536
23875
23903
24721
29081
35463
43342
46761
46855
58257
23070
79790
34635
18055
11026
12294
10778
20981
28072
37451
47455
59177
91779
3267
3531
8230
18757
19086
39021
57844
22476
994
2077
6920
19565
39150
45697
75593
5888
19797
23202
26832
969
2792
15648
29554
194449
3221
6356
12377
15401
67976
14577
453
3583
18656
4615
79478
3402
6012
8146
26189
36354
44744
73406
86037
6063
7966
10618
12491
17319
20320
31899
39073
39988
56376
82275
88943
42328
1552
9602
26878
12331
18445
19231
74042
244288
35728
10195
11614
14542
14886
16066
18313
20385
21631
24167
34521
43388
45771
47366
91046
814
1116
12556
13276
42694
42881
1286
3498
11851
35218
3508
8846
24979
42898
57409
64013
69335
1135
5474
9774
12185
14928
18186
27929
34711
11488
3884
6305
37844
39364
18486
68641
9502
10146
31267
38855
54907
83711
1192
6119
7442
8834
9255
9431
10613
11838
14335
24426
25078
32191
32832
38538
39095
39268
49835
69812
73172
83191
87115
88764
20135
52172
9149
1999
8180
54350
35629
49422
5492
8915
18307
20447
20543
29007
50509
77528
441
11428
18503
28894
33869
1341
3114
4389
11800
15862
20735
26308
26952
9344
12948
14265
40729
41547
46142
65335
72963
1274
14625
899
6440
12477
15000
39470
60897
8625
17548
8200
11839
11995
18349
19221
22324
23944
91868
93531
3190
3215
11467
12815
13107
14654
15653
15971
18837
19747
19946
24453
31360
32715
34395
35434
48551
50651
51465
57465
61074
63985
63990
65861
76536
91445
3457
5791
13218
34802
7164
8225
8613
9134
15924
18776
26463
3692
3126
8388
13140
22898
28263
35047
37779
45276
59327
69976
70157
70290
72249
86499
1497
2152
10739
11149
14963
24948
41944
61671
16245
24285
26907
33671
56253
63734
3225
7459
13954
16859
17882
40387
44102
55079
65393
2320
2744
18106
20028
20218
23596
43736
1924
21716
8299
49310
7795
12539
15715
17494
18164
19321
20100
35538
63723
2684
4371
4631
7573
8658
9798
12822
15345
19598
21295
27556
27667
38061
40197
41571
42165
43327
55375
89818
206129
3253
13901
7865
10261
14220
20569
22740
23833
37715
84027
12533
16044
511
7976
10286
28750
32897
37488
78161
91028
93181
3885
3039
3255
3797
7915
10053
10699
19816
19943
21463
25914
28104
35971
61569
75237
77544
91841
93460
26548
44418
55120
12339
5408
8524
9111
17196
39121
3619
5629
15803
22885
31074
32428
38930
40904
2079
11653
62462
2218
14327
10384
20224
8103
10876
11637
12119
79420
15211
32555
33989
36760
50359
74197
2990
6292
11249
14567
16360
23530
28528
28962
37288
41836
5523
9590
10238
10410
12201
15312
17663
20184
22305
27693
50113
55213
79657
82939
90502
31000
3219
16676
25343
36576
82189
9497
14673
16171
20344
25075
30914
34494
5475
6600
13343
20744
23755
32224
41728
45361
55175
56212
59624
62293
84250
85163
85881
1635
5018
13734
3793
9475
14196
15011
15300
15373
35099
85267
1018
2609
7838
8644
11164
21811
34773
10899
2196
8488
17762
18389
27915
57360
7161
12086
48063
16769
31661
89063
22983
58040
5681
5971
11879
12882
14095
21251
35467
38433
38807
42648
48308
1408
2479
2908
5263
9737
9817
11483
17619
18743
18769
20179
24713
25770
27089
28219
33269
33996
36702
42045
46554
49238
50715
51380
58722
67345
75317
79940
88963
92527
29611
57479
63815
68887
1781
12296
17917
19018
21730
27335
77516
1880
2924
5591
5606
6765
8441
8547
8828
9308
13700
14014
14486
16198
17959
19878
20849
23200
24091
25177
25306
25971
26323
26606
28958
29003
35742
36554
37428
38176
43992
44214
46598
47334
49120
51573
58875
60052
60893
65625
72883
75420
77754
82644
171454
1671
3260
16490
82454
2652
11340
13741
17298
17461
20729
51470
56293
28328
58256
88877
4963
26678
27224
2358
12264
12850
14868
2973
14477
24065
4126
10635
35326
37238
37685
38205
66426
70735
93933
576
1688
3663
4245
5767
8040
12405
20762
22953
25848
40365
46819
51010
68777
87759
4983
5177
6918
8888
11760
14308
16378
16590
17108
20173
20472
22761
28312
33011
37879
45022
45221
47460
51448
57534
84714
92962
21640
17812
18092
83617
4773
12702
34767
35032
36012
50213
50891
57018
62366
64804
68251
1026
1565
2681
6637
16764
26723
29283
209010
13505
30603
8130
35956
1637
15291
19720
1405
6263
12802
16846
42359
5699
10522
13716
16249
16523
20769
22743
41805
84419
34601
14807
26124
37417
249
14562
18868
29203
42329
46000
88098
1456
4374
9084
11820
14352
20359
2627
2082
5933
7586
21986
25574
29485
30941
31699
45447
48215
67499
4420
9779
9808
16006
17492
17596
19685
20004
22063
22585
22928
30764
36346
37346
39949
50288
58267
72967
80037
3091
7946
34419
7427
27389
30562
71508
12753
17128
22238
55687
1326
3504
8933
10394
69945
84817
33066
1182
6976
7709
17068
18443
25609
36733
5370
7812
9434
15206
18172
26540
27536
54703
80815
17382
86372
9071
12536
37827
11617
12454
24002
69052
79632
5598
9675
50056
8775
13598
8744
9698
23956
28121
31355
35125
35635
35970
44967
50348
80524
5189
6011
9381
10060
11327
11612
12126
12216
12325
14997
18299
19119
19181
21692
21917
22996
23722
25114
26955
28044
29725
31541
31725
35157
35577
35832
41132
43413
55080
55628
59124
62744
64053
64879
74939
36414
9067
16583
21895
22749
27757
34243
5562
7767
17454
22245
50201
58095
1550
5400
11172
13059
25474
31826
38958
80838
82279
10160
1237
8985
89077
156716
3609
4904
6337
7505
8495
11081
12573
13600
14590
15354
19213
33254
40338
45597
45608
48409
90274
34475
2495
9596
17961
35894
48680
6775
13975
15675
15957
19787
20296
24573
27923
29984
36435
38213
57393
62262
6375
8347
8535
8921
14281
32508
48632
52014
4550
5065
8079
19041
19958
21206
25876
28092
32049
33550
38508
66425
67775
80986
95530
7934
8473
12110
15466
15656
18362
23049
30251
32988
36347
37845
38075
38214
45203
55755
56547
66537
73472
75297
76201
77758
79622
87687
89146
61005
6898
9378
13747
17748
4052
8856
16254
28675
36118
36320
49991
80331
81354
11409
8785
21531
30742
31311
37125
17469
17526
50098
91291
1737
2056
4830
14410
20918
22475
25968
28621
38155
45032
46107
55616
719
2249
7783
11776
13340
20169
39850
40071
48113
87547
3455
11117
14142
27572
36246
69917
583
11816
20513
26044
30808
30972
39674
51588
53344
57878
61144
63653
9509
17840
33340
36667
43254
65885
3277
3782
4465
6438
11788
13968
14520
16548
17261
17439
21620
28286
28301
28928
30496
35400
35908
40769
42132
45061
48162
65201
69400
72632
74153
77717
79757
83081
86124
92926
1766
4069
5162
5345
7675
8023
14721
19727
20960
24523
27938
29631
32835
33644
40933
45371
45901
55342
60794
72873
74152
87593
76225
4375
11862
20089
8900
12567
13537
16876
17220
18919
33289
65205
78724
860
8423
8991
13655
34600
36616
37152
70069
9859
19561
5000
9768
11863
12624
20185
89708
2325
5659
5670
11394
15327
18942
20738
21650
27166
29560
32895
37631
38203
39328
42465
73074
51273
9231
12410
16779
7988
10482
13320
20026
25407
30272
38166
45690
53848
88091
16188
37915
47711
55778
62095
89109
92164
12277
19892
34970
630
2229
2520
3393
3401
3594
3985
6170
7035
11585
14016
15949
19556
21002
21578
22481
23435
25387
27007
27935
33447
35590
37832
38798
46389
52354
52857
55209
56341
66532
69831
70433
71408
73165
73693
73879
75422
77750
80165
83652
93133
93848
211614
5391
6373
11355
11547
16034
17885
18017
18879
18902
22259
23259
34755
38170
43527
46699
53865
57354
76217
76697
77432
82554
3561
5254
16693
21402
26190
35746
3146
7343
8163
9734
10074
15218
18710
20213
22985
27228
40889
41372
51812
23359
10757
11560
13076
13497
27623
28705
39335
56745
20483
1254
15872
24188
34647
56202
12934
12942
18854
41755
94090
94190
4154
5727
18704
24425
50186
93132
1492
2517
10385
11457
12425
17828
20175
20649
20905
25618
27309
31341
33367
37157
40055
41304
44022
44145
48950
57925
64589
78656
86429
89176
8788
11783
48396
56986
63403
87606
90390
1523
3569
4422
5701
7820
9214
9540
13351
14665
15821
15879
15911
17845
18953
19542
19621
19764
20387
23950
24290
26591
28098
29193
30120
31038
32666
32751
33645
35159
35904
36571
37460
38915
39506
40967
43415
45993
46751
47866
48957
51922
53041
53065
53276
53574
56040
57043
57078
57834
61939
63506
64187
64604
66276
66289
66376
66447
68144
69243
72986
74598
74794
75625
77036
78062
80439
81080
83551
85116
85238
88749
88838
89306
91648
92551
94497
221719
4703
5288
6962
9513
9743
10953
12759
14411
16626
17010
18323
18713
19991
20488
23764
23915
25889
26777
29951
32766
35765
37467
39644
44752
46212
51234
63661
75848
76303
78187
80352
85601
32290
10859
22897
5948
16499
19505
28260
62073
63871
68034
18411
4741
5880
8138
15567
45975
89155
4626
17697
24090
53825
921
2502
2799
4166
4820
11545
12717
17639
24382
2199
8335
9138
16025
18193
21753
22142
38661
43274
71164
88064
5618
7876
25605
1071
6021
9274
24542
40503
1108
1131
6112
6350
6437
8082
9421
10140
10607
11556
12468
12878
12968
13360
13376
13672
13947
14015
15526
16140
19829
20210
20425
21422
21587
22460
22834
22979
23113
23996
25397
25490
25832
25855
26582
27137
27155
27491
27555
29824
30613
31777
32323
33177
33206
34346
34548
35097
35351
35600
35622
39456
40095
40362
40408
41636
43883
44385
46954
53961
56465
56835
58648
59453
59521
59981
60396
62180
62407
62421
63305
66765
67759
67883
68734
70378
75767
77549
78573
79088
81134
81448
81475
84243
84331
85531
87430
90381
91965
94360
94466
95133
208711
5347
7821
30779
55451
90785
49407
4137
5567
6036
8294
9147
9339
12789
13012
15382
15472
20604
20708
21344
25214
30250
34557
34628
40459
42414
43764
45722
48354
48524
51503
59878
63551
69619
69798
70278
74488
76714
77586
81093
82151
82272
82505
83609
86662
92984
175967
5548
28864
29208
8338
24501
26921
31100
59214
4196
5243
8509
14092
18022
23280
25749
35883
51292
56900
89002
218784
30399
40284
40523
68066
5012
7444
16001
16219
17497
18160
49882
71761
5524
7633
10382
10917
10988
11311
12218
20022
24147
26909
27376
29006
31349
37954
72384
10542
7922
15689
45448
76068
654
11432
21988
22484
44586
52920
59739
25613
56374
62259
4195
4909
6612
9233
10621
11210
13429
13765
16418
16518
17809
22098
26022
26766
28254
31435
31919
31945
32135
32924
35419
37813
39282
39289
40013
53482
57242
58024
66576
68764
69800
70838
74599
75324
75468
77882
78878
78982
79810
80835
83455
84464
85437
86292
86641
89376
14663
19536
27747
32979
1037
13534
22746
50731
4278
5312
16941
32447
32530
45391
54878
55558
2432
4164
4651
5506
25146
4440
4856
16296
16420
22988
23251
41900
54624
5891
24572
24993
32001
33260
35838
39582
50402
52300
52640
59946
75626
80807
94450
9780
15332
17457
24218
53577
8714
12003
23726
25961
31824
71633
47962
54430
1530
5717
11077
11126
12973
20422
22274
22699
22701
23588
23857
24746
33787
39914
40683
47632
50803
67265
74932
76310
77278
78950
79502
82497
11493
70884
20479
20970
32107
39834
2575
11055
12461
15314
21213
23571
32717
38795
42338
71923
83743
33129
4205
8739
16163
17440
24242
42284
5559
6030
14554
74492
250
769
2288
6308
7314
7604
7929
11217
11354
13235
17999
22721
23777
26785
28803
31647
34358
37761
47756
60712
61659
72553
91170
439
18209
48233
21442
26026
27193
32129
78290
2921
7610
10162
10399
14384
22386
29211
35088
37705
43117
84576
5402
29823
46139
2187
5382
5594
15975
16271
16987
17369
19283
19651
21990
22040
22643
23409
23573
30684
31517
37429
37943
41009
44072
58336
60887
63619
68017
72464
15288
27823
35479
48114
50640
9085
12945
20307
24141
27702
35282
46216
70728
3565
4923
6916
7695
9053
9469
17610
19248
25160
30003
30494
52351
57402
8533
13341
13481
29259
31168
43938
44258
52680
63669
4017
6196
8765
16819
21852
22637
28919
35692
45189
2252
3417
5812
6914
7831
8026
8276
9809
13518
17576
17637
17784
17921
18413
21804
22221
25252
27560
28856
31881
33273
35260
41632
44218
51883
55436
57154
57689
63727
64133
65358
69315
71072
71590
71946
81281
81491
84828
92794
1019
22825
47696
1774
6301
15198
15395
20899
28899
44868
83519
607
1811
6738
7295
10254
13155
15324
18709
20648
29889
66269
73171
609
8121
54796
90069
1426
2841
3409
5261
9494
10026
12648
14727
15221
17623
19646
19766
20644
21878
22747
22847
27218
27799
30453
32639
34248
37508
39996
43761
49388
50635
51680
53152
55293
56243
56860
62491
73673
76274
79490
94150
4413
10728
2248
5697
8938
17476
21127
30074
42429
68094
1443
2732
12399
32184
58921
76147
4810
5855
11722
14051
17344
20006
7902
13238
13545
26003
28430
32673
42431
3978
4270
5651
7451
8199
8932
8981
10331
11225
11956
12179
12588
13660
13736
14269
16964
18955
19367
21134
22177
23936
24481
27586
30744
35087
36940
38417
41224
48057
48786
60363
74956
82054
94337
230908
5143
5174
3690
6698
8930
9927
11544
22032
34164
36642
2968
4299
5257
14261
18805
19194
21629
24751
53079
68578
5877
22869
23846
1945
2547
2869
7791
10710
11987
16174
16572
17112
19280
20529
21160
22355
23446
24921
28685
29999
31629
33343
34387
38584
42281
42326
50206
51269
53281
55403
55482
59632
61964
62198
88935
240826
6790
11159
19580
28541
52993
84381
4320
5959
7495
10752
21808
23428
24199
24869
26320
26554
28568
41040
42532
42728
49314
50986
51268
66848
71219
94447
31392
2427
11568
13662
18194
20874
40181
55047
7310
13679
18520
24385
24660
26756
30359
49133
62266
68803
87470
4767
4964
5403
6653
8396
9158
9704
10172
10258
11021
11030
12121
13434
15676
16471
18040
18853
18893
19710
20667
21051
22219
22285
22764
23086
25907
26291
27296
31705
31821
33388
34608
35094
37345
37506
37825
38870
39100
39852
42088
43532
46925
47392
50461
51085
53845
56380
57173
58426
59419
59687
60640
60922
63447
64295
64479
64696
65757
65993
66171
69583
70513
71428
73033
73589
75328
75654
75884
77013
77143
77714
78620
79648
92533
93715
230331
2619
7722
34167
3151
3334
5952
17806
19458
20465
27251
27405
71528
254
6316
8288
9162
9187
13632
15005
15406
15718
16335
24507
44732
41489
123
4573
5455
7649
9430
10199
10730
10847
12958
15512
16939
18306
19949
20713
20742
21000
21842
24109
24791
26161
26715
27737
28461
31259
31671
34201
39446
41878
48713
49054
50865
54883
56497
60564
61188
69466
76040
78273
79898
88502
16390
27174
33387
47563
64686
65252
78183
2217
7679
7839
42136
47906
1369
3982
5570
6718
11177
11511
17047
19363
20969
33733
34337
37852
38495
39067
44247
47739
50492
53566
66230
74872
3342
22134
57559
8972
16211
27900
39361
64319
644
2112
6708
8577
10351
10754
28014
29913
5872
7151
7732
20684
36584
49264
1778
1816
8668
14238
15119
19126
47890
55492
2658
6501
11615
13750
14386
42815
47438
78026
94332
21813
26934
51703
80960
5247
5531
8357
14793
14975
15605
16469
17667
19693
20326
22930
24351
24812
26094
27782
27927
31723
32802
33333
39463
41046
43958
47479
48895
49591
51785
55531
241488
17652
30725
49064
1642
7445
7860
7887
8122
10174
11663
12570
12863
14965
15378
15946
17425
17973
18639
19867
24600
28043
33555
34672
38192
42105
42332
43311
44916
48055
60108
88378
94834
240647
9912
6221
6622
7647
7891
8736
14541
18924
23033
36438
36597
52883
1605
6379
10278
24302
32102
37514
47548
55411
5501
13634
40275
57316
63142
5672
6102
10177
10755
13079
14809
22487
24664
25289
27755
52865
59785
5218
5308
6639
9658
12572
13818
21684
21910
22998
23085
23180
61368
90859
25218
27167
1563
6330
6428
6819
8065
9472
9980
11372
11495
11829
11966
15259
17562
22066
24274
24854
25675
32327
36931
37658
39064
41559
43801
43911
43982
44550
48481
50120
50812
52975
58916
60832
66979
68457
74634
76793
77782
83952
85917
87986
88377
88392
7609
10426
14826
18180
32793
35242
37172
86779
93098
2565
12688
12852
15355
15523
17039
17401
18559
20723
23475
24865
26729
26982
28372
30372
41153
41412
45750
53609
61544
63350
65637
81347
85557
85806
92838
8142
8679
43070
941
1176
3391
5052
5911
27435
32321
33229
35076
42495
46657
49620
6169
6470
10977
14011
14556
15031
15270
16412
17554
18084
22446
22973
25804
25891
27273
36990
47181
16724
42370
47640
51948
540
1792
4553
7466
12752
14032
15114
24952
25654
29058
29182
30474
38088
39397
43727
48622
4459
9144
9297
10191
11622
22812
26863
29261
34952
35885
36377
53782
64512
54533
637
796
825
1904
2366
2881
3012
3711
4151
5160
5338
8358
9958
10681
10734
11497
11508
11686
16773
17405
17590
17698
18218
19635
20880
22963
23296
27758
31034
34126
36904
37364
37518
43702
45686
45935
49382
52825
53346
54154
54699
55689
60026
63464
64673
83077
87870
91788
4377
4379
6799
9872
11985
13426
17373
28156
2369
8458
8634
11336
13207
17249
19716
21945
23414
25118
26321
31792
31988
36222
36381
38171
42024
47894
57524
60545
64375
65384
68476
70042
70558
78450
85993
86045
92361
236927
5838
6328
34094
41019
46474
60736
65151
2865
8721
20097
20868
34429
59506
86335
2816
8657
11329
12115
14926
19292
25632
28404
31294
38627
40982
42369
54052
54866
69961
70573
85403
2915
16856
2459
2510
5749
6879
13618
16042
16191
18526
21477
27860
54383
66615
6737
6758
7244
9201
17191
33687
36793
39698
41443
65316
80681
83750
14301
36195
44148
74731
5544
9453
13088
15065
15115
17701
20831
22287
22435
25084
29116
30245
30642
31505
33810
36441
36853
39565
40276
42643
45345
51338
52150
61405
62640
63718
66337
69232
72172
75132
79881
80900
94246
522
4848
5925
6794
14816
19789
21535
44672
49839
55692
89684
780
3302
4312
6936
7092
18166
19564
21358
21425
22382
23038
23241
24609
26147
27248
27852
31013
33091
37361
40064
43048
46478
47722
48927
61643
71577
72885
76802
78249
82359
84071
93182
171446
208632
36213
2826
3423
11897
14128
16778
29879
35386
4896
7183
9223
9671
14708
15222
18140
22587
25082
30875
45617
52256
20500
26241
28945
56074
3653
4758
5895
6069
6095
7500
9464
11605
14318
15232
15619
16875
17028
17040
17174
18000
18614
25997
29976
90521
1154
6369
7070
11229
12052
12165
14156
16248
19143
21708
29749
31243
37456
40718
44337
72046
872
12098
1454
3358
3641
5318
7819
9332
13960
15387
15854
17755
18247
18265
19373
19486
19498
21253
21979
22310
23822
26068
31770
34376
35034
36493
36982
39244
40278
42116
43939
45547
46997
78315
83434
84532
85950
88816
991
3984
10066
13335
19740
21365
28028
33963
50472
966
1998
7514
7627
8049
11022
12785
14991
16973
17171
17538
17743
19413
21362
24485
27047
28341
28622
31103
35438
40039
41416
42166
44287
45660
48889
54030
59178
59493
59716
61920
67704
68742
73220
77255
78951
79703
84839
25611
30108
33105
61386
6134
8393
8922
9937
11611
13027
14084
15440
16748
21293
25395
25470
26363
36906
65491
2982
5908
13522
13911
14833
15910
17389
17607
17786
18047
18997
21561
25643
31228
33974
53315
25899
32373
33297
35880
1275
4583
9553
14531
15043
16622
16756
17121
20312
22631
32468
39330
55045
64042
2271
2287
2463
3016
10356
13236
21950
26760
31665
33436
34074
41662
49858
64234
66793
68208
70714
71188
15305
16813
21558
45349
79141
986
1508
4192
4468
5270
7001
8013
8077
9490
13462
14258
15002
16065
16752
17336
19102
19336
22335
23919
24173
24541
25023
27124
27135
27966
31182
31943
34551
35543
38993
39034
39886
45760
46208
47856
48265
49393
51215
51343
51875
55635
62689
65711
65761
67072
78407
81396
85517
88027
89832
1531
2499
5330
10118
12484
16079
18683
20621
23890
29454
32689
43854
51492
53309
58333
1555
2947
3809
4632
5918
6590
6812
6834
7079
9175
9653
10733
10869
11719
12189
14468
15663
15666
16050
16144
16237
16603
19110
19256
19449
20002
20285
21049
21131
21883
22200
22797
23849
23873
24191
24411
24674
24826
25291
26093
26246
26346
26389
26622
26717
27837
28393
28684
31413
32016
33807
34130
34840
35864
36614
37028
37054
37116
40305
40682
41010
42540
43417
43481
44791
44887
45344
45881
46227
46867
46950
47887
47975
47985
48397
49175
50360
50405
50877
52726
52790
52973
54361
54853
55110
59422
59680
60528
61571
62117
62686
62758
64448
65710
66405
66469
67407
67639
71339
71989
73493
73557
73784
73944
75630
76208
76659
77217
77719
77945
78279
80722
81294
82112
83593
85539
86344
87030
87572
88568
91094
92150
92861
93553
94257
169286
173976
181429
181842
20321
438
8702
14260
14852
15548
28126
33768
33900
53959
65771
71144
3237
6380
14293
19832
25502
29755
36634
40119
67016
75419
80602
2339
9457
11501
33917
45326
46093
55163
66443
74041
77154
3366
7538
14688
17649
20851
21078
23257
46041
52140
52733
2122
9694
18543
18944
20260
23144
24851
25786
27699
33261
39691
41647
45157
47124
50882
56291
70446
7429
8297
9326
15462
32961
33159
81123
407
500
952
1738
3876
5502
5949
9742
10702
11267
11644
12767
18747
22206
22657
22939
24122
24527
25081
25644
26403
26585
37304
38610
39382
40737
41813
43353
44456
45037
53759
55129
55465
65085
69039
69265
69606
71316
78177
82042
85029
85721
85840
87960
90737
91349
192325
3087
9060
11290
12462
13554
19349
20334
20361
25215
26884
30787
31244
45811
51952
53582
71052
85728
2418
5612
13987
45279
50725
1129
1807
2277
5161
8561
8723
9424
11655
18233
21756
27018
44698
48217
65465
71015
3468
8218
8973
11590
26605
29321
41877
42962
49061
60608
70641
93399
9709
17805
21414
29287
32872
82000
92679
2116
3605
4954
9073
12253
12682
12949
13885
14680
14885
17763
17785
20052
21068
24393
27820
28133
30730
34082
37655
57532
59144
64046
66005
66264
89862
740
865
1505
3271
3830
6517
7410
8990
9666
9803
11236
13054
13123
13145
13184
15116
16112
16154
17132
17314
19490
20189
20940
21539
22942
23282
24386
24967
24968
26406
27108
27263
27313
28013
32061
37381
39951
42597
43394
43719
44103
48185
49365
56144
58837
59341
63954
67284
67536
68727
69239
69473
69496
76223
78990
4514
16654
17360
57745
58435
62643
9940
29784
52576
75354
6387
7028
12583
13366
15540
18546
20090
22172
28410
29413
42676
60403
73114
73531
1208
4861
6594
8704
9266
9689
15736
25910
26931
29533
35435
51967
62404
78130
82115
8190
15770
23581
27833
34261
40832
45640
47755
66636
2893
10958
11320
12379
12844
18168
18176
22338
24304
29449
34163
36367
36908
39188
39587
41365
47193
48043
50297
50606
57838
57956
61103
62183
66052
71142
72694
75465
75509
79750
13215
29903
35668
51878
77107
2039
2162
5566
7057
7537
8034
10872
11762
12538
12745
13163
13503
14006
14444
15041
15052
15586
15943
15972
16148
16562
16579
17069
17145
17164
19639
21458
22195
22807
24377
24905
26140
26526
26546
27281
27948
28327
28805
31575
33880
36816
37887
41652
43375
43679
43983
44334
45208
45823
46881
48734
50636
54192
54288
60343
61284
65618
67681
69958
72571
75583
77004
77231
77403
82004
84466
3001
3562
3746
7640
12891
14264
17573
18791
21685
23087
30918
31619
34493
43208
58446
86120
2900
6264
11680
14408
14459
15297
21572
21994
40575
53354
71141
73486
1821
4026
5032
5590
6051
8755
11299
14617
17585
18553
21113
23836
24772
27362
31226
33041
37819
41522
43347
5445
6548
7602
8157
11263
14950
20537
38343
38788
38953
42216
57171
67729
5535
7309
8594
9356
9790
11296
14121
15451
15470
16547
17283
17464
17571
19852
19933
21503
22902
23201
23342
26108
27446
29636
30054
32332
33793
37158
37359
38989
40328
41096
43409
44047
47639
49913
50845
57068
60197
62238
67418
67920
75693
4136
12061
20721
27642
31660
77881
1160
1282
1694
3546
4329
4704
4863
5693
6207
6261
7924
9190
9739
10226
11065
12101
12786
13440
13572
14045
14747
14798
14822
16477
17153
18573
19259
19638
20776
20822
21106
21833
22064
22254
22318
22523
25294
25386
26838
27352
27538
27980
28427
29112
30810
31572
33185
36594
40104
40198
40513
40885
42845
48577
48754
49766
50292
52938
56553
58855
61108
62770
63330
64642
70818
73219
75608
86133
87172
91993
94453
95560
229169
2642
7130
7666
10098
10579
10653
14333
17930
24231
24272
25722
42809
10913
17185
58607
1147
4970
5687
10381
12498
12659
17385
17769
21080
30152
45066
52966
60738
1390
5316
5593
6032
6072
6197
7533
8400
10435
14226
14661
15899
17591
21954
26820
27930
30523
31548
42377
52305
75150
81555
6627
8381
9676
16424
22773
24366
25544
29689
30299
30637
30745
37207
39405
39773
69267
70282
3196
3550
6038
10036
11667
12238
12262
13034
15129
15141
16099
16952
17177
17509
18957
20489
20630
20971
21118
21460
24701
26170
26926
37011
38279
40179
43244
46727
47614
50572
52371
64173
69707
77353
89578
31266
38447
48834
70649
1357
1956
3556
4200
5994
6670
8497
9402
10601
11024
12559
13345
13612
13816
14669
18650
20475
21800
22092
23732
23899
25221
25561
26128
26411
26570
29677
30049
30816
32005
34377
34464
34816
36876
37730
40008
49135
49999
50841
52779
54539
54603
55158
61387
61913
62534
64044
67167
74135
74163
74464
75335
75789
84934
6497
7457
7784
8135
11455
12025
12211
13717
14061
17015
18415
23966
29246
31032
53390
58449
59557
87579
9450
12249
24719
27101
40619
81859
90410
2232
2847
7477
8960
10518
15263
29745
67200
1219
2043
4013
5414
7108
7772
10332
11107
13283
14951
20886
23299
24056
25602
27795
35166
35585
35819
52742
56538
64872
90406
92869
1186
6832
7090
8425
8919
11550
13665
31192
33126
35134
43871
87709
229660
845
1682
2657
3853
4204
5647
5879
6792
6949
8055
8673
10179
11990
12282
12347
12636
15352
15561
17561
17622
17877
19150
20470
21250
21333
21381
21612
21613
25393
28463
30452
31996
32572
33763
36948
39673
42912
45006
47160
49198
51886
52688
52749
53470
55979
58655
59860
60012
60306
69031
77216
82428
84109
85811
87546
88013
93121
95013
95322
4678
5540
5755
12672
15812
19104
27175
44474
46518
58347
2685
4859
5916
8344
8669
8988
9441
11167
11825
12430
15035
15776
18589
22802
23832
24606
24675
26549
26641
26862
27894
29046
30220
31992
32006
32852
32915
35138
35568
35751
36311
36981
42534
46602
47987
48081
50971
54934
57774
60101
61556
68300
69078
75472
83568
84074
89190
91752
700
3826
4723
15444
20495
20818
26398
29797
34078
44549
52405
62197
69788
71214
89124
2096
10207
14645
22273
24439
28488
41015
43098
46441
53238
56542
89901
222
507
8431
9112
10678
12788
13929
17260
17537
19130
20771
21777
23756
31105
37618
37681
40310
56385
65581
77862
88200
252
1383
2948
3427
4144
5490
5896
6158
9168
12463
15453
15783
18035
18203
18425
22527
23116
25317
29526
32480
39927
40909
42349
43020
49876
61079
70664
75959
83080
94408
573
3943
6716
8534
8764
10231
10346
10570
12239
15150
16672
17277
17742
20967
23508
32690
32713
33848
34042
39255
41554
48928
50049
60735
65229
68710
81987
91750
2338
2402
3083
3615
3763
3807
5613
5776
6578
8734
9038
9115
9555
10204
10325
10416
10433
11402
11689
11888
13580
13666
14713
15998
16091
17002
17176
17225
17750
17865
18018
18177
18633
18900
19013
19056
19141
20114
24024
25310
25938
26566
26818
26953
27158
27340
27751
28639
29503
30098
31287
32767
32827
33313
33731
33862
33955
34577
36917
37155
38076
38894
38913
41052
41139
41426
43366
44477
45227
45875
46158
46683
46977
47699
48038
48489
48707
48929
50345
50669
52502
52652
52903
53365
54452
55619
56167
56383
57785
58659
59542
60346
61601
61872
64196
64379
64748
64927
65666
67571
67708
68043
68707
69612
70092
70692
72281
72413
73930
74755
75907
76530
77006
77115
78142
80278
82105
84139
84452
86334
88164
88259
88396
91337
91703
92961
93832
95146
95215
216387
8052
12464
17800
33939
37194
46135
46288
1912
2934
3406
4354
4427
4818
4889
6222
6561
7064
8256
12475
12936
13217
13284
14224
14228
14380
15118
15842
16461
17764
18130
18552
18751
19325
20966
21657
21985
23186
23676
23884
24974
25537
26185
26996
27094
27907
28412
31875
32770
32857
33142
35116
35867
36683
41143
41458
42758
45047
45289
51113
53613
57139
57717
61352
65667
66706
70097
73102
75372
76123
76232
1893
3283
4232
6735
11704
12582
13653
16826
18865
20428
27974
33539
37890
38472
47389
48820
77150
2150
2579
4594
4897
13820
14952
18369
21518
22114
28215
31519
31580
40504
41187
55682
57108
60547
67518
69648
73635
76453
83076
4672
4933
5560
6519
6615
9241
12796
13628
20804
21256
30069
31169
33601
35156
38625
39355
43105
47132
55112
78891
95347
3666
4962
8139
9851
10296
14979
15529
15696
16092
17455
20810
21192
27735
28060
30800
31028
33662
35288
35546
37747
39308
53345
56460
59301
67044
84186
88631
91817
2848
3390
6926
9848
11875
12304
14337
15003
18113
22021
23812
26843
36810
73602
1312
7759
11232
14622
24037
32815
35923
39149
49918
59970
67619
2367
2795
3585
4337
4568
5355
6039
6233
6290
8296
8489
9674
10840
11872
12288
12649
12656
13354
14395
15407
15474
15810
17130
17782
18170
19189
19277
22530
22590
22845
23119
23397
25917
30719
30837
32820
33238
34114
34764
35205
36123
36660
38959
40784
42266
43949
46913
48795
50507
52935
53380
53829
58923
62345
62569
62980
64952
66313
68313
70340
70542
71998
73743
77114
89434
91216
91540
92664
94321
2903
10202
19210
20682
22598
25806
28707
29492
31961
33220
270
448
3818
4489
4746
9213
19100
19298
23935
24368
28360
28973
33752
35183
39552
42678
43000
44573
44844
53045
1950
2659
4300
5800
6279
6284
11914
12255
13178
13418
15103
16300
17345
18335
18502
19524
20152
23104
26343
27545
29910
33720
37234
37352
40576
43746
44900
45569
50188
51666
70190
77463
94858
2108
3297
5764
8443
12450
19405
28009
31662
35000
40569
40746
44587
83592
3385
11156
14186
24038
32096
46194
47279
47692
55598
58075
65399
82525
92963
1213
3903
5487
6218
6421
8419
8898
9634
9945
10483
12901
13844
15584
16192
17426
17664
18777
19115
20441
20454
21747
22711
22872
23801
26237
26294
26954
27072
27445
27604
27999
29700
29953
30977
32788
33342
33639
34329
34923
35286
36464
36628
36648
36765
36836
38238
39809
40726
41984
42000
43644
43844
46255
46459
49513
50030
50726
55503
56108
60350
60497
61613
61928
62078
63118
65141
65870
73661
82714
82928
91978
93631
1859
8116
8623
12197
12427
15851
15906
21149
21369
23748
24864
25164
27522
31654
43853
44932
56165
63320
72280
1028
1260
11955
12071
12134
13744
21769
23425
24219
24367
25471
25712
26887
31584
33742
37094
37744
42929
43260
47857
51642
54397
64706
1164
1949
5818
6084
8117
9128
9621
10355
11321
14995
16400
16786
18668
20066
21159
21663
23661
25367
25523
26380
26681
29310
29491
31212
35975
38631
41103
41933
44159
44773
46108
46210
54150
54374
62697
65529
68769
69897
73078
73533
74945
77691
82323
86265
87266
95305
3262
5310
9021
9724
12026
17510
18816
25720
26062
29582
33111
34872
34912
41615
43408
43835
44491
44884
45605
46793
50233
57112
63276
64723
86715
87500
94170
8231
12794
15279
16933
29479
32343
35313
46284
56598
59231
62151
64541
65982
75853
78358
90118
110
1489
1592
2259
3168
4197
5572
5692
6189
6720
8612
9211
10111
11710
11790
12557
12593
16436
19603
20056
20227
21158
21183
22250
22306
24727
25380
25420
26204
27153
28470
29527
31198
31403
31436
31521
31737
32467
32781
33777
36706
40493
40802
41150
41868
43280
44578
46521
47988
49714
51347
52059
53349
54751
56421
62595
64682
68218
74781
74922
77311
84271
88008
216623
245580
1196
1305
4233
6531
7127
8312
11105
14206
18528
18740
18991
19515
25224
28459
32009
35808
43792
51833
60073
82485
95558
2322
5271
7685
8072
11447
12917
20590
21731
28416
29457
31951
38628
74734
3339
4263
4845
7341
7589
7711
9013
10141
10732
10856
12272
16345
16741
18730
22070
22731
23046
23638
26974
27384
28384
31285
32563
32655
33268
34547
34942
35914
36416
36939
40252
40645
41553
42876
46936
47501
48393
50465
55432
58384
61383
61797
62124
71274
72310
73355
75461
76035
86664
91035
218940
688
4361
4575
4929
7979
8887
11880
13555
14572
14738
15571
16634
22167
28103
32147
33580
43082
43188
43929
47305
50062
51087
57000
58717
76787
78157
90130
12368
17147
36372
41535
47597
49992
56757
56911
57353
65409
85377
758
1517
3400
3503
3726
4048
4846
5937
7390
9638
11842
12662
12691
14266
14297
15588
15758
16299
17543
17899
18296
18874
18946
19410
21436
23057
23531
23762
24033
24781
25468
25736
27191
31418
31516
31606
32608
32748
33344
34176
36406
37331
38112
38518
39281
40830
42012
42683
44923
45306
45965
46366
47424
49651
52232
54874
56066
56180
56439
56933
60481
61037
61835
63781
67504
67821
67950
69298
71290
72072
72645
79118
92204
198980
3252
6604
10306
12380
14400
15170
20748
22541
23016
23378
23540
34459
36953
46848
49211
54476
86055
87991
89563
94394
2835
4847
7726
12242
12858
16261
17900
22778
23664
24960
26101
50057
51266
58345
59500
62501
65604
66074
74946
77769
566
891
2286
3251
3305
3581
3671
3789
4899
5152
5363
7458
7778
7840
8070
8549
9218
9772
10812
10969
11516
13002
13324
15745
19827
20206
21214
22071
22957
23951
25256
25977
25998
26205
27050
27419
28025
28397
28477
30230
31925
32145
32490
32918
38365
40659
41468
42909
44095
44457
45309
46617
49531
50580
51441
51730
52907
54360
54509
55728
55812
55867
56250
57530
59181
62751
63606
65297
66862
69344
71328
72631
76828
79506
85943
86072
196829
857
2201
5846
5939
7381
7571
10369
13688
15394
15707
16295
17290
20368
21042
21343
21464
26126
31617
34093
34932
37787
40568
43476
43763
44182
50716
53441
76932
81845
84497
87502
2838
5633
11078
12922
15309
16115
16648
27194
37741
38706
40803
44096
44140
48204
48440
50821
50857
51161
61442
65705
75988
1962
4605
4925
5009
7978
8380
9336
9614
9822
10997
11451
11632
12171
13268
13805
14692
14702
14981
16008
16270
16800
17092
17111
17393
17693
19632
21773
22184
24403
24462
24824
24932
26902
27260
27630
28946
29407
29738
32010
32076
32331
32550
33089
33301
33718
34136
34406
34734
36333
37593
38420
38488
39148
42615
43615
45003
45896
48002
52611
53666
56193
57357
60106
60294
61269
65623
68041
69921
70271
71940
72731
74243
76500
79933
83241
84239
84426
86196
87117
89853
92216
94252
1184
1701
3057
3940
5411
5924
8552
9444
15272
15542
15600
15762
16606
21512
22392
31968
34624
35895
41204
48279
49618
59229
68935
79538
83290
87656
95449
1851
2254
4508
11206
14194
14215
15233
17380
19659
20446
28457
40485
42227
48219
50912
64661
78019
91247
768
1191
1382
2033
3111
3883
4811
5385
6545
6835
7185
7421
8883
9079
9268
9550
9799
10700
12528
13375
13538
15192
15337
16880
16943
17353
17617
18453
18738
19264
19275
20618
21033
21330
21549
21772
21820
23326
25506
25645
26588
27614
27719
27743
28571
29309
30869
32818
33119
34651
35306
35617
37281
37998
38013
39074
40293
41339
41774
42884
43190
43741
45128
46239
47772
49406
51197
52220
53579
54051
54378
56940
56974
57042
57441
57576
58282
60173
60840
60876
61153
61303
64811
65669
66300
68981
69577
73504
74319
75771
76706
77218
78574
80317
82047
82316
82515
83902
84969
222957
246389
1583
1805
3634
3811
5380
7304
9655
12547
18778
20250
20439
26699
27410
27628
27730
29190
32995
34797
42364
45553
57250
61889
68701
69226
69231
73250
78242
92625
162987
679
3078
6213
8252
8550
9123
10262
10928
14496
14829
15280
16414
16585
21178
22670
23790
24497
30894
33724
35433
39844
41584
43511
44254
47743
59600
64406
65759
69443
72567
75538
81010
82455
82944
84396
84643
89637
90411
91456
91748
1612
1842
3197
3791
3881
4059
5801
7805
8272
9095
9683
10076
10321
11119
11157
11531
12147
13794
14715
15603
16668
16924
18275
18322
19960
21340
22140
22848
25412
26331
26528
29637
30371
33306
36867
37566
37637
38512
38618
38715
39805
40570
41261
44205
48908
51265
52144
52718
54457
56133
56597
56623
57086
58073
59141
66768
68328
68901
69255
70376
70391
73197
76957
82355
83947
86261
89069
89117
89826
90363
91071
91636
92278
1339
2177
4210
8224
8229
8583
10981
11090
11395
12019
13197
14105
14737
17080
17957
18436
18824
20040
20095
22437
24054
26427
26477
26816
28257
33928
36370
39412
45351
49131
55415
60662
72141
82800
86379
90581
92413
645
915
979
1584
2382
3879
5619
6243
8282
9420
11858
12727
15612
17829
22112
28125
30262
30320
36093
44083
44469
46279
49545
52487
55281
57195
58017
59307
79394
88186
89676
91251
1359
2015
2154
2169
2525
2765
2999
3837
4469
4578
4681
4817
5230
5466
5926
6059
6274
6729
6789
6846
6895
7580
7595
8120
8770
9094
9392
9843
10163
10211
10445
11220
11524
11572
11810
12123
13015
13037
13047
13500
13624
13718
13876
13918
13961
13964
14077
14162
14563
15058
15169
15201
15471
15589
15611
15699
15900
16169
16377
16549
16646
16760
16776
16985
17094
17227
17625
17723
18457
18470
18974
19606
19667
19821
19860
19865
20311
20485
20785
20858
20887
21079
21254
21712
21794
22041
22668
22860
24296
24303
24312
24350
25265
25383
25725
25779
25838
25851
26227
26857
27530
27566
27573
27602
27780
28546
29541
29545
29674
30027
30173
30218
30261
31005
31273
31552
33314
33362
34241
34438
34626
34646
34766
35081
35727
35937
36056
36734
36749
37306
37780
37969
38200
38222
38227
38477
38655
39797
40712
40797
40947
41014
41050
41369
41998
42436
42744
43032
43083
43187
43442
44037
44199
45260
45343
45848
46143
46466
46609
46931
47285
47436
47617
47721
47841
48118
48470
49006
49215
50151
50220
50427
51086
51866
51888
52195
52464
52473
52783
53304
53569
53733
53908
54279
54391
54738
54965
55036
56014
56316
56430
56695
57954
58191
58278
58617
58762
58849
59531
59808
59905
60333
62782
62837
63065
63789
64331
65765
65886
66275
66539
66544
67484
67605
68957
69726
69947
70383
70440
70839
71334
71963
72540
73017
73158
73892
74399
74533
74735
75130
75329
77043
77383
78001
78013
78081
79046
79066
79464
81057
81274
82061
82912
82922
83374
83655
84572
85061
85183
85338
85416
86384
86514
87351
87359
87522
87716
88325
88337
90371
90691
91443
92076
92151
92696
92811
93347
94931
150106
168556
184085
191107
192398
199189
208745
215495
222266
226699
229337
234872
242332
1606
2976
4679
4693
5437
5827
8858
10864
10878
12312
12908
13706
15665
17456
17789
18154
18695
18725
18939
25007
25773
27280
27996
29482
34771
45438
56262
84642
1291
4877
5130
6168
6376
7691
7853
8792
8812
9380
9467
9507
9825
10151
10717
10751
11060
11245
12930
13569
13995
14205
14331
15191
15363
16165
16525
16638
17027
17082
17432
17477
18052
18061
18382
18542
18764
19371
19388
19686
19970
20946
21892
22469
23178
23388
23738
24804
24838
25005
25485
25794
25932
26052
26309
26705
26914
27892
28267
28473
29164
29262
29418
29647
29667
29985
31656
32315
32382
32411
33214
33363
33378
34022
34060
34812
34925
34930
35311
35382
35459
35758
35980
36086
36253
36295
36331
37026
37663
37922
38505
38664
38776
38896
38976
39350
39758
40052
40312
40720
42100
43478
45342
45400
45861
46253
46325
46776
46927
47956
49163
49296
49374
50128
50239
50981
51300
51899
52098
52151
52310
52748
52924
53021
53753
53938
54513
54681
55582
56548
56826
57127
57260
58196
59688
59754
60699
60947
61299
62529
62546
62671
63155
63717
63987
64707
64792
65230
66638
66905
67011
67374
67657
67828
68072
68111
68343
68552
68903
70120
70162
70277
71194
71821
72472
72499
75145
75334
76284
76435
77046
78325
78973
79237
79522
79770
80516
80725
81151
81586
82298
82612
84023
85181
85295
85418
85866
86343
86412
88374
88929
89123
89600
90639
91271
91968
92858
93692
95297
167479
184006
187888
210338
211178
229363
231442
233511
479
1225
2327
3192
3587
5419
5837
6153
8150
8212
9277
10737
10891
11477
11666
11785
12388
13738
13945
14398
14685
15838
15916
16346
18059
19969
20390
21378
26468
28255
28354
28924
30358
30821
33740
34966
35002
35726
37980
38637
40887
41089
41454
43039
44091
45038
47347
47500
50426
51822
52665
53691
54033
54817
56885
58716
59626
59763
61570
61678
62250
63974
64069
64558
66045
66729
68369
68775
71896
73598
73643
73846
74525
77064
77632
77791
80321
80433
81684
82334
84744
84843
87322
88110
88725
92610
94969
95677
1101
2280
5473
5742
9826
11433
11771
14377
14407
16932
17431
20073
20694
22863
24742
25504
27382
27868
28097
28471
30319
32260
34858
38838
48142
48485
55606
55792
74082
3264
7762
11143
11806
13160
13606
15240
15724
16164
18183
19079
19145
20555
22016
22342
26048
26490
27043
28190
31769
32954
37212
43771
45252
47838
57867
64146
71501
88086
2770
5201
5557
6475
7479
7499
14314
14445
16833
17533
17724
18126
20220
23295
24336
24773
25074
30857
33371
33660
34810
46664
50714
50763
51093
58671
59529
63069
71452
76736
79381
83113
208489
228051
2304
3931
5850
5900
6073
6689
7382
7637
7861
8084
8168
8279
8351
9001
9399
9474
9582
10034
10093
10762
11604
12187
12416
12690
12705
13055
13242
14214
16379
16855
17594
18105
18310
18886
19473
19650
19795
19893
20314
21215
21782
22141
23379
23605
23642
23648
23685
25583
26571
26612
26841
27266
27307
27350
27616
27806
28048
28399
28578
29153
30346
30499
30640
30915
31610
34181
35036
35949
36521
38378
38755
39998
40124
41237
41286
42438
42911
43522
43921
45329
47540
48271
51092
53207
56455
57178
58120
58504
59106
63070
63898
64816
64883
65042
66322
67625
69813
70807
71634
72105
72933
78000
78154
79193
79268
80310
81582
82643
85446
87619
89018
91077
91125
93230
95521
95620
159156
162863
241066
97
251
1488
1514
3537
4092
4686
5420
5745
6648
6651
6874
6946
7344
8086
8238
8269
9052
10018
11136
12194
12780
13982
15672
15749
16011
17375
18838
19492
19962
20160
21328
23066
24876
26558
27086
27567
27750
28767
30211
32391
34016
37201
40474
41451
42389
45830
45867
45912
47214
56546
57020
64958
68954
82459
93141
176067
5677
7625
9391
9789
13667
15487
17100
17977
18544
22232
24083
28535
31692
32749
51880
61468
62446
77823
88295
1964
2241
2676
5057
7763
8511
9895
10253
11896
11976
11983
15007
16821
17366
19276
24370
25304
28701
28898
30688
31012
31971
32944
34519
34532
37437
41437
42169
58725
59689
66508
72783
73280
93393
2063
2689
3312
4617
5549
6229
6403
6978
7710
8927
9881
9928
10985
11757
11804
12034
14796
15044
15421
15616
17322
17362
17424
18085
19136
20126
20282
20815
20838
21516
21544
22302
23073
23118
23405
23474
23641
23954
24754
25209
25731
25970
27432
28356
29274
29400
29480
29858
29992
30650
31471
31588
32137
32998
33310
33406
33407
34447
35560
36662
36844
37072
37121
39286
41055
41282
41718
41939
42154
42161
42616
43169
43393
44530
47399
47588
47717
48851
49245
52591
53237
53822
55744
56997
57149
58350
58623
58918
59234
60865
62720
63880
65794
67008
70629
71647
73728
74328
88423
88437
90694
95349
209011
235181
3552
3975
3991
7182
8589
9651
10776
11045
11195
11438
14255
14636
15710
16988
17239
19173
19435
20125
24676
24726
25830
28191
30107
33060
35044
35571
35893
38000
38734
39771
40271
40468
40799
43150
44555
45924
51695
51741
53379
56764
67528
71679
73595
95272
171588
1416
5510
6836
7687
12865
16376
16468
17857
18120
21024
32320
35695
44023
44794
51018
56024
58522
59460
64455
64557
93167
158
582
2562
3180
3199
4149
5708
6268
6478
7107
7354
7618
8147
8343
9075
9568
9751
10372
12311
15504
17915
19417
19489
20110
20711
21439
21759
24186
27764
27903
29108
31941
33898
36501
42618
48608
52622
55804
72781
84644
590
1793
3613
5431
5657
7389
8112
8571
8713
8829
9900
11084
11539
12349
12813
13143
13272
14427
14712
15412
15430
15925
16368
17638
17844
18274
18325
19305
19346
20897
21200
21706
22344
23109
25033
25166
25539
26002
26501
26561
26637
27421
28617
28649
28717
30437
30568
31251
31841
31931
32144
32488
32798
32880
35299
35452
36040
36154
37284
37526
38236
38445
39078
39634
39741
39924
40314
40518
40681
41034
41086
41259
41848
43189
43268
44297
44746
44934
48275
49639
50176
50304
50480
51379
51644
52060
52288
52408
54656
57308
57488
57768
58679
58723
59641
60275
61670
65217
68620
72322
73840
76506
76888
81350
84391
85503
90609
91332
95362
1573
2783
4404
4839
5425
7867
7910
8429
10187
11698
13542
13838
14532
17133
17413
18089
19936
20459
20878
21575
21748
22125
23639
25621
26352
27700
29763
31559
33170
33265
34826
37170
40835
41960
45030
45392
46040
47731
48588
53074
60003
62332
63636
66349
68550
69964
73442
73477
82170
89413
92226
744
2644
4657
5532
5777
6539
8719
9227
10782
11932
16241
21907
24528
25054
25113
28238
30927
31114
33586
33609
34085
36748
43138
48675
49237
49617
52494
52565
53376
68802
72346
86377
928
2668
8541
8836
9487
13101
13648
14698
15361
16435
17162
17545
19660
20338
28305
30475
35853
37759
38390
38775
40399
41657
42078
43618
46689
50143
52456
54867
56495
57599
60162
62116
64298
79201
84273
1554
2563
2751
3981
5140
6085
7897
7955
8907
9234
9415
9690
10173
10276
11631
12254
12610
12899
13104
13397
13651
13798
13814
13891
13971
14340
15229
15409
15639
16487
17099
17123
17316
19666
19703
19859
20476
20549
20955
21489
21971
22304
23258
23491
23665
24440
24730
24939
25020
26322
26464
26473
28348
28435
28561
29370
29386
30155
30196
32740
34510
35643
35667
35691
35786
36159
36524
38247
38570
38581
38598
40443
40723
41028
42099
42360
42850
42989
43176
43922
44149
44602
44713
46128
46625
46790
48232
49405
49664
49776
50155
51089
52189
52191
52213
52357
54241
55802
56438
56518
56532
57038
58042
58699
59653
60491
60584
61309
62836
63575
64006
65063
68197
68876
69033
69832
72075
72479
73054
73441
74335
74648
75054
75452
76081
77303
80285
80823
81264
83728
84247
84591
84637
87314
91613
93243
93750
172064
187931
1197
3974
5383
5828
6359
6429
6886
9757
9870
10436
11400
11431
11717
12404
12489
13177
13331
14030
14739
15895
16594
17049
17690
18305
19581
19899
20166
20170
20657
22453
23740
24579
27183
27380
28544
28723
29353
29686
30181
30373
30488
30675
31151
32856
33544
37154
37574
38321
40961
41538
42199
42451
44341
44846
45259
46423
46705
49096
49419
49516
49669
50938
56004
56009
57707
58768
58938
60239
60480
61934
62475
63682
66351
67677
71552
71802
73681
75007
77944
79404
83359
83639
85596
89562
93034
94085
1183
1549
1672
2975
4169
7157
7351
8275
8295
8663
10209
11150
11465
13452
13837
14272
14691
15813
16566
16957
21272
25175
27803
28943
33336
33508
34397
37531
45277
45919
46490
47404
47781
53140
54318
62959
69017
70518
71522
78119
87033
89542
90181
1632
1841
2974
5477
5678
7417
7575
7806
8193
8672
9735
9857
12361
12630
12834
12995
13063
13269
13862
14189
16228
17787
18308
18722
19636
21136
23522
27662
28168
28241
29806
30511
31456
33583
33971
35541
36196
37984
38712
39776
40290
42080
42272
42812
47709
48831
54712
58371
68390
68962
70266
74270
74701
83758
86926
243343
113
166
1198
1273
1378
2437
3907
6465
6620
7272
7301
8264
9034
9263
9745
10795
11348
11630
11735
11986
12645
13239
13636
13840
13859
15165
15176
15792
16733
17376
18010
18843
20225
20461
20766
20957
21027
21916
21922
22296
22447
22592
22981
23544
23909
23986
24289
24295
24344
24360
24536
24787
26037
26143
27321
28235
28382
28706
29845
29872
30017
30104
30738
31024
31720
32656
32712
33970
34570
34833
36925
37517
39109
39840
40730
41884
42279
42852
43882
44147
44154
44702
46032
46048
47833
48636
48932
49671
50226
53016
53596
54109
56236
57241
58593
60176
60255
60518
63281
63489
64312
64357
64422
66821
67845
71448
74565
75462
77033
79666
80032
81116
82558
83205
83808
83841
84152
84635
87423
88183
88300
88512
92266
92434
93517
94640
3071
4044
4410
5047
5997
6351
6672
7023
7977
8101
8185
8446
8548
9612
10484
10861
11362
14283
15246
15626
15732
15742
15918
17175
17752
17943
18014
18252
18381
18794
18869
19222
19604
21260
21559
21617
22445
23169
24060
24531
24580
25128
26486
26507
27845
28468
28731
28887
29286
29581
29854
30269
30672
30852
31377
31445
31911
32925
33750
35901
36783
37250
38786
39334
39390
39923
44052
44543
45783
46808
47090
47622
47954
48064
48218
49170
49305
49324
51005
52789
53261
54713
55823
56279
56627
57538
59802
60132
60291
60894
64285
66828
68829
69193
69725
69876
70160
72613
73610
74183
75177
76138
76431
77322
79774
80100
81944
82015
85037
86018
87098
87828
88571
88905
91260
93090
93148
95386
211342
2907
3864
5381
6757
7682
8210
10944
10957
11009
14660
15030
19307
22702
27114
27593
28815
31918
33744
35407
37877
42177
42760
49769
54667
63011
64836
66239
81021
235
543
1055
2303
5561
8884
9061
9481
10041
11215
11324
12205
12460
12642
13043
14021
15446
16539
16694
16714
17640
17811
18330
18927
19963
20559
20655
22676
23400
23618
25936
29523
30052
30784
34413
34780
35121
39441
40099
46577
46870
47092
53070
54771
59966
60831
63157
63702
64381
70454
74444
75528
86047
86236
92975
228744
149
1136
1348
4405
4730
5969
6068
7024
7055
8083
8420
8498
8569
8878
8947
9298
9867
10361
10620
10624
11534
11579
11753
12920
14007
14163
14381
14711
16787
17229
17334
17420
17487
18028
18395
18610
18708
19559
20256
20424
21323
22096
22246
23408
24079
24376
24947
25351
26222
26651
29549
29753
30182
31727
31820
31871
32168
32293
33299
33401
33932
34879
35308
35374
36074
36114
36976
37130
37205
37727
39874
40413
40608
41279
41438
42173
43130
44043
44625
44898
45271
45610
46277
47065
48116
48453
49153
49520
49945
50009
50957
51454
51514
53182
53654
55658
60020
61639
61698
62138
64425
64781
64891
65313
67360
68459
68502
68586
68890
69724
70312
70349
71511
72803
72916
74256
74757
75454
75649
76582
80047
80740
83275
83929
84387
85140
85475
87454
88452
88884
92675
93122
186779
2328
2335
2405
2630
3030
3248
3320
4339
4539
4643
4751
5804
6086
6493
6678
6680
7005
7112
7493
7510
7608
7761
8328
8330
8365
8440
8817
8831
8992
9100
9180
9331
9361
9931
10104
10192
10307
10393
10408
10927
11041
11044
11057
11271
11385
11441
11454
11942
12077
12674
12689
12720
13080
13091
13403
13912
14368
14784
15120
15194
15374
15499
15544
15661
16068
16381
16410
16570
16644
16891
17043
17058
17310
17481
17674
18388
18392
18687
18999
19274
20038
20430
20444
20664
20670
20685
20722
20736
20797
20943
20963
21567
21639
21660
21817
21870
22082
22176
22624
22632
22830
22967
22980
23288
23497
23591
23600
23851
23926
24204
24568
24662
24886
25430
25455
25801
25816
25868
26215
26234
26242
26273
26284
26608
26769
26898
27597
27672
28402
28671
28713
28880
29094
29337
29404
29472
29652
30135
30537
30632
31007
31508
31625
31946
32364
32650
33152
33302
33632
33634
33837
33946
34066
34483
34636
34668
34951
35118
35234
35614
35978
35985
36165
36506
36781
37057
37139
37640
38362
38540
38778
39444
39487
39604
40186
40215
40557
40890
41294
41824
41863
42371
42653
42872
43001
43168
43472
43725
43828
44026
44414
44628
45127
45266
45460
46134
46137
46181
46348
46356
46373
46580
47433
47446
47626
47656
47914
48357
48894
48917
49169
49187
49403
49533
49836
50500
50693
50702
51230
51241
52100
53037
53114
53429
53442
54759
55350
55363
56394
56613
56700
57261
57265
57415
57423
58188
58219
58304
58524
58860
58972
60367
60404
60782
61010
61400
61801
61906
62109
62261
63299
63412
63492
64132
64881
65819
67290
67445
67486
68042
68236
68282
68298
68359
68926
68998
69024
69112
69785
70942
71073
71101
71660
72357
72454
72782
73316
74027
74190
74863
76514
77019
77028
77165
77207
77330
78872
79971
81307
81406
81992
82996
83186
83421
83445
83708
84176
84441
85510
87178
87980
89180
89274
89583
89848
90594
91605
92049
92974
94205
95071
95153
163380
168891
184843
211405
215260
233173
242333
122
2537
3986
4387
11939
12887
15463
16640
21170
23130
24209
25030
27857
27950
28837
39920
43120
43365
43552
46408
46781
49550
50358
55124
58364
58987
68891
92649
200205
518
1320
1840
3422
3762
3922
4542
5851
6674
7555
9403
11359
11415
12561
14472
16063
16070
16613
16717
18044
18346
19348
19504
19584
19655
20640
20654
21257
21475
22384
22921
23837
24656
24689
25719
27205
28041
29016
29709
29732
29754
32254
32633
33431
35983
36677
36884
37168
38194
41710
41883
42367
42739
46261
50534
51859
52332
52931
54294
54488
54816
56445
59666
59733
60907
61669
61772
67463
68574
72244
73401
74179
80017
80483
81066
81269
88036
89432
93687
818
1356
2137
2337
2395
2589
2616
4209
4892
5116
5126
5654
6208
6773
7591
9035
9433
9620
11936
12546
13151
13223
13392
13775
13823
13979
14056
14060
14144
14579
14630
14907
14976
15178
16212
16260
16500
16946
18459
18873
20579
20987
20990
21125
21435
21661
22030
22067
22876
23277
23713
25255
25664
26042
27650
27781
28173
28446
28631
30883
30960
31082
31640
32381
33113
33272
33553
34563
35787
36142
36970
38613
39675
40430
40684
40948
41231
41534
44175
44524
45035
45097
45288
45871
46914
47072
47580
47919
48529
48870
48905
49068
49941
50317
50508
50644
50913
52695
53177
53573
54044
55530
55832
56037
57396
59487
59924
61759
63927
63983
66396
66444
66870
67857
68194
69251
69865
71147
71750
73425
73875
74225
74646
77267
77391
78583
79035
79761
80224
80557
81188
81444
81645
81761
83562
83714
84436
84541
84833
86090
89255
89506
91907
94140
2383
3217
4782
5661
5770
5869
6254
6259
7622
7665
8209
11351
11830
12062
12270
12976
13057
14074
14895
15513
15575
18115
21104
21121
22152
22207
22441
28999
32570
33767
37395
48020
48361
49172
51983
54247
64914
66254
80527
236
859
1437
2084
2225
3015
3460
3832
4503
5041
5830
6415
7134
8368
9984
10135
10252
10468
10533
10557
11587
12506
12964
14185
14390
15393
16307
18270
18574
19178
19306
19389
20412
20484
21054
21138
23117
23941
25835
27559
27756
27891
27971
28024
28495
30370
31291
31989
32239
32341
32641
34885
35072
35296
38703
39291
41606
42530
46133
46522
46839
47558
48637
48743
49069
49126
53283
54065
58387
58658
59364
67210
67710
68323
70564
76289
76729
80025
80440
81085
82073
82431
86325
86508
95410
238616
1934
2030
2656
4446
4629
5007
5237
5496
5826
6244
6456
7006
8314
8466
8475
9043
9148
9815
10243
10692
11124
11571
12235
12774
13521
13552
14651
14695
15928
15930
16108
16343
16528
16598
16783
16839
17117
17918
17939
18215
18460
18801
19011
19568
19610
19713
20662
20687
20814
21258
21337
21826
22019
22131
22456
22889
23263
23971
24732
24887
24937
25232
25299
25571
26056
26762
28032
28080
29088
29964
30826
31184
32074
32257
34441
34584
35399
35404
35995
37591
38474
39135
40154
40190
40522
40717
42506
44330
44823
45294
45307
45308
46230
47421
47685
48564
49107
49701
50817
50885
52070
52320
52525
53749
53832
53897
54562
56276
56558
56791
58124
60453
61802
61971
62059
62219
62285
62406
62815
64893
65721
66577
66654
69109
69635
70238
72960
73767
74075
74958
75260
77081
78297
81585
84384
84748
85832
86004
86376
89500
89755
90147
90907
91314
91601
92332
95298
3957
5248
6988
7121
9563
10130
11233
13874
15647
18071
18975
20663
21398
21453
21637
21898
23979
27159
28689
29420
29458
36303
43675
44952
48119
48796
49897
52618
59042
60477
63117
65496
69305
73289
75323
81253
83553
88351
90616
91850
2580
2647
3516
4294
5864
6148
6446
6453
6754
7032
7539
9785
9911
9948
9978
10344
10596
10641
10791
10934
11821
12138
13425
15518
16040
16738
17406
17722
17751
18402
18748
19521
20054
20078
20290
20341
21081
22006
22709
23226
23343
23734
24183
24200
24305
25228
26214
26271
26519
26709
26961
27420
27423
27571
27960
29313
29844
30851
33503
34099
34499
35551
35633
36529
39084
39399
40302
41355
42109
42458
42583
44255
44485
44629
46306
47587
47646
47726
47927
50589
50757
51119
52992
57807
57872
58190
58351
58391
62244
63073
63656
66029
68279
69702
72390
75579
82206
83398
87317
89454
90002
90051
91493
92188
93234
175267
634
1579
2093
2867
2925
3744
3995
4176
4228
4601
4720
5352
5462
6705
6796
7527
8748
8917
9280
9466
9852
11305
12040
12128
12307
12569
12900
13485
13642
14190
14267
14504
14701
14823
15145
15381
15403
15525
15737
16037
16085
16128
18396
18700
18781
18932
19673
19725
19735
19815
20124
20397
20999
21710
22377
22517
22986
23578
23815
24084
24564
25073
25626
26218
26834
26903
27113
27355
28164
28519
29026
31101
31367
32591
32883
33861
34327
34559
34674
36482
37742
37848
38743
39261
39868
40051
40106
40741
40767
40874
40932
41326
41380
42489
42771
43179
43502
43613
45161
46027
46095
46351
46517
47165
47567
47976
48021
49288
49353
49456
49581
49657
49713
49748
49860
49982
50559
51657
51796
52797
53044
53184
54094
54638
54726
55289
55818
56594
56703
57003
57474
59710
59718
60265
60462
61195
62912
63548
64754
64882
65150
65495
66546
66978
67209
67575
71003
71039
71180
71942
72000
72361
73141
75489
75495
75541
78263
78289
81016
83098
83372
84194
85232
88146
89898
90117
92473
93030
94379
226
2346
2595
4674
4993
5088
6553
6556
6779
6802
7768
9944
10266
10772
12048
12741
13112
17269
17628
18702
20956
21521
21694
22000
24275
24649
29109
29297
29993
32198
33295
34015
37183
38944
42802
43831
45902
46703
47064
47930
56366
61336
62304
63099
63603
63673
66007
66854
72364
73173
74120
75652
75751
80234
83073
89759
94724
95260
1837
2476
2603
2831
3952
4042
4638
4707
4770
5309
5489
5493
6132
6179
6234
7279
7326
7436
7541
7543
7576
7751
8219
8920
9119
9615
9672
10956
11100
11317
11490
11715
12334
12395
12725
12737
13531
14172
14285
15467
16038
16111
16229
16239
17077
17140
17155
17560
18258
18434
19337
19390
19668
20933
21219
21603
21711
22270
22674
23900
24470
24571
24799
25573
25798
26035
27221
29216
29463
29783
30280
30546
30593
30733
30956
31950
32792
33112
33283
33472
33565
34873
35679
35944
38094
38333
38563
39744
39770
41120
41565
42932
43219
46455
46607
47126
47164
47383
47419
47471
48352
48971
50245
50319
50569
51285
51498
52736
52847
53385
53739
55914
56415
56578
57079
57814
59176
59890
59977
60182
61473
61507
63738
66592
68005
68508
68565
68831
69325
69505
70013
70254
76892
77031
77947
79342
80018
80344
80466
86806
87506
87749
88670
90419
91925
93622
228753
139
1477
1564
3308
5079
5990
6427
6579
6766
7393
7448
7735
7879
8326
8336
8430
8786
9385
9389
9577
9579
9886
10050
10169
10257
10842
12394
12793
12984
13939
14434
14649
14877
15344
15495
15640
16160
16268
16873
16967
17430
17962
18560
18827
19012
19046
19187
19592
19600
19944
20533
21306
21506
21600
21828
22024
22965
23032
23302
23429
23564
23937
24163
24930
24976
25828
25913
26442
26532
27127
29115
29502
29574
29723
30906
31199
31205
31443
32623
32692
32889
33067
33351
33567
33694
34050
34426
34473
34569
34753
35318
36014
36891
36979
38148
39300
39476
39499
39637
39648
39721
39821
40148
40337
41213
41266
42106
43071
43337
43493
43561
43564
44486
44534
45112
45174
45217
45544
45991
46341
46595
47010
47272
47997
49989
50012
50029
50075
50564
51202
51765
51929
52754
52922
52961
53523
54851
55008
55108
55195
55573
57106
57913
58142
59080
59502
61816
62256
62984
63056
63196
64403
64818
64987
65234
65582
65654
66282
66658
67185
67235
67654
68259
71939
72707
72838
72965
72998
74011
74117
74931
75048
75496
75549
76531
76982
77742
77971
78490
79577
79624
80365
81303
83229
83546
84510
85222
85252
85519
86824
86916
88251
91526
93447
222436
247
1545
1790
2106
7430
7632
7964
8161
9282
10701
12779
13077
13393
13539
14443
16936
16940
17197
17982
18222
18814
24293
24364
25264
27223
27247
27345
27995
28953
30529
30724
30755
31515
32929
34125
34133
35672
36901
37447
37740
38207
38372
39881
40548
40551
41162
41815
41902
44462
45173
45616
46660
48906
54529
60601
63854
67503
70204
71903
79724
81486
84160
84282
87110
87416
89497
92607
225352
1342
1526
1867
2028
2389
2651
3201
3250
3355
3379
4242
4585
4809
4850
4903
5550
6167
6675
6873
7093
7274
7790
7913
8181
9063
9414
9515
9535
9835
10078
10564
10703
10865
11004
11350
11756
12009
12096
12868
13014
13812
14125
14132
14169
14221
15296
15636
15766
15953
15955
15968
16035
16107
16137
16145
17234
17532
17629
17958
18003
18066
18690
18729
18871
19457
19814
19995
20353
21070
21209
21342
21798
21948
22073
22241
22471
23255
23693
23818
24308
24398
24544
24700
25019
25469
26261
26684
27022
27204
27208
27482
27709
28661
29303
29431
29505
29683
29697
29781
30174
30278
30401
30623
30835
31179
31420
32170
32433
32674
33233
33764
34765
34874
35794
35865
37198
37824
37956
38114
38672
39051
39211
39343
39943
39961
41031
41587
41959
42473
42789
43523
43617
43664
44492
44683
44926
45191
45231
45403
45899
45964
46446
46484
46933
47499
47807
48136
48326
48887
49485
49868
50581
51072
51501
51505
51673
52117
52657
52778
53017
53270
54099
54275
54938
55435
55438
55557
55657
55950
56856
57297
58589
58844
59671
59926
60025
60484
62065
63396
63792
64028
64491
64886
65054
67039
70022
70342
71838
72470
72812
72909
73356
73391
75122
75131
76360
76717
76916
77316
77370
79513
80837
81194
81810
81898
83784
86272
87644
88803
89266
89324
89331
91053
94542
480
584
932
937
964
1072
1391
2292
2443
2714
3164
3241
3351
3761
4186
4588
5509
5583
6065
6466
6551
6839
6991
7523
7565
8191
8453
8479
9484
9569
9849
9853
10268
10301
10610
11273
11295
11448
11594
11980
12343
13286
13336
13449
13548
13568
14341
14566
15010
15595
15982
16117
17303
17603
17608
17948
18107
18643
18930
19185
19209
19411
19452
19809
20030
20172
20216
21279
21647
22147
22213
22421
23001
23548
23559
23637
23703
23907
24842
24904
25153
26150
26574
26596
26628
26685
26824
28292
28481
28833
28881
30928
30942
31162
31180
31219
31543
31753
32190
32271
32787
32821
33815
35025
35851
35977
35996
36724
37079
38652
39082
39200
39619
39870
40125
40950
41509
42082
42517
42723
42828
43004
43253
45395
45765
45785
45877
45904
46185
46976
47654
47773
48167
48205
48359
49017
50956
52569
52759
54419
55463
55846
56092
56246
57898
58308
58559
58636
58724
61210
62820
63297
63824
65275
65876
66973
67868
69001
69574
70051
70385
72012
72410
72671
73307
73335
73658
73833
74387
74604
76579
77689
78487
79173
79739
80872
80993
84101
84478
84941
85476
85571
85901
86523
86622
87006
87150
87826
88629
89088
89187
91416
93128
93616
94472
186721
222446
238692
1434
2004
2747
3268
3293
3706
4455
4840
5118
5366
5649
5936
6224
6554
7029
7535
8076
8621
9685
10234
10260
10561
10921
11219
11279
11489
12335
14490
14553
15391
15497
15962
16651
16722
16747
18125
18267
18461
20034
20142
21129
21303
22558
24472
24504
24893
25068
25095
25678
26908
27413
29765
29921
33075
33797
35221
35688
36067
36479
37586
37691
38329
39500
39581
40476
41499
44475
47596
48455
50352
51272
51672
52516
52615
53294
53435
54588
60004
60690
63452
68822
69768
72677
78257
81246
81250
86844
88919
93467
185440
231
433
1285
2568
2588
2655
2766
2955
3243
3694
3713
3788
3890
3997
4449
4452
4764
5194
6426
6928
7002
7065
7132
7328
7409
7662
7972
8081
8195
8686
8944
9195
9597
9623
9686
9733
9967
10057
10143
10336
11294
11315
11834
11925
11984
11992
12161
12222
12408
12576
12661
12697
12854
13193
13295
13955
14055
14300
14328
14730
14987
16021
16093
16385
16995
17009
17024
17291
17740
17834
18131
18465
18804
18936
19027
19271
19633
20420
20580
20612
20680
21246
21459
21844
21850
22038
22208
22793
22821
22824
22933
23513
23913
24300
24346
24484
24530
25167
25320
25559
25624
26963
27080
27271
27540
27584
27587
27670
27807
27906
27984
28663
28746
28862
28923
29044
29412
29517
29535
29672
29809
29934
29945
30284
32002
32117
32248
32368
32544
32556
32671
32783
32866
33042
33088
33449
33805
33991
34012
34150
34169
34311
34319
34445
34463
34719
35580
35767
35811
35943
36171
36412
36618
36773
36960
37405
38403
38453
38595
38836
38851
39545
39754
39801
40212
40878
41080
41289
41292
41332
41409
41642
41697
41888
41956
42057
42531
42960
42994
43210
43471
43935
45070
45132
45207
45551
46259
46275
46317
46508
46637
46962
47353
47665
47944
48039
48296
48408
48483
49147
49975
50252
50275
50657
50943
52166
52304
52655
52730
54254
54582
54659
55221
56075
56912
57949
58172
58236
58261
59230
59243
59457
59622
59780
60099
60681
61416
61471
62043
62550
62966
63878
64963
65753
66783
67095
67368
68397
68853
68918
69458
69977
70058
70617
70996
71432
73802
73972
74110
74216
74724
75180
75605
75860
75911
76108
76803
78284
78370
78588
79816
80187
80361
81984
82243
82892
83548
84076
84681
84926
85056
85470
86115
86671
86717
87419
87600
88656
89257
89494
89792
91240
92048
92304
92368
93409
94908
95088
95372
95637
157526
161530
172
612
897
1539
2076
2095
2505
2872
3104
3218
3557
3707
3770
4063
4586
4762
5401
5683
6188
6190
6377
7705
8273
8696
8980
9827
10203
10674
10925
10947
11034
11478
11794
11962
12007
12044
12107
12518
12927
13052
13114
13118
13230
13547
13641
14024
14164
14316
14356
14682
14788
14838
15130
16631
16642
17110
17201
17205
17868
18318
18440
18651
18746
18867
18977
19279
20279
20332
20547
20714
20731
21088
21704
21858
21869
22467
22806
23012
23566
23866
23973
24085
24591
24628
25093
25145
25528
25584
25865
26040
26192
26724
27021
27055
27150
27386
27731
27926
28105
28368
28810
29473
29487
29607
30148
30154
30368
30986
31470
31878
32236
32483
32619
32667
32759
32923
33192
33524
33535
33608
34313
34507
34936
35015
35041
35849
36605
36895
37323
37388
37536
37745
37944
38406
38484
38506
38572
38830
39270
39678
39693
39932
40295
40304
40403
40419
40581
40593
41295
42685
42836
43207
43735
44501
44944
45084
45563
45606
46730
47051
47464
48673
49256
49394
49649
50692
50752
50944
51118
51541
51635
51671
52015
53277
53583
53899
54157
54218
55526
56343
56678
56946
57028
57964
57980
58542
59841
60737
60998
61527
62076
62111
62700
62750
63359
63630
63852
64416
64434
64591
64928
65257
65507
65655
65787
66555
66756
68099
68403
68656
69180
69631
69966
70244
70309
70770
70780
70918
71066
71411
71548
73120
76370
77209
77281
77320
78334
78595
79139
79182
80481
80842
83495
84755
85514
85676
86039
87554
89923
90222
90619
92237
92650
95124
185671
187525
228326
742
752
831
1836
3086
4315
5546
5935
6546
6864
7027
7738
8039
8890
8910
10308
11038
11791
12435
12530
12721
13157
13173
13936
14250
15062
15614
16282
16421
16662
17390
17650
17770
17923
18260
18676
20978
21143
21201
21301
21307
22236
22367
22518
23700
23870
24848
25325
25628
26328
26621
26790
30807
35483
36802
37516
38318
39219
39393
39757
42849
43038
43782
44920
44978
46015
46132
48242
51105
51997
52078
52519
52712
59996
60296
61768
64726
65560
66976
68297
70116
70320
73956
75008
76674
85986
88341
89546
89616
90004
91037
92496
93655
749
1444
1481
1522
2293
2461
2485
2598
2679
2856
3226
3247
3257
3345
3458
3471
3472
3519
3548
3610
3785
3910
3969
4352
4392
4421
4447
4474
4649
4849
4871
4931
4957
5127
5229
5416
5622
5723
5756
6092
6155
6510
6664
6770
6837
6869
6945
6997
7152
7281
7287
7437
7470
7522
7667
7669
8003
8109
8202
8216
8352
8437
8504
8513
8525
8604
8637
8738
8891
8902
9007
9250
9254
9447
9558
9560
9593
9624
9775
9824
9833
9862
9865
9922
10011
10015
10133
10188
10200
10267
10338
10412
10465
10491
10527
10594
10602
10632
10765
10774
10810
10834
10857
10890
10894
11129
11131
11146
11345
11377
11387
11494
11751
11766
11814
11971
12006
12068
12135
12156
12271
12279
12319
12396
12499
12622
12628
12819
12845
12905
12998
13022
13045
13168
13313
13328
13395
13520
13557
13708
13726
13727
13770
13839
13926
14094
14124
14177
14180
14193
14399
14418
14446
14454
14501
14547
14642
14671
14744
14749
14858
14955
14996
15109
15208
15450
15494
15537
15549
15596
15713
15769
15958
16055
16262
16279
16291
16318
16326
16329
16447
16560
16607
16655
16863
16970
17018
17061
17071
17169
17270
17296
17328
17332
17402
17528
17575
17688
17733
17771
17832
17869
18038
18163
18206
18327
18331
18532
18537
18641
18715
18822
18839
18863
18982
19020
19097
19163
19172
19190
19195
19354
19460
19471
19509
19522
19731
19767
19796
19863
19965
19967
20000
20123
20212
20235
20259
20622
20632
20665
20689
20701
20846
21101
21123
21156
21286
21297
21390
21397
21538
21645
21648
21815
21861
22047
22168
22190
22244
22418
22455
22461
22636
22656
22675
22708
22739
22763
22792
22864
22929
22948
23017
23027
23157
23228
23269
23276
23695
23699
23728
23778
23786
23799
23964
24081
24298
24325
24408
24434
24438
24517
24562
24954
25006
25067
25115
25187
25211
25237
25249
25292
25315
25419
25688
25692
25823
25939
25989
26153
26260
26379
26437
26457
26462
26492
26579
26801
26886
26894
27320
27324
27416
27499
27654
27882
27895
28051
28067
28101
28148
28154
28193
28216
28223
28279
28358
28432
28859
28868
28889
28956
29060
29123
29192
29270
29469
29507
29550
29653
29707
29831
29846
29855
29877
29900
29969
29986
30058
30239
30240
30252
30289
30344
30411
30473
30498
30594
30615
30691
30713
30769
30799
30876
31104
31201
31342
31347
31528
31602
31778
31814
31835
31947
31978
32195
32311
32369
32457
32595
32615
32634
32741
32873
32921
33165
33226
33376
33377
33382
33418
33443
33495
33889
33936
34242
34263
34489
34653
34675
34745
34962
35339
35562
35621
35869
35878
36125
36194
36292
36445
36519
36676
36707
36822
36928
37266
37276
37301
37370
37380
37476
37485
37523
37613
37688
37796
37853
37923
37968
38172
38294
38320
38391
38429
38501
38577
38731
39155
39160
39233
39247
39360
39449
39477
39492
39672
39692
39700
39843
39878
39938
40056
40136
40263
40367
40378
40479
40702
40793
40818
41039
41182
41246
41440
41586
41787
41895
42096
42249
42463
42487
42606
42726
42837
42889
42979
43042
43095
43320
43324
43402
43419
43505
43630
43640
43680
43899
43902
43957
44038
44066
44211
44295
44300
44305
44340
44349
44397
44404
44487
44546
44601
44606
44615
44722
44753
44771
44843
44925
45031
45048
45059
45124
45253
45287
45339
45462
45507
45537
45557
45594
45595
45615
45625
45667
45802
45928
46001
46299
46472
46568
46569
46723
46724
46883
47045
47290
47300
47312
47602
47620
47821
47913
47978
48140
48188
48398
48413
48424
48671
48693
48825
48904
49011
49139
49261
49273
49307
49644
49741
49924
49959
49963
50087
50683
50734
50776
50804
50977
51135
51155
51179
51205
51394
51451
51590
51663
51792
51860
51958
52041
52175
52176
52199
52254
52299
52369
52400
52517
52638
52709
52711
52738
52752
52830
52949
53080
53121
53245
53293
53306
53591
53611
53630
53677
53683
53761
53881
54066
54170
54250
54262
54403
54591
54616
54706
54782
54835
54869
55054
55148
55190
55267
55338
55408
55713
55947
55981
56091
56468
56539
56593
56705
56862
57199
57555
57668
57704
57710
57779
57791
57933
57994
57998
58013
58360
58433
58637
58946
59070
59328
59376
59440
59463
59469
59509
59537
59794
59855
59859
59951
60478
60482
60526
60552
60943
61143
61312
61410
61557
61752
61979
61995
62050
62061
62068
62086
62134
62139
62305
62398
62507
62525
62611
62778
62833
62885
62929
62985
63204
63248
63262
63585
63726
63728
63733
63840
63851
63868
63881
64144
64174
64310
64371
64633
64646
64919
64985
65111
65174
65184
65199
65277
65305
65486
65510
65552
65571
65964
66028
66073
66256
66352
66685
66856
67172
67187
67317
67622
67623
67678
67715
67740
68064
68080
68117
68139
68159
68268
68362
68598
68611
68651
69107
69132
69270
69331
69551
69569
69587
69614
69685
69727
69907
70313
70368
70402
70552
70644
70679
70723
71065
71366
71389
71439
71626
71720
71764
71910
72040
72049
72060
72122
72130
72182
72216
72298
72414
72437
72555
72572
72785
72809
72837
73163
73313
73360
73520
73549
73642
73723
73749
74060
74122
74168
74252
74293
74321
74345
74551
74597
74670
74777
74799
74994
75092
75102
75152
75279
75314
75345
75396
75516
75715
75745
75843
75902
76005
76230
76264
76346
76412
76592
76622
76742
76926
77173
77423
77439
77625
77756
77810
77923
78316
78327
78526
78580
78848
79058
79143
79384
79401
79695
79744
79769
79799
79841
80084
80131
80149
80205
80212
80223
80265
80287
80334
80456
80562
80636
80931
80939
81427
81487
81635
81639
81896
82007
82024
82040
82225
82286
82295
82398
82651
82749
82802
82842
82870
83019
83146
83305
83315
83613
83822
84137
84203
84457
84640
84709
84716
84930
84943
85458
85477
85957
86116
86289
86340
86365
86401
86657
87132
87275
87625
87694
87756
88040
88216
88353
88384
88551
88975
89285
89391
89461
89603
89657
89695
89931
90011
90400
90415
90707
90720
90916
90948
91298
91508
91547
91956
92060
92064
92207
92464
92517
92576
92884
92910
93067
93195
93497
93592
94183
94399
94480
94492
94506
94535
94586
94606
94695
94751
94782
94890
94939
95466
162605
167532
176133
181476
182349
184883
186285
198538
202747
203968
204891
205228
205931
209062
219205
222023
225356
230638
232735
233221
243935
756
1376
1812
2005
2110
2954
3193
3373
4630
5056
5109
5287
5334
5660
5950
6026
6547
6850
6977
7043
7160
8317
8653
8667
8982
9026
9292
9678
9829
9960
10186
10950
11466
11803
11818
12145
12265
12414
12750
12883
13013
13240
13256
13786
14138
14239
14336
14569
14734
15004
15113
15298
15988
16187
16258
16297
16320
16398
16938
17379
18104
19009
19281
19285
19324
19888
19921
19961
21154
21714
21739
21879
22036
22970
23989
24048
24461
24533
24722
24749
24777
26282
26415
26806
26938
26975
27168
27197
27714
27858
28261
28449
28916
29751
30331
30339
32013
33584
33709
33853
34515
34643
34793
34866
34887
34893
34938
34973
35161
35662
36099
36453
36631
37069
37204
37701
37868
38975
39111
39380
39572
39931
39954
40009
40082
40259
40509
40941
41280
41912
42935
43295
43296
43486
43709
44526
44845
44948
44953
45577
45798
45941
46270
46597
46983
47645
47760
47849
48342
48596
48872
49719
50107
50733
51083
51277
51425
51525
51622
51763
52013
52309
52796
53196
53264
53513
53746
54837
55223
55457
56008
57389
57508
57644
58702
58780
59276
59902
60266
60470
61389
62867
63228
63568
63873
63943
64273
65058
65342
65903
66038
66231
66579
66584
66588
66702
67238
67448
67464
67747
67834
67978
68589
69765
69898
70585
70964
70974
71083
72218
72403
72595
72691
72766
72858
73872
74991
76436
77104
77142
77157
77924
78061
78197
79248
79512
79570
79837
80133
80347
80968
81897
82972
83848
84736
86153
86473
86763
86771
87303
87715
88540
90527
91940
92011
92949
94308
222693
1868
2290
2986
3028
3123
3597
5299
5361
6087
6374
7269
7737
8179
8448
8807
8862
9791
9992
10085
10371
10698
11353
12503
12881
13187
13951
14555
14706
14736
15036
15122
15168
15552
16393
16494
16968
17142
17589
19484
20011
20417
22439
22538
23879
24224
24765
28486
29328
30778
31315
31467
32304
33182
34467
35146
36139
36230
37008
37360
37679
38085
38089
38097
40323
40727
41548
44174
44232
45477
46076
50246
51011
51344
53665
54589
57870
59741
60554
61145
63527
67085
67597
69905
71152
71159
72039
73957
75364
77182
78012
83245
84582
86957
90748
91210
91647
95356
2103
2140
2449
2901
2946
3486
3660
4080
4127
4194
4567
6331
6606
6767
7355
7395
8128
8695
9051
9059
9076
9107
9639
9656
10153
10155
10569
10868
11398
11676
11905
11991
12100
12124
12497
13251
13303
13703
14291
14450
14559
15385
15627
15786
16005
16251
16675
17126
17226
17792
17992
18426
18578
18714
18916
18970
19001
19101
19267
19350
19957
20183
20391
20808
21288
21357
21553
21946
22534
23248
23431
24669
24753
24880
24965
24988
25000
25711
25740
26148
26366
26708
26971
27034
27395
27398
27478
27704
27922
28065
28166
28317
29269
29520
29572
29853
29956
30292
30377
30492
30524
30563
31695
31762
31776
32453
32819
32828
32942
33074
33098
33210
33603
33642
34274
35003
35147
35398
35516
35862
36046
36053
36319
36577
37353
38008
38196
38285
38454
38624
39094
39490
39717
39736
39819
40092
40329
40496
40612
40622
40864
41020
41156
41592
42049
42052
42587
42797
43173
43414
43889
44123
44207
44548
45262
45446
45695
46296
47328
47380
47417
47510
47759
47825
48964
49334
49477
49898
49912
50196
50273
50545
50713
50933
50947
51783
52468
52477
52626
52856
53023
53303
53455
53535
54929
55161
55189
55360
55719
56506
56840
57027
57123
57520
57554
57832
57901
58153
58919
58945
59145
59852
60059
60756
61637
62717
62871
63521
63923
64029
64108
64219
64374
64376
65088
66249
67387
67456
67745
68525
68623
69407
69578
70414
70842
71158
71220
71406
72573
72657
73065
73262
73464
74071
74106
74574
74992
75266
75357
75389
75515
75900
76388
77082
77149
77410
78771
79241
79260
79511
81007
81589
82444
82921
83469
84707
84909
86170
86192
86348
86675
86855
87205
88156
88704
89370
90423
90889
91623
92547
92901
171824
178642
200377
215332
217915
236450
238813
239684
233
1586
2035
2692
3143
3174
3684
4470
4878
4978
5217
5526
6045
6443
6712
6880
7012
7231
8698
9154
9338
9879
10273
10959
11111
11122
11805
11965
12149
12544
12837
13073
13109
13333
14849
16126
16558
16659
16944
17101
17641
17797
17860
18282
18655
18796
19333
19688
20636
21135
22744
23028
23187
23681
24958
25091
26533
26650
28465
28504
29616
29906
30147
30287
31764
32974
33025
35246
36596
36670
37128
38045
38331
39314
39417
42905
44228
46073
46482
47869
49462
49891
50747
50808
51923
52444
53359
55643
56095
56564
56725
59844
62543
63368
63998
66642
67607
68336
71915
72240
72385
72510
72526
74224
75401
75741
76049
77397
77870
80832
86908
87020
90496
93023
95559
95
227
501
603
790
1468
1587
2769
2868
3794
5151
5180
5571
5574
5643
6122
6226
6286
6500
6721
7205
7214
7403
7443
7454
7616
7983
8468
8681
8756
8867
9003
10235
10314
10406
10560
11152
11208
11564
12113
12139
12507
12519
12754
12903
13486
13645
13792
14844
14914
15037
15541
15722
15956
16234
16314
16478
16950
17351
17609
18031
18422
18464
18567
18590
18664
18671
18821
19042
19106
19748
19769
20043
20741
20991
21164
21174
21199
21309
21345
21551
21805
21825
21925
22661
22832
23367
24032
24213
24291
24503
24515
24792
24883
25673
25746
25811
26102
26115
26277
26313
27116
27122
27289
27622
27748
27768
27843
28252
28444
28817
28874
28950
28955
29852
30123
30326
30667
30678
30889
30919
30988
31099
32073
32163
32493
32636
32772
33184
33713
33771
34147
34206
34211
34625
35005
35018
35258
35275
35564
35594
35936
35945
36128
36184
36234
36237
36257
36899
37182
37423
37547
37602
37729
37847
37880
38033
38566
38724
39250
39628
40163
40549
40707
40722
40786
40894
41155
41191
41345
41702
41830
41971
42341
42664
42897
42939
43139
43364
43367
43400
43924
44155
44378
44398
44511
44529
44588
44958
45076
45214
45666
45696
45948
46069
46421
46974
47246
47472
47553
47705
48041
48200
48864
49039
51140
51220
51567
51934
52242
52321
52560
52645
52887
52969
52998
53621
54590
54621
55273
55373
55680
55722
55810
55994
56068
57371
58411
58432
58460
58571
59322
59340
59597
59907
60192
61950
61958
62932
63138
64485
64679
66460
66569
67459
67670
67959
68572
68739
68980
69383
69693
69740
70322
70416
71553
72007
72398
72624
72996
73397
73571
73898
74193
74468
75081
75544
75851
76775
76996
77588
77920
77951
78181
78589
79272
79408
79500
80266
81219
82168
82501
82753
82858
83220
83517
83814
84065
84418
84646
84720
84889
85598
86321
86416
87442
88048
88173
88261
88273
88425
88541
88788
88903
88942
89304
89895
91173
91373
91503
94414
95017
95203
95217
95744
164715
216276
219248
100
102
844
882
1229
1470
1894
2549
2767
3628
3754
3780
4662
4740
5297
5857
6251
6885
10936
13759
14254
15093
16214
16463
16975
17422
17441
18370
18417
18658
18686
19375
20018
20542
21117
21221
21856
21951
22840
23493
23498
23598
23793
24244
24547
24846
25133
25208
25709
27775
28380
28918
29183
29212
29510
29569
30212
30367
30515
31650
31724
31886
32314
32380
32607
33034
33789
37481
38601
39388
39842
39875
40153
40358
40893
41119
41670
41717
41743
41776
42108
42764
42798
44600
44671
44996
45481
46066
46161
47194
49461
49464
51201
51694
51908
52782
53415
53800
54394
54917
54966
55483
57646
58797
58977
59442
59449
59793
61789
63893
64251
64674
65550
65932
66449
68394
69684
70174
70611
70726
70809
70960
71213
75028
75810
78041
78304
78700
81101
81279
83485
84477
86338
93641
94580
199385
239881
107
108
171
1512
1709
2037
2247
2262
2983
3053
3207
4029
4297
4395
4708
4756
4905
4913
5273
5632
5968
6120
6441
6610
6897
6960
7007
7137
7769
7967
8629
9208
9278
9649
9952
10080
10696
10714
10873
11025
11083
11133
11360
11940
11977
12036
12087
12148
12151
12457
12466
12587
14106
14197
14854
15038
15136
15419
15455
15585
15667
15907
15960
16202
16274
16285
16472
16842
17168
17392
17514
17684
17738
18025
18418
19216
19303
19563
19986
20164
20342
20381
20474
20677
20679
20768
20950
21230
21341
21391
21396
21412
21450
21490
21737
21964
22153
22991
23063
23174
23244
23510
23533
23672
23838
24311
24363
24590
24613
24633
25199
25254
25427
25547
25667
25792
26132
26249
26593
27182
27200
27359
27727
27793
27811
27854
27928
27942
28112
28499
28666
28882
29035
29293
29361
29957
30202
30279
30467
30690
31213
31388
31431
31593
31813
32337
32421
32723
32765
32916
33527
33561
33578
33670
34315
34583
34652
35024
35096
35160
35472
35682
36026
36106
36190
36357
36590
36838
36975
36985
37084
37180
37272
37371
37652
37990
38281
38400
39048
39235
39347
39569
40356
40629
40876
40905
40931
40984
41248
41327
41777
41799
42205
42288
42365
42388
42513
43348
43499
44343
44396
44509
44517
44577
44610
44717
45163
45482
45495
45784
45876
46146
46397
46464
46757
47667
47728
47779
47800
47892
47925
47980
48890
49204
49228
49348
49432
49756
49796
50046
50905
51091
51152
51224
51491
52124
53271
53463
53549
53617
53815
53898
53955
53990
54202
54236
54281
54574
54668
55297
55461
56031
56459
56461
56482
57712
58286
58549
58828
59367
59598
60010
60271
61073
61264
61493
61769
61806
62023
62135
62217
62471
62974
63917
63930
64048
64990
65015
66365
66454
66877
67262
67585
67921
68345
68429
68844
69426
69660
70321
70452
70521
70527
71244
71391
71629
72017
72659
73414
73623
73627
74363
74577
75490
76006
76104
76199
76224
76818
77456
78008
78069
78118
78747
78815
79584
80019
80534
80553
80935
82095
82878
83487
83729
84536
84540
84670
84823
84891
85319
85482
85817
87064
87147
87379
88038
88257
88610
88970
89015
89441
90668
90878
90931
91279
91434
91500
91531
92259
92493
92705
92814
93771
94082
94664
94932
108179
160836
169822
187652
232045
233474
855
1417
1983
2120
2370
3046
3270
3323
4057
4083
4584
4823
6726
6986
8022
8274
8310
8510
9090
9337
9894
10441
10559
10721
10824
10841
11708
11750
11974
12024
12116
12509
12521
12913
13097
13330
13663
13763
13810
13813
13913
14290
14754
15047
15886
16155
16609
16991
17435
17519
18234
19700
19724
20098
20113
20510
21207
21394
22003
22034
22128
22468
23010
23212
23325
23515
23708
23731
23749
23772
24014
24236
24268
24852
24986
25052
25111
25532
25570
25598
25662
25818
26318
26600
27227
27496
28855
29018
29284
29331
29787
30145
30762
30790
31133
31304
31741
32504
32931
33451
35764
36035
36243
36312
38225
38919
39950
40040
40167
40541
41722
41982
42380
42914
43571
44030
44318
44361
45202
46467
46772
47286
47897
48778
49125
49146
49340
49555
50445
50732
50799
50900
51587
51733
52483
52731
53230
53343
53740
56053
56378
57914
58127
61841
63106
64447
66299
66366
68037
68531
68848
69087
69273
71786
72091
72116
72833
72887
73361
75203
75829
76149
76588
77291
77333
77884
78111
78185
78198
78759
79585
80579
81588
81680
82855
83208
88081
88142
89092
89784
90792
91057
92165
93160
93183
93445
238972
105
111
530
616
862
1241
1664
1895
2210
2608
2807
2837
2938
2991
3465
3570
3717
3760
3846
3891
3897
3942
4453
4627
4785
4971
5421
5539
5785
5870
5906
6015
6017
6033
6193
6810
6852
7588
7693
7837
7923
8012
8402
8522
8811
8987
9015
9029
9418
9439
9662
9692
9782
10007
10013
10056
10137
10264
10414
10454
10469
10477
10501
10644
10693
10892
11139
11212
11397
11697
11916
12713
12993
13384
13438
13439
13454
13584
13669
13733
13935
14131
14149
14869
14972
15289
15428
15429
15573
15577
15876
16186
16341
16656
16768
16843
17166
17527
17683
17822
17934
18199
18237
18568
18720
18836
19109
19284
19385
19526
19687
19953
20144
20643
21065
21276
21383
21406
21510
21569
21573
21806
21900
22057
22081
22159
22697
22745
23164
23318
23356
23506
23811
24177
24412
25116
25126
25580
25619
25928
26206
26531
26686
26714
26941
27603
28033
28088
28200
28377
28596
29393
29941
30020
30124
30164
30219
30659
30687
31446
31712
31849
32310
32345
32720
32964
33293
33381
34145
34156
34195
34437
34660
34716
35559
35748
35847
36146
37093
37160
37231
37270
37271
37332
37490
37657
37981
38211
38363
38387
38478
39271
39295
39307
39331
39708
39867
39907
40156
40173
40238
40990
41017
41145
41159
41310
41563
41590
41808
41843
41866
42238
42402
42857
42997
43061
43239
43612
43652
44078
44204
44796
45156
45382
45427
45437
45562
45663
46005
46283
46519
46590
46629
46695
46853
46902
47289
47753
47933
47939
47977
48076
48206
48717
48758
49038
49309
49710
49830
49907
50081
50089
50330
50588
50679
50838
51168
51198
51296
51406
51535
51874
51966
52031
52131
52202
53105
53453
53642
53852
53857
54138
54149
54328
54388
54686
54719
54852
55685
56727
57130
57304
57334
57670
57715
58396
58523
58917
59479
59549
59952
60258
60280
60384
60863
60925
61223
61384
61391
61551
62829
62845
62942
62992
63057
63754
63860
63872
64164
64349
64796
64945
65256
65546
65736
65833
65838
66000
66328
66330
66559
66667
66723
66967
67237
67406
67725
67885
67899
67923
68007
68019
68267
68661
68947
69047
69330
69397
69480
69900
70214
70473
70594
70697
70855
71953
72699
73119
73260
73294
73498
74235
74332
74441
74483
74528
74581
74691
75041
75125
75327
75503
75759
75973
76204
76382
76636
77629
77721
78215
78606
78803
79018
79356
79376
79707
79809
79870
79873
80050
80158
80298
80403
81288
82127
82382
82586
82850
83440
84448
84554
84619
84791
84947
85040
86176
86214
86982
86997
87129
87283
87539
88243
88345
88500
88634
88643
88674
89586
89630
89892
90287
90512
91087
91132
91161
91318
91971
92740
93359
93388
93504
94091
95334
95721
166109
193553
223090
246
1278
1900
2478
2749
2928
3171
3426
3534
3786
4121
4316
4382
4461
4521
4663
4718
5101
5115
5589
6094
6191
6433
6508
6534
6870
7040
7881
8037
8293
8316
8559
8790
8911
8925
9133
9539
9574
9716
10241
10293
10452
10763
11051
11444
11764
12227
12291
12313
12417
12586
12841
12914
12941
13209
13386
13536
13591
13643
13757
15277
15740
15793
15945
16030
16060
16175
16348
16406
16431
16765
17403
17794
17901
18608
18876
19914
20600
20856
21161
21274
21485
21504
21924
21957
22150
22251
22316
22494
23146
23448
23526
23807
24027
24639
25063
25337
25389
26041
26225
26314
26475
27358
27578
27910
28623
28830
28942
29071
29278
29820
29991
30035
30307
30600
31154
31442
31740
31966
32348
32521
32663
33836
34033
34725
34781
35271
35709
35979
36193
36422
37556
37870
37989
38649
38701
38787
38937
39231
39467
39498
39664
39752
40171
40510
41095
41125
41700
41794
41951
42382
43193
43510
43731
44157
44411
44431
45668
45842
46333
46758
46825
47022
47117
47391
48008
48270
49216
49265
49386
49667
49930
50371
50584
50642
51376
51604
51775
51842
52297
52864
53953
54097
54205
54740
54752
54794
55630
55976
56111
58156
58169
58334
58877
59054
59240
59585
60204
60238
60667
61106
61170
61580
62195
62675
64802
65017
65425
65498
66814
68327
69004
69321
70123
70458
70621
70757
71479
71565
71759
72194
72405
73612
73691
74001
74286
77338
77704
78020
78741
78934
79318
79762
79938
80045
80126
81579
82257
82680
82833
83143
83331
83342
83512
83870
84037
84567
85189
86549
86708
87990
88034
88383
89691
92820
93534
161795
96
98
119
120
699
1157
1222
1270
1458
1858
2170
2240
2544
2988
4073
4079
4095
4467
4654
4960
5763
5843
5914
6172
6860
6861
6909
7113
7150
7207
7464
7498
7626
7962
8203
8470
8665
8942
8994
9030
9055
9576
9814
9863
10001
10003
10047
10350
10398
10425
10585
10663
10829
10855
11201
11471
11658
11730
11915
12028
12716
13110
13243
13369
13370
13482
13910
14273
14288
14668
14824
15082
15224
15244
15329
15422
15545
15568
15799
15880
15922
15966
16304
16356
16521
16524
16569
16599
16864
17045
17219
17626
17700
17721
17981
18498
18534
18587
18745
18875
19534
19777
19824
19950
19983
20076
20102
20274
20548
20707
20848
20958
21043
21193
21229
21693
21908
21952
21977
22072
22678
22775
23047
23124
23215
23582
23768
24210
24222
24262
24526
24672
24845
24909
24971
25092
25700
26060
26312
26381
26640
26703
26821
26923
27651
27679
27810
27877
27981
28329
28373
28542
28709
28906
29015
29362
29475
29663
29665
29891
29905
29942
30022
30114
30516
30636
30789
30998
31009
31147
31278
31440
31502
31529
31561
31901
31902
32056
32491
32882
33188
33235
33277
33332
33455
33711
33799
33886
33899
33944
33987
34154
34277
34542
35188
35441
35711
35963
35989
36111
36169
36175
36309
36552
36557
36559
36636
36664
36679
36688
36865
37004
37034
37600
37792
38311
38352
38580
38981
39130
39293
39342
39665
40162
40287
40406
40486
40635
40787
40789
40956
40986
41024
41172
41220
41498
41560
41849
41955
42101
42215
42268
42295
42859
42878
42879
42950
43346
43565
43635
43892
44292
44296
44441
44886
45042
45077
45197
45355
45604
45672
45724
46059
46293
46433
46586
46720
47003
47326
47355
47481
47496
47506
47535
47615
47628
47932
48004
48528
48560
48792
48911
49183
49339
49600
49627
49948
50382
50441
50510
50770
51041
51159
51260
51403
51426
51638
51819
52215
52323
52572
52643
52801
53050
53087
53170
53172
53259
53298
53645
53701
53928
54307
54909
55226
55299
55339
55374
55652
55798
56572
56881
57070
57359
57708
58158
58340
58383
58599
58706
58759
58778
59446
60436
60976
61095
61412
62127
62243
62264
62291
62331
63415
63624
63866
63967
64111
64138
64615
64773
65013
65032
65274
65500
65611
65812
66375
66657
66681
66788
66809
66971
67754
67872
68118
68361
68486
68750
68920
69116
69525
69970
70059
70988
71133
71252
71261
71514
71962
72009
72110
72371
73561
73950
74336
74554
75133
76037
76058
76179
76584
76765
76781
76880
77047
77181
78039
78296
78437
78534
78593
78847
79114
79411
79484
79526
79899
79949
80640
80844
80904
80973
81161
81211
81479
81481
81731
82943
82975
82977
83284
83906
84072
84086
84450
84664
84906
85175
85289
85321
86764
86827
86853
87672
87737
87775
87984
89333
90126
90784
91345
91756
92062
92890
93048
93222
93276
93321
94019
94025
94109
94239
94289
94621
94679
94807
94875
94964
95414
95503
164153
180131
201304
207997
208207
208649
222716
229888
244315
933
1255
1462
1582
1815
1854
1886
2266
2300
2539
2628
2909
3177
3280
3386
3413
3469
3479
3626
3732
3815
3822
4260
4709
4781
5001
5640
5655
5901
5931
6139
6147
6161
6236
6344
6814
6833
7068
7270
7330
7659
7930
8174
8578
8592
8601
8694
8784
8861
8879
8940
9047
9482
10376
10685
10863
10963
11058
11168
11242
11453
11567
11640
11720
11748
12159
12322
12413
12481
12895
13399
13404
13631
13670
13858
14241
14515
14528
14540
14862
15077
15083
15097
15098
15316
15835
15855
15873
16205
16364
16453
16614
16814
16825
16849
16916
16942
17091
17297
17347
17459
17643
17833
18048
18340
18606
18783
18828
18897
19050
19211
19528
19553
19588
19800
19823
19947
20199
20249
20416
20519
20772
20782
21087
21146
21351
22169
22255
22451
22459
22706
22784
22849
23060
23297
23353
23554
24115
24509
25002
25227
25377
25442
25836
25858
26254
26619
26846
26858
26865
26899
26918
27256
27304
27367
27526
27609
27760
27761
27772
27865
28008
28018
28170
28177
28243
28247
28259
28494
28926
29131
29443
29540
30374
30586
30591
30666
30895
31405
31691
31965
32032
32365
32635
33024
33061
33398
33408
33684
33969
34071
34271
34284
34290
34462
34667
34956
35732
35841
35909
35919
35932
36276
36572
37040
37189
37246
37951
38117
38177
38269
38678
38762
39054
39110
39318
39422
39645
39826
39962
40969
41062
41235
41419
41488
41513
41871
42032
42314
42467
42759
43100
43423
44101
44169
44382
44999
45019
45134
45793
45930
46138
46250
46549
46663
46737
46744
47093
47172
47187
47771
47834
47907
47989
48085
48148
48304
48667
48782
49142
49501
49536
49629
49879
49996
50005
50123
50311
50525
50792
50793
50935
50965
51088
51424
52001
52010
52257
52915
53156
53322
53489
53688
53866
54296
54741
54842
54911
55402
55718
56466
56470
56992
57762
57833
58046
58150
58213
59310
59365
59408
59465
60701
60786
61245
61483
61738
61809
61924
62296
63021
63757
64070
64908
65219
65298
65641
65914
66101
66631
66633
67150
67631
67894
68015
69358
69382
69546
69592
69886
70110
70150
70172
70702
71463
71630
71743
72245
72606
72626
72636
72681
73145
73738
73794
74238
74324
75290
75512
75921
76591
76827
76940
77498
77851
78699
78858
79520
79588
79934
80096
80943
82253
82537
82630
82773
82908
83806
84012
84274
85213
85804
86472
86520
86731
87819
87996
88130
89234
89346
89359
89696
90146
90258
90715
91182
92007
92121
93934
94681
94814
95276
95619
178988
187375
189638
191280
195568
202357
207176
242044
114
137
676
863
870
926
970
1374
1377
1399
1615
1641
1663
1813
1875
1913
1941
2207
2268
2522
2690
2815
2839
3094
3144
3755
3877
4112
4230
4326
4564
4769
4827
4951
4988
5290
5597
5726
6013
6205
6342
6404
6555
6876
7067
7078
7115
7401
8041
8323
8452
8880
9286
9305
9323
9438
9508
9557
10217
10320
10771
10975
11010
11019
11114
11265
11718
11877
11912
12064
12302
12310
12437
12486
12574
12623
12629
12833
12890
12924
13033
13150
13304
13364
13501
13544
13607
13658
13675
13695
13880
14108
14430
14602
14670
14676
14817
14874
14902
14956
15013
15027
15435
15669
15785
16024
16028
16073
16101
16119
16220
16630
16807
16885
16917
17154
17266
17371
17436
17489
17969
18051
18094
18373
18566
18579
18616
18620
18622
18761
18809
18961
19030
19105
19153
19312
19359
19391
19629
19743
19761
19798
19930
20286
20550
20594
20703
20828
21056
21167
21375
21454
21547
21593
21616
21859
21880
21956
22163
22211
22442
22531
22862
23323
23550
23704
23794
23804
23852
24036
24116
24390
24496
24513
24584
24587
24764
25410
25558
25627
25655
25691
25824
26038
26050
26107
26229
26233
26515
26520
26764
26876
26964
26972
26998
27341
27354
27400
27551
27658
27698
27821
27822
28299
28385
28650
28751
29217
29396
29434
29465
29538
29592
29657
30127
30171
30493
30510
30571
30584
30647
30710
30794
30823
30900
31150
31234
31312
31391
31411
31564
31750
31846
31859
31861
31891
31935
31973
32007
32065
32218
32227
32696
32861
33186
33291
33296
33725
33811
34023
34028
34170
34185
34367
34566
34842
34933
34944
34978
35035
35201
35274
35389
35422
35555
35784
35981
36036
36101
36238
36335
36350
36363
36583
36666
36814
36875
36902
37098
37132
37224
37297
37367
37384
37438
37492
37656
38473
38542
38556
38673
38676
38698
38744
38848
38935
39012
39038
39252
39641
39707
39885
39922
39928
40309
40381
40652
40757
40817
41071
41124
41238
41411
41480
42117
42214
42410
42557
42584
42658
42661
42901
42993
43101
43224
43227
43278
43913
43959
43996
44344
44551
44576
44638
44659
44684
44816
44819
44975
45079
45213
45631
45684
45726
45863
46318
46324
46404
46443
46616
46734
46749
46829
46963
47138
47631
47764
48007
48052
48594
49162
49527
49725
49940
50337
50541
50667
50719
50751
50811
51090
51103
51116
51339
51756
52167
53077
53244
53707
54031
54057
54474
54661
54693
54697
54827
54833
54986
55334
55462
55791
55925
56059
56105
56214
56225
56493
56743
56749
56805
56820
56948
57013
57084
57165
57167
57235
57248
57258
57338
57464
57806
57813
57895
57997
58354
58369
58514
58535
58783
58991
58993
59143
59182
59407
59466
59480
59563
59593
59870
60029
60126
60234
60775
60783
61076
61672
61762
62283
62487
62558
62711
62776
62951
63003
63285
63505
63691
63736
64355
64419
64441
65261
65463
65684
65824
65832
66064
66510
66535
66885
67133
67399
67521
67584
67680
68096
68526
68569
68631
68735
68898
69124
69406
69659
69847
70049
70186
70684
70804
71046
71585
71836
72052
72123
72630
72716
72743
73076
73206
73236
73584
73613
73900
74381
74493
74686
74751
75862
76095
76457
76794
77249
77404
78397
78751
78893
79195
79517
79587
79721
80273
80452
80612
80868
81099
81120
81924
81954
82228
82237
82260
82461
82567
83099
83605
84982
85227
85280
85300
85380
85749
85823
86380
87066
87197
87582
87792
87822
87869
87873
87973
88004
88090
88144
88528
88591
88614
88806
89493
89801
89976
90149
90513
90641
90692
91059
91357
91662
91981
92099
92223
92494
93325
93571
93873
94415
94487
94510
94646
94809
94988
95150
95244
95381
95485
95629
95688
167534
209022
216892
220186
228520
655
827
1045
1099
1474
1480
1651
1878
2065
2227
2239
2273
2289
2465
2471
2726
2729
2734
3002
3128
3159
3365
3474
3517
3541
3554
3576
3844
3849
3968
4189
4330
4401
4492
4636
4832
4976
5011
5131
5179
5204
5280
5390
5440
5464
5820
6053
6056
6101
6345
6442
6502
6509
6731
6923
6933
6953
7208
7224
7240
7317
7521
7546
7748
7756
7773
7942
7974
7986
7991
8036
8061
8080
8088
8095
8110
8188
8413
8505
8506
8540
8573
8656
8703
8729
8752
8758
8876
8894
9010
9054
9140
9394
9642
9654
9725
9755
9771
9773
9892
9924
10058
10062
10280
10427
10462
10471
10519
10523
10608
10712
10731
10740
10828
10914
10919
10986
11015
11047
11054
11066
11120
11234
11472
11486
11554
11727
11770
11809
11819
11919
11947
11972
11999
12021
12221
12233
12298
12314
12350
12415
12510
12602
12761
12787
12847
12909
13154
13179
13315
13371
13374
13445
13448
13477
13480
13602
13620
13627
13677
13692
13776
13795
13941
13970
14005
14009
14018
14022
14029
14050
14079
14120
14155
14198
14200
14203
14211
14217
14247
14263
14421
14442
14476
14478
14502
14508
14522
14533
14570
14575
14593
14674
14748
14764
14777
14800
14811
15025
15074
15121
15249
15326
15335
15380
15465
15500
15515
15580
15805
15856
15877
15908
15915
16004
16012
16043
16109
16149
16250
16505
16612
16620
16623
16698
16707
16737
16749
16751
16862
16865
16935
17005
17008
17012
17023
17136
17214
17244
17367
17370
17381
17423
17498
17634
17677
17736
17773
17803
17896
17904
18013
18041
18081
18135
18208
18278
18374
18435
18478
18514
18660
18693
18782
18790
18856
18909
18938
18973
19048
19070
19077
19200
19269
19299
19319
19508
19555
19557
19558
19611
19645
19691
19712
19717
19765
19850
19851
20007
20079
20162
20194
20239
20330
20367
20566
20593
20596
20706
20720
20773
20799
20881
20891
20994
21091
21109
21166
21188
21263
21321
21373
21424
21449
21455
21461
21479
21588
21622
21627
21658
21682
21734
21758
21764
21868
21899
21904
22014
22068
22120
22175
22180
22293
22362
22370
22397
22532
22572
22591
22642
22733
22783
22854
22881
22900
22907
22987
23030
23198
23240
23286
23293
23389
23586
23668
23841
23868
23923
23965
23983
24020
24022
24073
24150
24166
24175
24179
24185
24233
24243
24343
24348
24349
24389
24601
24635
24658
24699
24731
24762
24766
24795
24801
24840
24890
24891
24951
24970
24972
25001
25008
25157
25212
25432
25440
25550
25552
25594
25595
25633
25790
25869
25984
26032
26061
26073
26099
26122
26180
26236
26258
26264
26270
26348
26390
26459
26470
26500
26557
26595
26631
26702
26713
26792
26822
26872
26917
26927
26990
27070
27091
27173
27237
27255
27338
27518
27534
27585
27592
27618
27790
27908
27988
28040
28054
28082
28107
28206
28222
28335
28343
28347
28378
28517
28589
28607
28608
28641
28714
28737
28915
28970
28976
28990
28995
29028
29051
29062
29129
29318
29329
29389
29438
29593
29595
29655
29793
29883
29884
29968
29994
30053
30192
30203
30306
30425
30535
30662
30760
30763
30827
30832
30839
30864
30968
31079
31124
31126
31138
31165
31196
31250
31325
31348
31350
31397
31634
31791
31793
31794
31795
31883
32042
32075
32110
32115
32280
32300
32334
32534
32548
32582
32610
32664
32754
32784
32790
32830
32837
32968
33002
33109
33115
33179
33400
33459
33461
33509
33613
33654
33692
33730
33735
33773
33794
33973
34003
34080
34088
34111
34218
34238
34303
34369
34418
34513
34517
34526
34621
34661
34746
34821
34969
35155
35250
35254
35276
35331
35444
35474
35495
35503
35539
35605
35686
35733
35737
35769
35793
35859
35872
35873
35926
35968
36011
36052
36090
36191
36283
36592
36818
36833
36842
36861
36862
36893
36999
37006
37027
37060
37200
37230
37248
37418
37465
37603
37638
37699
37781
37795
37805
38226
38243
38346
38366
38399
38459
38479
38493
38592
38603
38685
38738
38761
38779
38806
38891
39066
39087
39099
39245
39275
39324
39346
39352
39395
39424
39508
39567
39610
39618
39630
39656
39659
39762
39831
39978
40016
40043
40066
40176
40207
40230
40350
40415
40456
40574
40900
41035
41076
41169
41196
41325
41330
41382
41472
41521
41741
41796
41874
41901
42200
42203
42452
42466
42585
42684
42732
42765
42767
42768
42933
42946
43057
43072
43147
43196
43270
43305
43354
43389
43406
43454
43483
43487
43509
43594
43693
43715
43718
43740
43815
44041
44142
44193
44201
44250
44533
44585
44616
44647
44693
44795
44824
44947
44972
45005
45056
45101
45182
45256
45305
45529
45566
45585
45658
45670
45707
45714
45732
45753
45790
45829
45845
45847
45866
45884
45950
45956
46013
46026
46052
46053
46088
46126
46224
46254
46262
46338
46399
46560
46756
46780
46860
46871
47171
47192
47364
47426
47435
47555
47625
47661
47778
47802
47965
47979
48098
48177
48323
48338
48523
48567
48684
48735
48739
48744
48819
48868
48881
48893
48994
48997
48998
49031
49037
49040
49098
49248
49364
49575
49580
49608
49634
49677
49723
49787
49953
50076
50099
50504
50582
50681
50852
50871
51101
51192
51193
51216
51301
51302
51342
51405
51416
51460
51469
51486
51527
51545
51577
51603
51744
51795
51862
51868
52018
52019
52152
52178
52185
52264
52493
52515
52654
52725
52942
52967
53040
53085
53125
53133
53176
53253
53350
53374
53508
53536
53597
53672
53768
53779
53840
53844
53878
54001
54152
54237
54263
54278
54384
54431
54600
54664
54714
54859
54886
55003
55038
55049
55157
55224
55251
55312
55365
55384
55456
55553
55639
55723
55739
55805
55883
55944
55971
56041
56140
56172
56239
56384
56434
56738
56779
56920
56925
56943
56949
57051
57064
57111
57122
57156
57201
57229
57233
57253
57411
57460
57487
57512
57517
57651
57660
57758
57794
57873
57881
58144
58168
58212
58366
58397
58540
58653
58691
58737
58807
58815
58847
58901
58935
59016
59064
59082
59086
59204
59222
59329
59349
59362
59410
59433
59454
59511
59571
59691
59760
59806
59887
59920
59982
59998
60018
60190
60242
60283
60394
60395
60435
60618
60671
60676
60684
60777
60846
61038
61361
61431
61479
61744
61781
61967
62047
62057
62179
62200
62269
62351
62423
62452
62453
62502
62557
62568
62578
62808
62810
62997
63034
63119
63222
63386
63422
63494
63755
63885
63903
63910
64023
64055
64185
64460
64467
64599
64608
64651
64678
64684
64704
64784
64916
64926
64965
65021
65025
65043
65067
65142
65362
65396
65430
65450
65471
65493
65526
65619
65724
65777
65806
65827
65904
65924
65928
65937
65995
66100
66329
66381
66455
66488
66504
66547
66710
66762
67064
67112
67149
67279
67288
67356
67447
67489
67533
67547
67627
67722
67757
67773
67892
67916
67949
68131
68230
68304
68376
68479
68711
68929
69000
69002
69015
69104
69154
69181
69207
69264
69303
69424
69504
69566
69697
69743
69888
69916
70175
70197
70337
70346
70371
70401
70463
70478
70484
70507
70529
70625
70743
70760
70820
70827
70936
71126
71183
71185
71218
71481
71767
71805
71830
71857
71921
71943
72062
72150
72152
72256
72257
72314
72348
72415
72674
72746
72755
72940
72959
72968
73152
73194
73205
73503
73775
73828
73923
73951
73966
74043
74162
74291
74298
74553
74612
74730
74895
74959
75035
75108
75267
75469
75473
75499
75622
75661
75662
75701
75879
75881
76102
76299
76404
76466
76776
76868
76952
76980
77012
77120
77263
77268
77365
77635
77796
77892
77930
77961
77999
78018
78112
78132
78194
78256
78285
78323
78355
78514
78720
78732
78766
78911
78929
78971
79156
79211
79227
79304
79375
79405
79515
79610
79627
79650
79694
79749
79946
79965
80160
80255
80338
80395
80549
80697
80798
80867
80892
80954
80975
81316
81348
81476
81527
81855
81908
82092
82094
82116
82311
82432
82519
82520
82568
82653
82672
82702
82747
82885
82891
83212
83219
83462
83486
83506
83567
83879
83918
83921
84014
84079
84135
84222
84445
84508
84595
84609
84673
84801
84974
85031
85105
85123
85214
85236
85248
85288
85314
85317
85522
85578
85583
85616
85617
85624
85773
85802
86007
86105
86199
86258
86286
86425
86534
86570
86635
86724
86780
86912
87157
87221
87543
87578
87784
87956
87995
88072
88094
88247
88466
88554
88635
88639
88673
88694
88898
88995
89041
89068
89102
89130
89152
89326
89426
89464
89515
89534
89610
89799
89858
89932
90106
90128
90143
90307
90624
90629
90830
90833
91045
91102
91159
91340
91424
91438
91451
91635
91655
91690
91866
91905
91924
91953
91954
92016
92222
92311
92423
92520
92544
92713
92775
92824
92849
92895
93062
93114
93186
93207
93336
93339
93426
93520
93604
93633
93785
93788
94178
94181
94195
94356
94393
94631
94639
94830
94904
95069
95104
95202
95319
95539
95582
95700
150457
151499
152096
152927
155119
157243
158492
160790
161847
163144
163715
168245
169088
169629
170584
171458
172044
172113
173775
175543
182756
185677
188331
190395
191737
193465
194666
195870
198883
201159
201916
207404
209311
212582
213596
215617
217331
219055
220582
221092
221684
221731
222017
224535
225320
225347
228820
233233
233671
235476
236791
238448
240627
241853
243394
243816
109
127
138
228
229
237
243
910
1180
1207
1336
1355
1388
1567
1585
1636
1819
1986
2042
2613
2709
2750
2917
3182
3205
3547
3675
3705
3803
3867
4340
4495
4512
4633
4684
4789
4822
4940
4953
5753
5862
6097
6140
6317
6535
6544
6665
6776
6872
7039
7124
7165
7173
7299
7512
7554
7564
7613
7823
7989
8350
8485
8605
8632
8857
9018
9088
9156
9217
9360
9443
9847
9874
9972
10022
10170
10265
10317
10347
10366
10430
10591
11016
11239
11298
11672
11706
11709
11824
11964
12070
12081
12169
12267
12354
12406
12420
12422
12646
12714
12766
12827
12888
12926
13202
13227
13373
13541
13562
13578
13585
13920
14000
14080
14362
14462
14497
14731
14750
14866
14927
14962
15389
15486
15620
15897
16407
16481
16502
16580
16720
16777
16888
17152
17262
17265
17273
17551
17584
17924
18023
18024
18128
18225
18239
18343
18407
18519
18599
18786
18899
18926
19038
19063
19099
19107
19182
19206
19238
19593
19596
19771
19879
20031
20318
20376
20650
20761
20892
21085
21092
21172
21204
21218
21292
21420
21533
21615
21680
21699
21726
21778
21822
22381
22448
22465
22582
22659
22724
22780
23008
23345
23411
23412
23479
23575
23675
23680
23721
23860
23925
24206
24341
24356
24436
24478
24856
25124
25149
25207
25314
25334
25723
25931
25964
26179
26194
26207
26228
26521
26537
26634
26807
26837
26867
26951
27196
27211
27262
27372
27385
27741
27753
28036
28236
28441
28636
28727
28821
28822
28842
28895
29177
29210
29263
29280
29350
29408
29720
29730
29770
29928
30018
30118
30323
30383
30582
30596
30597
30896
30924
31011
31223
31262
31271
31288
31363
31438
31487
31596
31598
31882
32058
32143
32162
32245
32330
32379
32477
32590
32658
32745
33003
33239
33337
33691
33930
34034
34059
34252
34257
34294
34386
34410
34757
35009
35084
35427
35809
35843
35911
36079
36275
36280
36474
36500
36527
36569
36606
36723
36828
37061
37267
37327
37398
37621
37758
37809
37908
37916
38027
38245
38283
38369
38589
38695
38760
38817
38824
38920
39147
39186
39378
39909
40120
40130
40400
40719
40996
41229
41352
41376
41384
41532
41807
41920
42068
42069
42241
42306
42391
42400
42538
42772
42896
43178
43685
43692
43703
43836
43960
44079
44099
44119
44173
44222
44260
44394
44590
44662
44768
44810
45044
45151
45531
45591
45642
45654
45680
45715
45853
45967
46155
46177
46298
46326
46473
46526
46591
46634
46762
46952
47482
47971
48025
48030
48034
48135
48172
48430
48658
48728
49024
49075
49083
49262
49267
49276
49292
49329
49398
49563
49693
49729
50170
50229
50291
50570
50700
50707
50736
50781
50826
50848
50861
50897
50993
50998
51035
51384
51395
51488
51762
51794
51814
51993
52006
52067
52158
52285
52411
52448
52462
52597
52662
53100
53166
53358
53475
53618
53773
53836
54018
54032
54140
54155
54246
54497
54518
54563
54608
54902
54923
55106
55528
55604
56045
56142
56339
56525
56561
56670
57019
57200
57547
57619
57627
57810
57976
57990
58016
58898
58965
59007
59284
59317
59515
59770
59799
59922
59964
60033
60037
60408
60602
60609
60629
60698
60748
60883
60950
60988
61003
61337
61409
61635
62185
62359
62369
62549
62631
62658
62701
62988
63062
63337
63577
64034
64102
64209
64586
64597
64778
64838
65041
65092
65139
65681
65821
65864
66240
66244
66306
66374
66524
67211
67531
67548
68307
68568
68786
69095
69163
69343
69449
69472
69558
69661
70161
70193
70229
70551
70773
70853
70879
71088
71118
71182
71297
71440
71652
72155
72519
72751
72772
72958
72983
72987
73058
73532
73868
74037
74201
74587
74626
74936
75012
75232
75275
75604
75672
75711
75855
75918
76026
76235
76707
76836
76842
76941
76951
77258
77294
77309
77379
77771
77864
77972
78219
78406
78440
78515
78572
78638
79483
79578
79665
79710
79726
79740
79885
80071
80107
80163
80472
80618
80625
81054
81087
81233
81422
81474
81519
81558
81665
81811
81866
81988
82531
82563
82693
82782
82868
82956
82978
83223
83267
83322
83662
83739
84106
84257
84408
84655
84722
84749
84766
84796
84878
84954
85378
85643
86433
86505
86560
86573
87171
87179
87443
87565
87604
87890
88121
88157
88515
88637
88932
89160
89445
89635
89710
89798
89836
89909
89927
90026
90100
90127
90349
90558
90735
91052
91235
91346
91467
91821
91939
92085
92090
92737
92927
93000
93437
93777
93778
93827
93842
94104
94684
94710
95116
95554
95556
161361
161398
164106
171544
177754
178907
191911
196260
196872
206882
208861
216893
234716
112
117
239
792
858
954
1155
1329
1600
1601
1633
1668
1712
2024
2181
2221
2718
2773
2866
3037
3084
3410
3448
3485
3859
3941
3971
4070
4159
4398
4458
4500
4506
4519
4836
4864
4870
4982
5066
5087
5093
5120
5470
5724
5796
5856
5919
5966
6091
6262
6296
6309
6335
6439
6541
6654
6748
6800
7312
7446
7579
7590
7619
7676
7686
7746
7844
8002
8126
8134
8271
8320
8333
8527
8531
8692
8849
9072
9165
9269
9353
9371
9388
9422
9503
9556
10368
10417
10918
10948
10991
11182
11231
11288
11628
11894
11899
12005
12067
12259
12315
12357
12393
12418
12710
12801
12821
12896
12898
12966
12991
13023
13175
13350
13581
13616
13694
13811
13881
13894
14153
14202
14243
14248
14394
14439
14605
14646
14662
14722
14732
14795
14901
14916
15018
15045
15086
15100
15287
15360
15476
15532
15536
15557
15664
15768
15789
15794
15839
15929
16422
16443
16886
17070
17085
17212
17398
17474
17632
17651
17714
17734
17848
17944
17953
18185
18316
18551
18707
18933
19329
19511
19763
19988
20146
20280
20592
20659
20693
20754
20920
21026
21689
21738
21812
21941
21958
22050
22059
22217
22225
22307
22349
22350
22380
22560
22649
22705
22748
22791
22878
22893
22906
23114
23134
23294
23391
23595
23614
23650
23753
23763
23806
23908
24026
24040
24229
24255
24384
24399
24451
24582
24735
24782
24816
24936
24955
24999
25077
25079
25103
25225
25226
25253
25267
25424
25555
25642
25646
25695
25782
25831
25960
26172
26183
26197
26306
26358
26487
26524
26583
26618
26644
26759
27253
27450
27629
27648
27879
27912
27997
28063
28298
28323
28326
28401
28426
28440
28469
28556
28628
28677
28794
29070
29090
29127
29282
29415
29470
29571
29596
29804
29838
29988
30090
30389
30436
30841
30847
30855
31022
31157
31211
31231
31236
31264
31544
31550
31690
31706
31802
31921
31932
32352
32434
32440
32596
32629
32685
32786
32850
32862
32982
33017
33021
33199
33217
33331
33430
33525
33590
33651
33664
33813
33840
33979
34058
34230
34253
34362
34391
34535
34541
34795
35136
35240
35264
35294
35471
35482
35537
35573
35694
35788
36117
36187
36449
36478
36491
36641
36717
36824
36938
36951
37016
37020
37048
37081
37156
37303
37436
37499
37713
37718
37726
37735
37860
37892
37902
37961
38113
38116
38228
38374
38430
38491
38585
38797
38812
38814
38843
38943
38982
39076
39262
39280
39381
39385
39460
39661
39726
39760
39792
39876
39879
39952
40359
40416
40424
40475
40610
40833
40849
41135
41195
41317
41578
42018
42020
42026
42065
42198
42514
42564
42662
42926
42991
43203
43333
43345
43433
43449
43508
43647
43662
43861
43931
44220
44245
44351
44447
44507
44681
44940
45140
45247
45425
45429
45498
45838
45920
46029
46287
46349
46630
46704
46718
46826
46882
47218
47277
47324
47442
47445
47478
47485
47697
47920
48187
48461
48802
48805
49007
49101
49203
49279
49553
49607
49715
49790
49874
49895
50073
50194
50263
50276
50278
50494
50515
50547
50634
50809
50860
51000
51133
51334
51365
51497
51591
51716
51834
51953
51964
52106
52230
52238
52278
52281
52392
52610
52707
52853
52855
52870
52876
52896
53004
53030
53102
53433
53527
53640
53663
53727
53754
53879
53971
54313
54323
54409
54449
54723
54757
54823
54894
55000
55024
55116
55256
55307
55370
55399
55406
55431
55516
55686
55848
55931
55948
56121
56130
56358
56555
56953
56977
57060
57151
57246
57292
57442
57761
57845
57889
58174
58176
58251
58389
58420
58473
58841
59128
59615
59685
59701
59882
59987
60159
60219
60418
60427
60433
60514
60557
60619
60647
60795
61117
61282
61411
61441
61453
61487
61741
61774
61779
61818
61865
61878
62072
62307
62618
62683
62691
62811
62957
63098
63170
63863
63905
63935
63982
64005
64157
64934
65030
65286
65341
65950
65973
65994
66057
66134
66167
66389
66517
66558
66668
66733
67212
67388
67854
67996
68036
68380
68422
68470
68534
68555
68652
68681
68783
69167
69438
69464
69563
70046
70289
70380
70544
70546
70888
70932
71026
71187
71217
71464
71471
71507
71888
72008
72022
72204
72399
72419
72640
73129
73573
73660
74361
74383
74477
74504
74614
74830
75042
75230
75425
75457
75507
75629
75930
76101
76144
76165
76203
76271
76300
76353
76385
76504
76606
76641
76806
77290
77538
77879
77952
78043
78134
78143
78286
78320
78425
78492
78542
78827
78938
79243
79245
79531
79661
80138
80295
80446
80711
80747
80890
81026
81160
81275
81414
81497
81615
81673
81886
82038
82067
82368
82674
82729
82819
82846
82959
83312
83516
83599
83765
84197
84199
84244
84399
84770
84815
84944
85495
85505
85729
85740
85750
85978
86245
86491
86518
86546
86587
86608
86636
86750
87241
87410
87624
87965
87967
88279
88304
88584
88733
88797
88909
88988
89014
89320
89768
89845
89850
90027
90260
90394
91133
91356
91627
91673
92010
92133
92673
92725
92732
92829
92942
92982
93137
93300
93364
93459
93461
93764
94002
94076
94112
94160
94329
94381
94433
94534
94726
94885
95461
95651
96339
180700
193930
197389
203742
205166
206253
233737
238423
240705
241858
244845
121
159
224
225
240
244
422
666
861
1016
1075
1084
1096
1166
1227
1309
1460
1499
1513
1516
1616
1839
1917
2102
2125
2146
2178
2310
2687
2707
2757
2761
2891
3027
3066
3148
3189
3344
3346
3383
3389
3630
3632
3784
3821
3937
4090
4099
4150
4498
4529
4538
4676
4742
4837
4858
4914
4919
4959
5043
5505
5551
5577
5805
6058
6067
6216
6349
6370
6584
6623
6650
6658
6684
6855
6871
6919
7220
7280
7325
7366
7399
7420
7473
7531
7597
7804
7906
7933
8133
8141
8215
8236
8291
8308
8309
8342
8449
8459
8460
8555
8558
8564
8648
8701
8743
8780
8814
8847
9025
9041
9106
9139
9230
9299
9383
9395
9436
9454
9606
9636
9747
9795
9878
9936
10063
10136
10138
10149
10164
10291
10312
10402
10565
10581
10659
10666
10972
11033
11080
11186
11191
11492
11532
11552
11635
11651
11675
11761
11795
11860
12188
12241
12251
12472
12479
12549
12577
12728
12795
12804
12857
13029
13121
13126
13274
13293
13408
13416
13421
13588
13682
13760
13806
13882
13950
14088
14112
14114
14188
14324
14351
14374
14388
14406
14481
14626
14657
14812
14896
15001
15026
15066
15107
15238
15239
15267
15304
15413
15510
15583
15634
15646
15660
15692
15725
15863
15919
16023
16048
16096
16124
16404
16430
16610
16619
16696
16810
17224
17349
17358
17372
17470
17546
17586
17737
17902
17985
18204
18227
18393
18512
18547
18572
18670
18682
18721
18817
18896
18898
19113
19156
19263
19330
19360
19372
19503
19527
19613
19634
19649
19682
19754
19757
19896
20070
20275
20346
20552
20561
20634
20837
21013
21147
21148
21175
21233
21236
21308
21356
21367
21672
21677
21743
21919
21963
21974
21995
22044
22080
22084
22215
22263
22466
22677
22785
22800
22877
22941
22976
23003
23141
23184
23256
23262
23300
23354
23368
23415
23466
23468
23486
24021
24078
24148
24211
24250
24280
24310
24316
24353
24813
24900
25051
25086
25122
25178
25182
25301
25398
25481
25509
25785
25788
25962
25990
26345
26360
26412
26551
26645
26748
26765
27104
27178
27189
27391
27393
27471
27513
27517
27605
27677
27695
27794
27924
27933
27991
28003
28011
28102
28113
28118
28171
28349
28539
28700
28771
28825
28835
28875
28902
28988
29110
29113
29179
29204
29299
29327
29410
29416
29419
29439
29446
29562
29675
29771
29830
30037
30070
30157
30162
30183
30186
30205
30235
30258
30265
30381
30387
30460
30479
30635
30824
30910
30952
30959
31053
31077
31204
31685
31749
31858
31964
31980
32087
32116
32133
32138
32376
32487
32511
32546
32573
32682
32683
32785
32853
32869
32885
32955
33018
33231
33244
33318
33320
33403
33729
33758
33827
34001
34026
34204
34250
34259
34287
34314
34323
34490
34588
34603
34648
34726
34786
34871
34946
34979
35022
35039
35040
35111
35122
35171
35196
35230
35249
35251
35252
35372
35481
35649
35744
35795
35886
35934
35947
35962
36080
36349
36487
36547
36553
36591
36626
36639
36643
36693
36746
36909
36933
36943
37043
37073
37252
37299
37311
37382
37410
37696
37770
37778
37785
37830
37861
38324
38528
38533
38551
38604
38657
38689
38756
38780
38791
38816
38878
38945
38964
38978
39102
39137
39198
39267
39368
39387
39519
39527
39534
39616
39647
39671
39746
39751
39963
39997
40027
40085
40158
40257
40343
40444
40495
40545
40650
40664
40736
40815
40857
40884
40928
40934
41168
41402
41473
41491
41550
41751
41822
41860
41994
42021
42051
42085
42133
42225
42351
42352
42354
42425
42445
42490
42579
42651
42654
43077
43155
43569
43614
43687
43726
43799
43954
43977
44165
44208
44244
44282
44314
44433
44446
44515
44739
44760
44847
44849
44893
44988
45067
45106
45223
45300
45353
45528
45609
45776
45817
45832
45966
46247
46271
46316
46376
46424
46532
46728
47005
47063
47134
47309
47427
47502
47508
47765
47829
47918
48028
48117
48145
48222
48243
48310
48371
48403
48421
48468
48473
48775
48843
49029
49121
49208
49318
49369
49423
49539
49705
49917
49997
50084
50124
50161
50350
50394
50396
50413
50433
50438
50548
50621
50717
50790
50853
50902
50958
51017
51073
51081
51144
51316
51449
51467
51480
51489
51809
51896
51954
51990
52017
52174
52306
52341
52349
52426
52507
52573
52659
52784
52859
52955
53014
53132
53228
53361
53369
53432
53436
53499
53624
53882
53923
53927
53983
53989
54040
54184
54332
54372
54380
54412
54444
54467
54571
54695
54744
54996
55025
55043
55153
55395
55425
55523
55539
55609
55839
55964
55993
56028
56034
56128
56199
56240
56435
56608
56647
56652
56748
56774
56817
57009
57094
57146
57150
57419
57535
57552
57621
57722
57727
58128
58248
58309
58527
58609
58626
58695
58766
58806
58895
59161
59199
59219
59250
59361
59436
59533
59854
59869
59908
59915
59957
59993
59997
60102
60431
60485
60517
60583
60617
60694
60731
60829
60870
60942
61192
61294
61351
61478
61644
61686
61767
61862
61916
61956
62049
62456
62533
62746
62756
62760
62863
63032
63043
63051
63092
63094
63173
63189
63193
63198
63230
63236
63249
63250
63442
63456
63559
63569
63725
63882
63929
63963
64071
64239
64241
64259
64382
64458
64484
64724
64783
64951
65087
65147
65314
65367
65395
65792
66034
66172
66174
66265
66499
66605
66623
66730
67042
67126
67228
67273
67592
67601
67761
67764
67802
67902
67915
67931
68050
68086
68156
68253
68386
68430
68626
68700
68703
68745
68754
68772
68862
68966
69077
69184
69202
69354
69429
69486
69540
69882
69893
69957
70007
70078
70093
70112
70122
70388
70624
70812
70870
70886
70894
70959
70965
71107
71145
71360
71381
71515
71736
71866
71874
71924
72053
72138
72203
72243
72286
72291
72347
72349
72393
72859
73034
73107
73314
73399
73481
73507
73911
73931
74012
74062
74391
74442
74443
74708
74773
74843
74860
74970
75066
75070
75087
75151
75199
75221
75371
75493
75592
75825
75830
75838
75920
76018
76079
76234
76295
76358
76475
76673
77122
77202
77302
77352
77440
77605
77614
77673
77774
77850
77860
77912
77959
77978
77985
78028
78098
78210
78416
78418
78448
78458
78547
78559
78599
78695
78706
78774
78816
78819
78840
78952
79044
79107
79115
79132
79258
79266
79477
79503
79592
79597
79655
79712
79840
79937
79947
80105
80464
80542
80669
80737
80952
80965
81034
81137
81210
81374
81483
81490
81515
81576
81827
82071
82616
82686
82699
82704
82785
82930
82955
82991
83045
83052
83082
83090
83443
83501
83620
83663
83683
83800
83991
84157
84164
84310
84425
84658
84717
84762
84932
85144
85367
85383
85666
85673
85735
85747
85831
85886
85975
86108
86122
86219
86354
86544
86577
86787
87166
87257
87272
87433
87526
87533
87668
87751
87779
87871
87899
87927
87997
88010
88132
88282
88477
88732
88953
89036
89078
89366
89410
89446
89471
89482
89531
89622
89724
89813
89871
89882
89954
90189
90537
90636
90926
90998
91020
91156
91162
91193
91315
91382
91384
91389
91486
91600
91710
91753
91975
92235
92241
92248
92288
92383
92689
92762
92782
92808
93021
93093
93370
93653
93729
93870
93888
93899
94110
94295
94323
94473
94701
94981
95229
95232
95242
95576
96746
97237
158617
159471
162855
163834
171073
174795
177355
182309
182605
185327
186846
188051
189108
189800
205838
208877
209213
212925
217741
223006
224268
227629
238876
241213
99
101
115
118
130
134
141
156
232
255
661
755
774
817
1013
1033
1216
1232
1239
1298
1529
1621
1629
1729
1768
1789
1915
1952
2051
2052
2101
2391
2396
2415
2511
2558
2578
2611
2669
2811
2888
2979
3048
3156
3170
3194
3292
3416
3452
3896
3900
3934
3951
3961
4014
4116
4419
4580
4606
4628
4659
4664
4714
4984
5068
5205
5209
5293
5429
5430
5585
5650
5709
5718
5762
5899
5905
5963
6111
6165
6201
6300
6329
6382
6401
6425
6580
6628
6683
6856
6921
6950
7003
7026
7119
7332
7491
7508
7569
7585
7651
7743
7755
7858
7874
7895
8069
8094
8108
8165
8234
8322
8332
8349
8353
8464
8493
8508
8643
8666
8691
8800
8813
9058
9294
9377
9545
9562
9564
9601
9627
9717
9805
9806
9856
9871
9883
9890
9897
9925
10040
10071
10087
10147
10175
10245
10284
10506
10742
10785
10854
10870
10974
10980
11059
11061
11085
11088
11102
11207
11322
11357
11371
11416
11499
11528
11633
11674
11696
11848
11926
12191
12381
12385
12390
12398
12456
12700
12706
12799
12826
12947
12950
12979
13128
13222
13289
13314
13353
13413
13563
13723
13762
13843
13999
14181
14287
14365
14402
14428
14489
14558
14592
14621
14681
14752
14755
14782
14851
14887
14940
14968
15067
15090
15095
15193
15204
15210
15340
15346
15356
15366
15560
15597
15654
15655
15733
15765
15778
15887
15939
16017
16069
16082
16197
16294
16358
16425
16457
16473
16552
16556
16755
16789
16840
16860
17048
17078
17186
17233
17252
17258
17304
17326
17342
17540
17564
17613
17633
17635
17741
17766
17798
17908
18075
18110
18136
18200
18439
18442
18476
18522
18524
18591
18619
18667
18888
18917
18935
18964
19085
19177
19192
19249
19368
19408
19412
19539
19544
19683
19730
19811
19819
19890
19894
20009
20080
20082
20116
20138
20234
20276
20315
20384
20408
20433
20449
20457
20496
20497
20498
20597
20646
20807
20953
20972
20989
21016
21055
21105
21228
21232
21270
21277
21312
21349
21496
21497
21652
21683
21874
21915
21973
22001
22048
22182
22197
22233
22243
22309
22315
22326
22334
22348
22401
22514
22663
22857
22879
23006
23018
23137
23229
23383
23419
23445
23511
23644
23880
23916
24015
24034
24097
24121
24160
24168
24184
24190
24205
24281
24333
24383
24402
24465
24574
24583
24617
24629
24631
24641
24647
24698
24818
24831
24874
24878
24935
25065
25104
25161
25163
25248
25305
25451
25473
25548
25553
25741
25758
25783
25810
25893
25896
26025
26168
26213
26240
26274
26316
26368
26429
26451
26517
26552
26627
26639
26738
26875
26932
27005
27162
27215
27305
27317
27344
27414
27495
27634
27661
27681
27720
27804
27846
27853
27881
27958
28035
28127
28153
28169
28234
28408
28458
28547
28624
28648
28659
28676
28788
28791
28909
28981
28986
28997
29009
29063
29068
29125
29267
29306
29450
29500
29506
29702
29760
29776
29780
29870
29950
29955
29995
30014
30106
30142
30184
30198
30214
30308
30340
30355
30466
30539
30634
30646
30649
30677
30679
30683
30718
30836
30891
30904
30922
30996
30997
31164
31206
31208
31339
31488
31507
31524
31540
31565
31616
31646
31649
31718
31733
31745
31888
31900
32084
32099
32140
32176
32193
32228
32230
32241
32270
32277
32284
32312
32378
32495
32549
32624
32719
32728
32834
32878
32884
32967
32985
33130
33224
33251
33421
33435
33441
33463
33467
33591
33647
33648
33649
33685
33747
33759
33825
34019
34182
34188
34191
34203
34276
34289
34352
34457
34470
34506
34555
34581
34587
34609
34639
34690
34708
34769
34831
34848
34855
34905
34943
35016
35046
35048
35057
35067
35110
35179
35194
35322
35364
35406
35511
35595
35606
35777
35818
35930
36027
36158
36197
36247
36269
36279
36301
36344
36373
36384
36410
36423
36433
36586
36627
36784
36798
36817
36882
36945
36984
37058
37202
37319
37339
37348
37377
37413
37455
37466
37482
37494
37543
37606
37625
37660
37690
37732
37823
37896
37911
37996
38003
38030
38031
38067
38129
38191
38208
38216
38259
38354
38397
38469
38531
38555
38564
38633
38648
38667
38810
38886
38922
38986
39013
39037
39113
39119
39182
39187
39204
39222
39329
39426
39436
39652
39689
39734
39756
39816
39919
40023
40024
40028
40103
40241
40490
40514
40587
40617
40696
40734
40837
40860
40946
40980
41088
41104
41111
41152
41171
41197
41293
41395
41464
41493
41687
41932
42160
42237
42270
42334
42336
42477
42499
42625
42827
42955
42964
43049
43181
43182
43217
43267
43329
43445
43480
43500
43524
43546
43638
43650
43724
43755
43832
43845
44028
44042
44410
44556
44858
44872
44959
45021
45085
45167
45222
45350
45402
45514
45522
45639
45643
45676
45719
45731
45822
45905
45999
46028
46113
46124
46211
46307
46420
46696
46768
46841
46872
46892
46992
47131
47133
47139
47154
47238
47249
47251
47265
47282
47350
47405
47473
47488
47492
47551
47601
47627
47812
47889
47902
47973
48047
48129
48180
48181
48297
48318
48332
48394
48490
48580
48628
48652
48655
48694
48773
48798
49320
49333
49487
49569
49663
49697
49708
49712
49773
49798
49928
49971
50019
50077
50083
50145
50248
50398
50407
50460
50583
50703
50746
50760
50767
50832
50889
50923
50936
50962
51042
51127
51187
51290
51324
51333
51404
51427
51464
51574
51598
51625
51770
51861
51913
51937
52007
52048
52062
52109
52294
52363
52379
52412
52422
52463
52549
52633
52634
52741
52753
53063
53109
53159
53231
53637
53638
53679
53722
53812
53871
53924
53937
53992
54095
54233
54255
54329
54395
54528
54551
54747
54848
54858
54978
55015
55032
55089
55114
55143
55320
55335
55387
55446
55471
55564
55634
55743
55816
55851
55860
55889
55899
55923
55973
56060
56120
56166
56222
56266
56306
56330
56551
56823
56888
57048
57100
57110
57126
57148
57207
57227
57238
57289
57350
57405
57417
57468
57539
57545
57570
57623
57679
57698
57699
57756
57945
57986
58112
58146
58237
58247
58283
58362
58501
58539
58744
58814
58818
58843
58950
59140
59152
59190
59227
59288
59411
59507
59513
59606
60210
60226
60259
60267
60318
60401
60406
60413
60553
60560
60631
60702
60810
60869
61052
61205
61281
61331
61558
61568
61834
61885
61970
62035
62119
62141
62251
62284
62290
62335
62344
62346
62517
62563
62610
62634
62677
62685
62819
62881
62920
62963
62994
63068
63165
63286
63391
63397
63430
63476
63649
63658
63687
63799
63802
63806
63809
63816
63869
63888
63946
64004
64017
64057
64090
64127
64314
64345
64362
64446
64636
64688
64887
64971
65086
65109
65136
65194
65322
65356
65524
65547
65646
65702
65756
65786
65848
65884
65952
65990
66054
66138
66229
66338
66350
66404
66471
66496
66583
66590
66674
66758
66818
67121
67156
67287
67365
67541
67779
67807
67960
67966
68024
68274
68360
68395
68473
68507
68585
68648
68688
68706
68806
68873
68919
68923
68972
69050
69054
69072
69334
69361
69369
69375
69412
69431
69439
69452
69471
69567
69568
69649
69736
69805
69861
69920
69923
69993
70024
70075
70094
70137
70314
70495
70620
70672
70768
70778
70782
70821
70833
70841
70899
70927
71008
71110
71230
71240
71323
71349
71368
71380
71447
71512
71566
71927
71960
71970
72045
72210
72350
72409
72431
72605
72611
72637
72729
72813
72920
72938
72964
73032
73096
73167
73183
73264
73377
73544
73580
73638
73675
73707
73716
74034
74100
74116
74137
74386
74402
74420
74505
74641
74671
74697
74718
74821
74839
75079
75118
75200
75220
75227
75258
75331
75494
75519
75650
75835
75966
76226
76282
76428
76516
76542
76644
76711
76738
76757
76780
76918
76963
76966
77130
77235
77245
77265
77269
77292
77358
77405
77413
77420
77474
77564
77612
77710
77977
78096
78128
78196
78341
78363
78493
78570
78790
78851
78931
78997
79027
79098
79133
79152
79273
79286
79497
79575
79795
79893
79944
79968
80174
80425
80523
80531
80544
80570
80800
80898
81142
81411
81499
81522
81727
81828
81885
81936
82229
82318
82717
82915
82980
83004
83133
83166
83185
83226
83354
83457
83493
83521
83570
83608
83691
83793
83823
83943
84189
84302
84390
84422
84665
84721
84727
84745
84779
84901
85086
85210
85323
85339
85527
85723
85763
86034
86062
86097
86210
86403
86527
86655
86856
86909
86981
87088
87106
87308
87336
87382
87444
87476
87512
87673
87710
87725
87778
87841
87843
88128
88172
88198
88445
88601
88747
88829
88917
89008
89145
89212
89389
89422
89456
89597
89679
89729
90033
90093
90190
90229
90328
90341
90589
90651
90736
90843
90888
91130
91355
91458
91530
91546
91607
91810
91880
91952
91960
92082
92114
92180
92296
92370
92381
92561
92584
92659
92661
92706
92739
92813
92870
92950
92991
93046
93092
93177
93225
93430
93443
93767
94001
94047
94218
94259
94305
94347
94348
94428
94740
94879
94901
94929
94950
94967
95277
95462
95500
110257
149663
157677
157775
159582
161830
164509
171227
175726
177026
182874
189852
191241
193526
194179
196306
196349
196932
199841
199982
207862
208162
208811
214557
216059
216619
218218
218644
219373
221306
225588
226224
226276
226796
231158
234458
242609
106
116
129
142
169
373
399
468
649
705
909
983
1011
1036
1051
1168
1297
1337
1403
1594
1645
1725
1755
1863
1920
1976
2025
2041
2062
2087
2130
2175
2352
2409
2412
2422
2460
2498
2601
2636
2758
2776
2828
2834
2862
2875
2963
3006
3014
3062
3097
3399
3411
3419
3483
3522
3543
3600
3617
3629
3649
3695
3739
3747
3748
3865
3998
4007
4043
4074
4086
4118
4132
4157
4298
4317
4318
4335
4412
4432
4454
4517
4600
4622
4645
4675
4683
4715
4717
4721
4725
4735
4793
4867
4934
4943
4972
4986
5006
5026
5083
5232
5269
5301
5397
5442
5446
5494
5537
5584
5680
5769
5907
5928
5958
5974
5988
5998
6079
6115
6152
6204
6210
6275
6315
6318
6362
6538
6540
6589
6706
6733
6756
6769
6788
6797
6867
6868
6882
6896
6910
6931
6998
7018
7140
7149
7194
7266
7271
7348
7432
7433
7447
7504
7517
7548
7648
7684
7712
7719
7750
7764
7798
7880
7957
8233
8237
8244
8289
8391
8392
8447
8501
8675
8717
8762
8810
8818
8899
8916
8941
8950
8966
9062
9083
9105
9124
9143
9181
9183
9188
9426
9449
9452
9489
9499
9514
9525
9713
9715
9748
9760
9812
9820
9877
9902
9926
9965
9975
9991
10017
10021
10059
10067
10082
10090
10139
10144
10305
10316
10337
10405
10528
10589
10611
10655
10697
10889
10902
10915
10954
10971
11014
11089
11095
11104
11130
11309
11356
11380
11391
11410
11546
11557
11642
11647
11700
11711
11726
11741
11852
11935
11948
11975
11994
12029
12033
12049
12095
12117
12230
12257
12494
12550
12554
12694
12723
12939
12969
13137
13198
13221
13237
13260
13312
13344
13348
13362
13471
13512
13623
13638
13681
13713
13829
13860
13873
13886
13925
14023
14102
14151
14182
14183
14227
14358
14375
14382
14383
14451
14457
14517
14539
14544
14557
14678
14768
14775
14808
14819
14848
14864
14881
15020
15051
15155
15181
15219
15235
15359
15405
15410
15438
15469
15490
15555
15566
15587
15690
15706
15721
15831
15861
15878
15888
15909
15935
15941
15948
15965
15978
15991
16053
16102
16172
16217
16233
16331
16349
16409
16482
16486
16554
16616
16666
16678
16686
16830
16841
16878
16898
16945
16958
16965
16982
16998
17035
17042
17052
17087
17163
17237
17245
17246
17280
17318
17348
17427
17438
17442
17491
17500
17504
17542
17579
17582
17670
17767
17776
17801
17815
17837
17855
17870
17907
17910
17916
18057
18188
18263
18273
18319
18359
18378
18401
18456
18506
18592
18621
18680
18701
18795
18835
18840
18855
18923
18962
18966
18993
19005
19014
19051
19080
19094
19128
19137
19142
19228
19233
19294
19317
19382
19480
19520
19543
19585
19615
19627
19644
19661
19699
19753
19760
19838
19843
19875
19923
19951
19981
20035
20042
20053
20062
20087
20093
20130
20208
20229
20240
20328
20352
20356
20386
20432
20518
20558
20757
20763
20775
20942
21017
21035
21041
21052
21141
21157
21163
21273
21290
21366
21370
21371
21372
21389
21417
21434
21481
21632
21641
21724
21729
21742
21809
21871
21881
21888
21992
22027
22039
22117
22127
22137
22227
22239
22297
22308
22322
22328
22379
22395
22406
22510
22528
22536
22729
22771
22794
22850
22861
22873
22931
22960
23059
23093
23234
23246
23322
23369
23374
23426
23516
23520
23546
23633
23678
23780
23783
23817
23914
23930
23934
23952
23961
24105
24226
24235
24322
24340
24387
24445
24565
24614
24636
24637
24642
24643
24661
24702
24716
24738
24744
24775
24810
24844
24907
24911
24914
24926
24931
24944
24962
24977
25049
25094
25098
25190
25194
25260
25270
25273
25277
25338
25355
25391
25406
25519
25564
25597
25607
25622
25757
25772
25787
25805
25807
25943
25953
26024
26117
26235
26239
26247
26262
26263
26275
26356
26425
26438
26458
26509
26636
26649
26671
26698
26701
26737
26753
26770
26774
26799
26839
26859
26879
26895
26933
26957
27003
27009
27033
27040
27065
27069
27111
27171
27172
27210
27240
27277
27316
27337
27409
27412
27465
27469
27525
27528
27543
27558
27576
27591
27613
27619
27621
27631
27673
27767
27849
27967
28110
28149
28199
28211
28313
28321
28362
28398
28422
28425
28433
28514
28538
28567
28593
28633
28768
28812
28838
28845
28954
28979
28983
29133
29136
29159
29230
29244
29298
29357
29377
29442
29490
29493
29511
29561
29563
29564
29622
29654
29704
29731
29743
29775
29817
29827
29899
29980
30056
30119
30179
30187
30216
30221
30327
30349
30352
30405
30422
30430
30439
30522
30578
30611
30618
30625
30652
30727
30731
30748
30853
30937
30944
30954
30983
31072
31109
31129
31167
31210
31227
31241
31256
31272
31284
31302
31305
31352
31553
31556
31558
31581
31611
31652
31672
31673
31677
31744
31862
31868
31876
31885
31896
31957
31970
31974
31986
32031
32220
32235
32250
32269
32285
32294
32309
32360
32398
32424
32427
32460
32479
32482
32515
32531
32609
32612
32616
32626
32657
32665
32691
32702
32727
32750
32777
32809
32844
32891
32892
32905
32933
33027
33033
33070
33071
33095
33147
33164
33216
33230
33284
33287
33319
33366
33445
33466
33476
33517
33532
33570
33617
33738
33766
33775
33911
33972
33981
34011
34035
34044
34048
34062
34068
34072
34192
34232
34236
34281
34291
34356
34392
34435
34500
34545
34564
34686
34700
34722
34727
34768
34791
34794
34801
34808
34881
34902
34906
34926
34997
34998
35006
35051
35054
35102
35174
35216
35238
35257
35281
35340
35355
35395
35436
35477
35493
35529
35713
35776
35801
35828
35840
35915
35942
36028
36030
36062
36105
36138
36164
36174
36207
36225
36254
36371
36395
36425
36446
36539
36612
36652
36770
36820
36841
36846
36900
36941
36958
37037
37044
37047
37068
37109
37142
37174
37197
37326
37333
37334
37350
37421
37527
37534
37542
37554
37659
37722
37774
37791
37801
37871
37907
37926
37932
37933
38026
38028
38126
38133
38220
38273
38323
38334
38443
38446
38511
38516
38583
38607
38699
38725
38740
38773
38777
38829
38872
38931
38938
38963
38965
38992
39018
39023
39031
39047
39061
39123
39139
39146
39152
39177
39228
39232
39375
39420
39445
39448
39478
39497
39524
39532
39543
39550
39556
39564
39607
39640
39653
39716
39783
39785
39788
39823
39835
39889
39955
40002
40022
40050
40073
40182
40231
40272
40339
40351
40357
40360
40370
40386
40427
40436
40461
40499
40559
40579
40708
40773
40775
40790
40791
40821
40825
40920
40936
40974
40978
40983
41102
41131
41186
41190
41222
41302
41367
41494
41569
41579
41594
41619
41645
41649
41695
41711
41747
41763
41833
41850
41861
41869
41892
41937
41946
41974
42001
42003
42006
42033
42062
42187
42208
42264
42303
42355
42471
42480
42524
42535
42589
42590
42638
42663
42679
42803
42843
42890
42954
43043
43075
43079
43121
43142
43146
43194
43220
43269
43287
43304
43397
43412
43429
43513
43548
43582
43717
43732
43838
43884
43897
43941
44025
44080
44112
44115
44122
44129
44227
44240
44268
44312
44370
44374
44386
44393
44401
44421
44493
44523
44595
44679
44754
44756
44827
44850
44856
44935
44950
45002
45007
45011
45081
45241
45274
45310
45502
45509
45516
45584
45601
45607
45620
45728
45807
45883
45885
45888
45916
45936
45953
45961
46019
46154
46156
46173
46206
46272
46290
46297
46323
46329
46335
46365
46379
46405
46491
46500
46524
46528
46574
46594
46636
46645
46665
46733
46767
46785
46847
46946
46965
47000
47007
47032
47099
47198
47202
47216
47219
47296
47379
47396
47407
47422
47448
47457
47459
47461
47649
47650
47655
47750
47793
47808
47862
47872
47984
47999
48000
48026
48070
48071
48074
48138
48158
48163
48221
48225
48227
48258
48324
48325
48366
48377
48382
48497
48509
48518
48542
48549
48576
48718
48751
48752
48757
48809
48877
48962
48970
49020
49034
49060
49148
49337
49377
49512
49540
49595
49754
49806
49809
49880
49884
50024
50042
50067
50069
50114
50174
50216
50267
50323
50384
50386
50390
50397
50654
50661
50705
50743
50844
50854
50873
50904
50932
50940
50969
50984
51026
51033
51063
51074
51102
51142
51185
51228
51323
51353
51368
51370
51477
51487
51499
51509
51534
51689
51748
51800
51881
51932
52023
52039
52058
52094
52170
52193
52270
52317
52326
52343
52347
52373
52380
52396
52406
52471
52636
52661
52714
52828
52916
52932
52977
53024
53046
53084
53094
53248
53251
53265
53292
53323
53337
53339
53403
53427
53510
53526
53607
53631
53653
53710
53714
53718
53797
53823
53856
53886
53906
54006
54091
54092
54132
54135
54159
54189
54200
54223
54256
54312
54369
54386
54392
54440
54557
54559
54577
54639
54708
54879
54987
55021
55156
55214
55216
55231
55264
55269
55276
55278
55292
55317
55322
55410
55413
55468
55508
55519
55525
55550
55613
55646
55661
55681
55688
55748
55763
55852
55855
55906
55926
55984
56077
56113
56114
56134
56149
56216
56270
56317
56335
56346
56368
56453
56467
56478
56486
56507
56571
56611
56612
56626
56645
56697
56720
56759
56766
56771
56809
56822
56871
56898
56909
56944
57129
57161
57163
57168
57216
57234
57247
57255
57263
57311
57323
57341
57355
57388
57463
57566
57607
57617
57659
57674
57729
57815
57825
57835
57840
57904
57972
57988
58082
58085
58103
58197
58254
58300
58301
58306
58356
58478
58544
58669
58729
58861
58930
58975
59022
59040
59047
59066
59076
59232
59233
59265
59316
59320
59346
59421
59432
59474
59476
59547
59678
59699
59702
59713
59843
59874
59876
59883
59891
59916
59953
60039
60046
60071
60107
60244
60254
60288
60331
60352
60355
60378
60419
60445
60459
60465
60489
60568
60599
60799
60827
60891
60901
60919
60921
61021
61060
61084
61116
61126
61222
61261
61274
61342
61370
61406
61448
61496
61521
61528
61578
61730
61876
61898
61941
61966
62044
62092
62097
62130
62171
62253
62265
62272
62288
62306
62312
62337
62356
62667
62694
62724
62789
62814
62824
62825
62884
62930
62948
62969
63026
63145
63149
63169
63208
63232
63335
63406
63453
63468
63478
63495
63504
63557
63582
63596
63645
63662
63730
63770
63793
63832
63835
64009
64062
64073
64101
64145
64269
64351
64370
64522
64531
64547
64575
64663
64708
64721
64730
64752
64753
64758
64809
64867
64871
64948
65057
65065
65100
65125
65177
65337
65389
65413
65423
65444
65454
65480
65511
65514
65523
65630
65649
65657
65789
65814
65823
65894
65902
65915
66020
66026
66168
66263
66307
66314
66317
66323
66335
66358
66367
66373
66418
66419
66459
66486
66541
66571
66581
66586
66609
66680
66692
66753
66825
66880
66882
66890
66902
67065
67285
67389
67467
67537
67558
67600
67630
67724
67887
67897
67945
67968
68035
68055
68242
68396
68410
68414
68471
68509
68532
68559
68612
68720
68804
68875
68924
68969
68988
69079
69114
69282
69320
69388
69393
69395
69508
69528
69544
69628
69709
69772
69824
69828
69890
69937
69963
69983
70081
70098
70106
70145
70207
70243
70255
70318
70396
70427
70448
70505
70520
70547
70567
70596
70642
70680
70688
70758
70825
70923
70982
71031
71084
71091
71097
71127
71216
71238
71314
71377
71399
71460
71496
71505
71615
71685
71686
71789
71796
71800
71912
72057
72076
72111
72184
72253
72272
72276
72401
72474
72481
72488
72493
72496
72504
72527
72541
72583
72603
72622
72633
72680
72726
72792
72796
72915
72918
73051
73081
73140
73176
73178
73209
73212
73216
73445
73461
73501
73565
73624
73666
73732
73809
73825
73860
73913
73916
73963
74104
74145
74189
74202
74204
74206
74226
74236
74314
74508
74515
74550
74609
74620
74662
74689
74715
74788
74793
74804
74835
74894
74993
75025
75026
75032
75106
75143
75169
75196
75206
75219
75243
75245
75304
75307
75326
75370
75379
75400
75409
75478
75505
75584
75606
75703
75714
75833
75899
75932
75992
76048
76113
76176
76365
76491
76511
76574
76597
76650
76798
76807
76810
76852
76971
77228
77250
77380
77402
77446
77535
77590
77598
77621
77677
77737
77761
77816
77918
77948
78064
78106
78113
78148
78155
78163
78226
78275
78282
78352
78413
78419
78549
78560
78587
78711
78713
78813
78901
78909
78963
78994
79017
79024
79052
79054
79062
79084
79147
79218
79254
79259
79353
79407
79433
79439
79450
79504
79557
79615
79701
79756
79830
80039
80054
80073
80103
80197
80203
80246
80291
80314
80470
80505
80589
80609
80715
80785
80789
80852
81022
81032
81081
81119
81202
81259
81295
81362
81368
81513
81525
81592
81642
81689
81715
81719
81757
82099
82139
82234
82248
82297
82324
82464
82480
82513
82573
82615
82685
82712
82799
82808
82903
82905
82926
83011
83114
83123
83214
83264
83391
83392
83454
83520
83524
83775
83782
83853
84095
84142
84262
84272
84296
84364
84470
84473
84545
84612
84625
84634
84661
84691
84710
84746
84788
84818
84826
84846
84890
84919
84933
84976
85007
85028
85080
85154
85286
85347
85357
85404
85419
85439
85491
85529
85569
85623
85703
85739
85784
85864
85941
85994
86015
86077
86143
86184
86227
86270
86443
86463
86468
86522
86740
86767
86809
86825
86836
86870
87076
87174
87250
87256
87490
87528
87623
87639
87682
87703
87707
87719
87722
87748
87807
87811
87855
87883
87888
87923
87952
88017
88153
88182
88202
88227
88268
88379
88429
88504
88766
88770
88827
88879
88881
88923
88946
88960
88962
88965
89009
89050
89081
89107
89203
89247
89254
89382
89399
89495
89516
89519
89621
89897
89951
89982
89999
90096
90120
90273
90277
90309
90370
90405
90409
90464
90465
90493
90781
90790
90799
90824
90865
90872
90881
90900
90929
90942
90943
90966
90991
91026
91066
91136
91168
91266
91277
91311
91395
91501
91604
91666
91735
91758
91761
91823
91834
91871
91892
91908
91911
91989
92075
92130
92139
92146
92254
92382
92387
92429
92441
92448
92490
92524
92771
92818
92852
92943
92956
92959
93006
93088
93330
93464
93474
93580
93583
93801
93860
93984
93997
94050
94056
94068
94147
94247
94431
94459
94464
94554
94618
94680
94735
94747
94873
94948
94968
95038
95179
95193
95205
95207
95218
95259
95288
95308
95343
95396
95423
95509
95529
95641
95657
95665
95673
95750
95986
96053
96301
96311
96702
96752
96822
96838
148844
149837
152084
152127
153065
153495
154642
154845
155738
157047
157258
159103
159378
161371
161956
162084
163514
164289
164840
169056
169752
169760
171995
174548
177034
180522
181653
182924
183640
186260
187431
188335
189439
190857
193591
195397
195545
198241
198359
198857
199231
200217
200717
201388
201943
203073
203311
204155
205774
206366
208380
211536
213695
213982
218210
221544
221768
222542
222934
223614
224308
224716
226215
234145
234880
238092
238310
239724
239728
242401
246561
131
144
145
152
160
165
170
690
838
876
962
1023
1185
1256
1338
1384
1486
1649
1703
1710
1731
1869
1903
2003
2023
2104
2105
2151
2230
2274
2296
2314
2347
2350
2436
2527
2591
2607
2633
2641
2693
2701
2722
2724
2727
2740
2755
2760
2810
2832
2916
2919
3029
3031
3100
3116
3121
3142
3266
3279
3329
3432
3657
3664
3700
3709
3731
3767
3823
3851
3852
3872
3904
3909
3948
3966
3987
4008
4053
4130
4135
4155
4167
4266
4287
4296
4311
4321
4347
4357
4372
4385
4397
4428
4436
4464
4491
4547
4552
4554
4591
4634
4698
4784
4788
4795
4910
4921
5094
5102
5108
5114
5123
5166
5172
5184
5191
5195
5239
5260
5266
5276
5321
5325
5341
5476
5498
5512
5520
5596
5623
5644
5656
5665
5690
5713
5729
5739
5747
5783
5784
5815
5849
5913
5930
5992
6035
6049
6098
6104
6128
6135
6156
6200
6252
6265
6273
6332
6352
6358
6399
6400
6410
6445
6449
6464
6471
6492
6528
6529
6559
6567
6588
6598
6603
6624
6630
6638
6655
6661
6668
6693
6714
6723
6752
6771
6783
6818
6845
6854
6887
6913
6958
7009
7037
7086
7169
7209
7236
7243
7277
7303
7327
7349
7362
7367
7373
7375
7411
7467
7487
7507
7509
7516
7518
7553
7611
7657
7670
7674
7713
7717
7727
7747
7779
7796
7850
7851
7877
7901
7963
8004
8062
8066
8071
8100
8113
8137
8140
8170
8178
8186
8192
8194
8223
8235
8254
8260
8304
8305
8360
8371
8372
8375
8377
8417
8432
8435
8490
8502
8514
8568
8584
8586
8593
8622
8640
8651
8664
8682
8697
8724
8777
8803
8835
8912
8918
8999
9006
9016
9031
9049
9113
9120
9135
9157
9164
9204
9216
9245
9289
9309
9313
9315
9340
9342
9347
9348
9355
9368
9407
9527
9541
9548
9573
9580
9594
9607
9625
9630
9632
9650
9708
9736
9753
9756
9763
9778
9804
9811
9860
9904
9905
9941
9950
10004
10038
10091
10120
10157
10212
10230
10437
10440
10456
10493
10500
10517
10529
10531
10532
10558
10563
10587
10605
10619
10627
10690
10707
10720
10760
10767
10770
10781
10818
10827
10852
10881
10905
10929
10941
10952
10962
11011
11099
11137
11151
11154
11175
11184
11230
11235
11251
11257
11278
11285
11334
11365
11374
11379
11404
11420
11422
11424
11430
11476
11527
11548
11578
11583
11597
11608
11620
11624
11643
11645
11660
11678
11679
11681
11699
11801
11815
11831
11833
11845
11920
11923
11944
11952
11968
11973
11997
12015
12030
12035
12056
12060
12073
12125
12154
12163
12176
12214
12226
12229
12260
12295
12327
12336
12345
12376
12387
12401
12426
12429
12444
12511
12517
12520
12541
12542
12562
12579
12637
12643
12644
12683
12693
12708
12712
12724
12731
12738
12747
12781
12791
12816
12824
12853
12871
12885
12923
12959
12982
12988
13099
13115
13182
13191
13208
13220
13244
13288
13358
13367
13388
13400
13410
13419
13451
13476
13489
13490
13519
13567
13571
13586
13599
13639
13689
13691
13705
13722
13789
13800
13803
13842
13848
13850
13856
13865
13915
13972
13993
14013
14047
14072
14089
14091
14110
14115
14137
14141
14148
14168
14191
14216
14262
14277
14320
14348
14349
14413
14437
14493
14495
14499
14551
14576
14581
14583
14609
14618
14634
14659
14759
14770
14774
14825
14846
14867
14884
14898
14912
14915
14918
14938
14945
14961
14964
15022
15039
15042
15055
15064
15071
15117
15125
15126
15128
15157
15190
15230
15274
15295
15302
15311
15371
15386
15423
15436
15445
15448
15456
15477
15485
15528
15535
15539
15592
15608
15633
15638
15659
15670
15683
15716
15719
15735
15777
15787
15864
15868
15883
15885
15921
15938
15979
15987
16019
16089
16103
16105
16133
16142
16143
16147
16180
16200
16225
16230
16293
16308
16313
16330
16337
16403
16416
16429
16438
16448
16449
16506
16536
16577
16578
16582
16586
16617
16632
16664
16692
16697
16740
16746
16762
16767
16816
16896
16909
16915
16929
16937
16976
17073
17075
17097
17143
17144
17146
17198
17206
17295
17309
17321
17355
17368
17501
17614
17699
17705
17711
17765
17781
17791
17873
17913
17925
17936
18043
18063
18073
18090
18142
18145
18148
18151
18179
18202
18224
18230
18277
18288
18302
18315
18324
18332
18371
18391
18397
18409
18450
18452
18454
18473
18505
18510
18530
18575
18595
18596
18600
18631
18642
18653
18703
18752
18785
18789
18797
18798
18862
18883
18918
18928
18965
18985
19008
19022
19035
19045
19047
19061
19067
19068
19083
19167
19217
19227
19288
19291
19313
19320
19342
19345
19374
19376
19378
19379
19386
19415
19422
19425
19429
19487
19499
19516
19552
19575
19589
19622
19676
19690
19830
19831
19845
19849
19883
19904
19908
19920
19934
19939
19987
20001
20014
20021
20051
20064
20086
20096
20107
20108
20120
20131
20151
20178
20196
20237
20265
20268
20297
20316
20322
20337
20350
20360
20388
20389
20393
20415
20421
20435
20464
20469
20487
20504
20523
20534
20545
20565
20573
20577
20616
20623
20631
20666
20696
20702
20724
20732
20805
20833
20844
20882
20906
20932
20937
20964
20965
20968
20995
21031
21069
21089
21097
21100
21122
21168
21177
21203
21211
21216
21217
21225
21240
21284
21289
21316
21368
21374
21403
21423
21428
21456
21471
21478
21491
21502
21507
21515
21517
21530
21542
21555
21566
21589
21607
21667
21676
21678
21690
21755
21767
21790
21854
21867
21936
21938
21965
21987
21991
22002
22060
22061
22086
22101
22103
22136
22143
22165
22222
22256
22265
22280
22343
22353
22354
22391
22407
22422
22432
22450
22473
22479
22480
22483
22501
22507
22522
22544
22546
22564
22584
22622
22630
22640
22641
22644
22650
22662
22672
22685
22692
22695
22707
22710
22730
22796
22799
22809
22833
22839
22858
22868
22901
22904
22911
22992
23026
23072
23103
23108
23196
23219
23239
23260
23261
23264
23275
23335
23350
23361
23362
23381
23382
23418
23423
23439
23444
23455
23478
23482
23489
23509
23527
23532
23577
23583
23597
23601
23603
23616
23628
23657
23670
23729
23733
23739
23741
23792
23853
23885
23906
23938
23949
23953
23976
24007
24013
24023
24041
24063
24066
24069
24071
24077
24119
24136
24143
24156
24178
24187
24192
24193
24221
24227
24246
24247
24253
24261
24265
24319
24324
24369
24381
24447
24486
24487
24490
24493
24521
24548
24567
24578
24604
24657
24687
24723
24786
24800
24811
24817
24822
24858
24860
24861
24884
24917
24942
24946
24964
25036
25043
25085
25120
25129
25140
25142
25186
25201
25202
25203
25245
25269
25282
25349
25370
25382
25400
25418
25462
25464
25480
25562
25572
25577
25586
25680
25704
25714
25717
25737
25745
25754
25802
25826
25837
25872
25877
25933
25940
25979
26007
26047
26055
26104
26114
26164
26177
26186
26193
26196
26248
26266
26287
26325
26340
26342
26365
26396
26439
26446
26491
26503
26529
26536
26538
26550
26556
26610
26614
26617
26710
26720
26734
26745
26746
26749
26758
26779
26781
26786
26811
26861
26877
26943
26977
26986
27030
27032
27038
27062
27063
27087
27097
27120
27180
27198
27199
27225
27230
27243
27265
27272
27275
27286
27288
27291
27295
27312
27318
27330
27353
27371
27373
27401
27411
27428
27456
27459
27479
27501
27562
27563
27568
27588
27635
27640
27652
27671
27688
27694
27710
27721
27763
27766
27770
27778
27786
27788
27884
27913
27946
27968
27992
28042
28055
28058
28141
28143
28183
28195
28262
28266
28281
28300
28357
28390
28395
28403
28407
28498
28502
28526
28536
28537
28540
28563
28579
28585
28635
28651
28658
28687
28688
28697
28702
28778
28799
28800
28872
28885
28961
29005
29029
29038
29040
29052
29074
29120
29144
29189
29233
29237
29249
29253
29300
29301
29339
29351
29359
29388
29399
29414
29425
29430
29462
29481
29518
29570
29575
29615
29619
29629
29670
29678
29694
29728
29778
29791
29792
29808
29811
29815
29822
29843
29880
29893
29908
29927
29931
29935
29938
29973
29982
29998
30007
30016
30019
30043
30046
30087
30094
30139
30160
30180
30190
30204
30209
30253
30254
30285
30290
30293
30296
30303
30313
30336
30347
30363
30404
30413
30415
30427
30442
30443
30462
30465
30483
30484
30502
30506
30507
30538
30567
30575
30601
30604
30606
30648
30653
30657
30660
30670
30674
30692
30722
30749
30761
30805
30814
30848
30871
30882
30899
30931
30957
31030
31037
31049
31061
31064
31065
31087
31091
31127
31137
31143
31189
31193
31195
31200
31220
31240
31242
31245
31249
31275
31300
31308
31327
31379
31380
31389
31422
31427
31451
31461
31464
31466
31484
31485
31510
31525
31534
31537
31569
31586
31604
31605
31612
31614
31624
31627
31709
31714
31765
31810
31815
31884
31906
31907
31975
32024
32048
32050
32055
32127
32171
32181
32201
32208
32210
32222
32242
32267
32406
32450
32456
32472
32498
32503
32512
32519
32532
32545
32557
32558
32565
32567
32571
32584
32588
32594
32599
32601
32611
32617
32640
32711
32721
32725
32752
32774
32795
32801
32829
32851
32854
32865
32894
32903
32917
32947
32953
32977
32994
33015
33026
33053
33062
33078
33085
33107
33108
33125
33140
33151
33158
33171
33211
33264
33276
33279
33294
33298
33311
33312
33386
33395
33426
33446
33492
33519
33522
33541
33552
33554
33556
33572
33621
33626
33631
33646
33658
33682
33714
33741
33746
33786
33816
33817
33845
33852
33854
33857
33865
33872
33875
33903
33914
33916
33922
33957
33965
34018
34046
34047
34055
34073
34081
34123
34180
34221
34267
34299
34318
34330
34351
34375
34385
34399
34461
34482
34496
34504
34529
34596
34682
34703
34705
34706
34713
34724
34762
34809
34825
34856
34945
34990
34991
35017
35052
35065
35095
35109
35133
35158
35224
35235
35244
35269
35325
35349
35357
35361
35368
35373
35431
35437
35439
35445
35456
35485
35522
35553
35557
35591
35596
35608
35612
35623
35634
35636
35648
35650
35653
35693
35715
35734
35762
35768
35806
35946
35957
35969
35992
36000
36033
36034
36097
36127
36151
36155
36168
36199
36201
36210
36218
36296
36328
36332
36336
36352
36368
36385
36408
36424
36454
36472
36514
36538
36582
36601
36607
36608
36647
36671
36681
36695
36699
36709
36722
36742
36777
36801
36807
36827
36885
36923
36927
36980
36986
37022
37023
37045
37062
37108
37117
37149
37163
37213
37226
37237
37310
37329
37337
37351
37366
37397
37403
37443
37453
37549
37596
37627
37670
37672
37680
37689
37702
37760
37762
37768
37769
37782
37786
37797
37913
37928
37973
38011
38015
38019
38065
38070
38073
38091
38111
38120
38125
38141
38154
38158
38178
38184
38189
38233
38296
38298
38347
38357
38361
38377
38381
38456
38464
38470
38480
38494
38503
38557
38632
38653
38656
38669
38675
38704
38726
38733
38741
38863
38864
38869
38877
38883
38907
38911
38921
38936
38980
38983
38985
39024
39065
39075
39089
39128
39168
39172
39179
39181
39209
39237
39238
39239
39241
39257
39303
39313
39338
39365
39369
39384
39410
39416
39421
39428
39440
39472
39495
39496
39516
39602
39615
39621
39629
39655
39688
39710
39749
39782
39793
39836
39849
39853
39970
39973
40015
40019
40059
40077
40093
40109
40111
40122
40155
40165
40174
40270
40311
40374
40398
40405
40438
40505
40511
40536
40539
40583
40590
40611
40638
40640
40648
40666
40671
40689
40716
40724
40795
40834
40851
40907
40911
40913
40914
40940
40979
41000
41047
41059
41063
41066
41067
41113
41127
41148
41194
41219
41255
41278
41354
41388
41413
41414
41469
41510
41523
41591
41599
41603
41616
41623
41630
41654
41667
41685
41698
41735
41739
41778
41786
41804
41906
41940
41948
41979
42005
42029
42035
42124
42125
42149
42153
42170
42217
42234
42246
42254
42290
42333
42346
42347
42363
42423
42432
42441
42453
42459
42470
42497
42527
42559
42592
42593
42630
42634
42635
42677
42689
42716
42720
42742
42788
42804
42842
42860
42899
42922
42948
42959
43022
43055
43078
43092
43131
43156
43157
43226
43233
43245
43266
43355
43411
43427
43428
43468
43520
43535
43563
43567
43589
43599
43636
43649
43654
43670
43676
43700
43745
43756
43766
43767
43826
43866
43887
43917
43923
43943
44003
44006
44009
44035
44061
44062
44118
44143
44144
44158
44163
44166
44184
44203
44213
44216
44237
44239
44253
44256
44257
44264
44265
44331
44336
44345
44367
44399
44400
44402
44416
44423
44439
44512
44552
44569
44575
44591
44598
44613
44639
44641
44689
44805
44811
44820
44821
44826
44897
44903
44917
44921
44965
44995
45040
45058
45115
45131
45168
45270
45282
45286
45334
45373
45393
45404
45406
45417
45428
45469
45488
45493
45499
45525
45538
45621
45624
45632
45633
45713
45730
45741
45754
45796
45828
45836
45903
45910
45934
45942
45946
45947
45998
46083
46091
46157
46168
46176
46186
46203
46238
46243
46251
46257
46264
46302
46309
46332
46336
46343
46347
46352
46378
46390
46396
46406
46434
46453
46469
46485
46493
46512
46525
46541
46556
46557
46599
46601
46632
46638
46649
46670
46731
46747
46794
46834
46835
46838
46862
46878
46894
46908
46944
46945
46951
46953
46990
46991
47038
47069
47075
47080
47091
47103
47108
47109
47115
47140
47141
47166
47182
47183
47185
47199
47206
47267
47292
47294
47299
47302
47325
47332
47339
47359
47368
47393
47441
47603
47605
47616
47651
47690
47695
47716
47729
47751
47797
47799
47822
47824
47837
47851
47855
47901
47915
47940
47942
47955
48005
48033
48040
48110
48144
48152
48156
48175
48179
48183
48220
48241
48260
48263
48312
48319
48330
48340
48351
48390
48439
48463
48465
48536
48571
48624
48631
48641
48668
48685
48698
48700
48704
48727
48738
48811
48832
48846
48849
48859
48865
48879
48886
48897
48909
48926
48937
48958
48967
48992
49008
49022
49065
49112
49189
49193
49222
49227
49240
49242
49284
49331
49338
49380
49387
49390
49401
49428
49430
49458
49459
49472
49476
49498
49552
49564
49570
49572
49658
49691
49702
49820
49823
49848
49889
49899
49906
49931
49954
49966
49994
50006
50054
50061
50079
50095
50167
50202
50210
50224
50339
50366
50385
50436
50462
50467
50511
50530
50662
50708
50712
50718
50724
50749
50761
50788
50794
50801
50842
50850
50960
51013
51094
51099
51104
51138
51148
51254
51287
51315
51328
51331
51355
51357
51361
51389
51415
51443
51461
51479
51483
51517
51526
51533
51569
51580
51583
51640
51674
51688
51950
51975
51985
51994
52004
52027
52055
52068
52092
52103
52139
52179
52194
52218
52225
52302
52352
52384
52404
52449
52450
52453
52472
52479
52488
52492
52513
52570
52589
52608
52685
52722
52723
52756
52767
52810
52819
52836
52850
52871
52888
52892
52910
52943
52951
52956
52971
53002
53010
53015
53042
53060
53098
53110
53126
53163
53187
53193
53235
53333
53394
53409
53440
53488
53518
53525
53562
53606
53615
53636
53649
53667
53700
53762
53809
53826
53833
53870
53880
53966
53982
54013
54048
54055
54093
54108
54115
54117
54129
54131
54161
54181
54197
54209
54231
54264
54266
54287
54327
54339
54362
54382
54400
54428
54558
54568
54570
54592
54625
54628
54649
54731
54756
54765
54791
54810
54821
54871
54877
54931
54940
54979
54988
55074
55103
55167
55201
55217
55233
55262
55308
55323
55343
55344
55421
55423
55440
55444
55454
55496
55506
55507
55513
55577
55610
55626
55644
55647
55651
55709
55747
55753
55775
55781
55803
55807
55811
55821
55869
55870
55911
55913
55940
55953
55959
55967
55985
56002
56005
56029
56055
56073
56122
56157
56163
56178
56183
56191
56231
56237
56244
56255
56260
56284
56328
56331
56336
56364
56483
56491
56501
56527
56565
56643
56664
56665
56684
56696
56707
56724
56728
56730
56769
56801
56818
56839
56872
56896
56899
56930
56941
56958
56970
56972
56993
57036
57050
57087
57115
57153
57183
57223
57230
57262
57309
57348
57352
57390
57394
57412
57413
57435
57436
57450
57454
57482
57509
57556
57596
57597
57675
57680
57696
57703
57711
57766
57797
57799
57836
57865
57868
57893
57931
57961
57965
58003
58036
58038
58044
58068
58161
58162
58164
58242
58270
58323
58335
58348
58425
58456
58462
58463
58467
58493
58497
58502
58515
58532
58533
58562
58572
58579
58606
58627
58634
58685
58694
58696
58764
58770
58788
58793
58819
58824
58829
58832
58862
58868
58873
58894
58925
58929
58949
58981
58990
59012
59017
59037
59048
59049
59052
59059
59103
59115
59175
59196
59205
59220
59264
59282
59287
59308
59330
59355
59374
59380
59382
59388
59427
59448
59482
59484
59543
59590
59614
59640
59646
59670
59677
59734
59771
59781
59810
59856
59899
59956
59995
60002
60041
60085
60138
60151
60246
60273
60312
60314
60321
60325
60337
60359
60385
60397
60443
60516
60520
60523
60531
60544
60574
60623
60669
60683
60691
60734
60779
60797
60830
60839
60851
60857
60871
60937
60946
60967
60983
60991
60996
61013
61035
61053
61059
61062
61085
61092
61098
61107
61114
61124
61140
61190
61211
61243
61250
61254
61265
61295
61305
61307
61319
61343
61346
61354
61364
61374
61407
61435
61445
61449
61484
61535
61536
61553
61585
61607
61616
61649
61674
61709
61799
61822
61826
61870
61877
61879
61890
61891
61927
61944
61955
61988
61999
62041
62055
62189
62225
62234
62263
62268
62371
62377
62381
62382
62399
62411
62413
62463
62494
62532
62584
62586
62592
62633
62696
62719
62732
62735
62737
62739
62748
62768
62788
62790
62834
62840
62842
62862
62873
62877
62903
62940
62989
63015
63016
63042
63090
63107
63148
63151
63161
63174
63186
63187
63265
63274
63310
63321
63343
63352
63398
63399
63425
63477
63479
63522
63537
63543
63601
63616
63629
63659
63678
63681
63697
63714
63766
63786
63796
63858
63862
63896
63906
63932
63945
63979
63980
64060
64075
64120
64162
64181
64194
64201
64204
64283
64289
64303
64326
64333
64335
64346
64360
64395
64444
64462
64464
64483
64487
64616
64618
64622
64655
64662
64675
64689
64761
64768
64775
64832
64955
65062
65071
65118
65272
65368
65385
65390
65410
65414
65418
65531
65554
65598
65605
65621
65631
65639
65652
65662
65691
65696
65706
65708
65731
65773
65828
65844
65856
65862
65863
65883
65895
65930
65944
65977
65987
66037
66039
66061
66069
66072
66088
66181
66225
66246
66271
66319
66339
66362
66431
66446
66474
66490
66512
66533
66561
66640
66713
66719
66724
66746
66751
66775
66795
66799
66822
66835
66868
66939
66959
66993
67029
67034
67037
67061
67066
67083
67107
67129
67138
67152
67157
67164
67174
67205
67305
67306
67347
67373
67378
67393
67410
67422
67425
67455
67482
67516
67617
67663
67709
67721
67731
67766
67774
67786
67797
67838
67850
67863
67871
67886
67896
67913
67917
67935
67973
67983
68029
68113
68136
68192
68204
68222
68237
68262
68278
68337
68373
68402
68408
68447
68453
68465
68495
68560
68654
68657
68725
68733
68737
68752
68755
68765
68863
68866
68867
68912
68933
68950
69006
69041
69061
69084
69089
69117
69126
69136
69137
69142
69155
69157
69160
69208
69214
69299
69323
69357
69368
69376
69377
69413
69418
69434
69442
69451
69514
69549
69609
69615
69642
69644
69699
69703
69720
69730
69756
69759
69814
69827
69833
69834
69851
69878
69884
69926
70027
70053
70065
70072
70085
70114
70118
70126
70136
70182
70196
70220
70246
70248
70304
70494
70496
70502
70512
70536
70553
70561
70575
70582
70583
70604
70627
70691
70698
70736
70785
70794
70798
70848
70896
70908
70950
70953
70984
71029
71040
71042
71096
71102
71140
71150
71172
71204
71209
71243
71279
71291
71308
71326
71336
71367
71385
71386
71424
71436
71462
71466
71467
71482
71497
71545
71599
71616
71632
71655
71663
71674
71681
71701
71709
71727
71755
71952
71959
71964
71986
72026
72097
72114
72128
72149
72167
72190
72308
72325
72345
72443
72557
72561
72588
72639
72661
72670
72682
72717
72734
72775
72826
72830
72831
72840
72870
72878
72881
72896
72954
72975
72999
73005
73016
73018
73019
73048
73055
73067
73127
73135
73166
73193
73201
73226
73227
73273
73285
73315
73332
73387
73403
73416
73427
73535
73546
73566
73619
73667
73713
73719
73745
73755
73783
73807
73815
73830
73859
73861
73865
73883
73893
73901
73909
73922
73970
73990
73992
74039
74045
74046
74047
74050
74063
74089
74091
74094
74177
74208
74327
74404
74471
74484
74487
74489
74506
74569
74630
74695
74716
74736
74748
74807
74854
74870
74924
75010
75015
75060
75068
75103
75105
75110
75138
75188
75210
75222
75234
75259
75282
75395
75424
75428
75429
75432
75459
75475
75527
75558
75601
75646
75743
75778
75790
75792
75931
75955
75963
75964
75980
75983
75989
76031
76045
76053
76070
76080
76084
76100
76158
76159
76228
76258
76261
76305
76308
76319
76373
76424
76487
76521
76533
76560
76604
76615
76616
76624
76680
76756
76762
76786
76791
76795
76800
76835
76854
76884
76907
77011
77067
77167
77169
77193
77256
77271
77293
77344
77447
77476
77543
77555
77613
77624
77626
77654
77674
77680
77699
77708
77725
77829
77887
77939
77953
77957
77970
78035
78054
78056
78060
78087
78105
78108
78245
78271
78328
78331
78332
78337
78367
78420
78473
78485
78554
78556
78576
78603
78636
78683
78773
78778
78785
78837
78860
78890
78898
78910
78919
78947
78955
78956
79021
79028
79037
79043
79049
79113
79174
79185
79212
79233
79239
79242
79294
79300
79301
79302
79307
79317
79323
79443
79470
79492
79525
79565
79664
79731
79755
79789
79801
79877
79918
79922
79972
79973
79988
80007
80055
80067
80109
80115
80123
80189
80193
80209
80218
80229
80277
80289
80336
80351
80379
80431
80487
80536
80565
80583
80619
80667
80688
80699
80732
80745
80797
80824
80836
80928
80949
80980
81035
81077
81100
81175
81185
81218
81231
81266
81276
81319
81325
81375
81429
81439
81446
81456
81477
81485
81547
81587
81636
81646
81672
81705
81783
81857
81921
81972
81989
82030
82145
82149
82193
82220
82227
82264
82290
82395
82426
82447
82496
82544
82546
82562
82687
82759
82832
82841
82900
82902
82907
82916
82937
82938
82951
82954
82966
82987
82990
83067
83084
83106
83126
83127
83131
83138
83188
83283
83336
83361
83393
83441
83468
83477
83481
83484
83509
83565
83582
83632
83712
83778
83797
83803
83824
83858
83867
83887
83889
83932
83934
83951
83971
83975
83977
83982
83986
84056
84110
84185
84225
84277
84301
84323
84357
84362
84397
84416
84443
84469
84474
84476
84485
84513
84533
84548
84589
84592
84660
84671
84682
84697
84698
84715
84718
84735
84784
84787
84789
84874
84875
84907
84948
84959
84964
84972
85008
85016
85045
85065
85164
85187
85249
85266
85284
85305
85353
85366
85429
85443
85488
85573
85605
85606
85612
85620
85632
85637
85657
85672
85681
85683
85690
85695
85799
85813
85827
85895
85898
85903
85912
85979
86016
86020
86080
86121
86134
86136
86145
86147
86151
86169
86201
86202
86274
86294
86313
86329
86364
86366
86370
86389
86400
86428
86448
86521
86538
86602
86610
86615
86630
86646
86697
86751
86756
86776
86811
86872
86902
86948
86967
86990
87059
87116
87173
87181
87190
87195
87242
87246
87268
87278
87311
87313
87339
87364
87400
87405
87417
87429
87432
87439
87464
87465
87513
87562
87568
87584
87586
87641
87643
87695
87706
87757
87773
87795
87804
87829
87838
87867
87882
87886
87905
87922
87924
87953
87962
88043
88129
88185
88214
88218
88225
88331
88375
88395
88398
88405
88408
88428
88435
88519
88529
88544
88548
88617
88652
88679
88717
88744
88757
88784
88834
88876
88912
88939
88952
88956
88971
88989
88999
89013
89065
89225
89273
89293
89305
89368
89383
89398
89417
89472
89480
89484
89503
89538
89587
89596
89617
89636
89723
89726
89728
89731
89752
89787
89788
89854
89863
89865
89899
89916
89922
89926
89988
89997
90049
90053
90055
90095
90101
90108
90111
90122
90153
90227
90232
90236
90237
90253
90256
90268
90279
90290
90302
90323
90336
90337
90356
90358
90395
90399
90432
90440
90461
90463
90523
90555
90578
90612
90626
90654
90655
90671
90678
90684
90696
90713
90747
90788
90818
90950
90962
91030
91040
91114
91139
91155
91181
91255
91264
91313
91317
91417
91422
91464
91511
91518
91524
91535
91543
91563
91598
91614
91621
91665
91746
91751
91755
91766
91836
91840
91858
91914
91928
91937
92003
92005
92006
92008
92013
92034
92056
92119
92156
92190
92194
92218
92267
92314
92316
92371
92379
92384
92404
92433
92481
92500
92525
92537
92585
92589
92594
92634
92667
92669
92711
92753
92839
92845
92972
92977
93007
93024
93055
93068
93085
93096
93115
93144
93154
93180
93184
93198
93217
93233
93260
93264
93338
93376
93386
93395
93418
93462
93472
93486
93495
93585
93602
93640
93651
93660
93675
93713
93743
93784
93799
93819
93840
93854
93886
93920
93923
93956
93975
94015
94080
94081
94096
94101
94126
94131
94138
94154
94211
94214
94228
94229
94271
94284
94300
94312
94318
94368
94391
94425
94442
94468
94513
94521
94540
94609
94613
94651
94685
94698
94699
94718
94848
94866
94889
94938
94941
94952
94953
94984
94995
95054
95074
95085
95103
95113
95122
95135
95156
95176
95177
95250
95255
95258
95309
95333
95415
95424
95443
95474
95488
95502
95505
95518
95531
95601
95616
95659
95716
96075
96204
96845
98175
98952
98961
99190
99243
99445
100083
100784
100847
100903
102907
148675
150003
150209
150494
151346
151374
151375
152116
153102
153113
154352
154964
154988
154990
155193
155681
157909
158805
158815
158947
158949
159010
159053
159071
159885
160058
160784
161774
161844
162281
162721
162750
165235
165923
168726
168815
168975
169023
169095
169111
169134
169183
169222
169347
169415
169462
169619
169675
170834
170905
171407
171973
172251
172547
173171
174010
174168
174862
175834
176028
176595
177578
177763
178393
178404
178599
178691
178895
179126
179258
179463
179513
181141
181540
181662
185169
185406
185604
187796
188807
188848
189077
189526
189726
190053
191553
191628
193706
194217
195190
195297
199587
200187
200421
200637
200826
200894
201239
201854
203142
203481
204233
204811
205316
205384
205709
207461
208517
208709
209218
209370
209384
209682
209702
209754
210344
211952
211961
212388
212818
213951
214264
215050
215231
215682
216946
217422
217634
218048
218400
219755
220921
221080
221111
221646
221738
222091
223978
226958
227015
227333
229000
229056
229077
229116
229225
229464
229975
230219
230461
231982
232448
232888
234254
234267
234390
235778
236074
237626
238830
241674
243941
244022
244032
244148
244464
244927
245287
246016
246610
246704
124
125
126
128
132
136
140
143
146
147
148
150
151
153
154
155
161
162
163
164
167
168
173
174
175
176
177
178
179
180
181
182
183
184
185
186
187
297
454
465
527
545
546
555
556
597
601
618
677
711
718
720
775
820
822
885
929
934
953
963
968
990
1024
1041
1069
1078
1087
1107
1111
1115
1125
1127
1161
1169
1177
1205
1215
1230
1233
1263
1276
1279
1281
1296
1351
1372
1392
1397
1398
1400
1415
1418
1424
1427
1431
1450
1476
1491
1504
1507
1553
1556
1561
1570
1571
1598
1604
1613
1614
1624
1656
1677
1695
1706
1713
1717
1735
1739
1747
1750
1751
1758
1775
1800
1823
1832
1838
1843
1861
1862
1872
1884
1907
1909
1914
1922
1930
1933
1935
1939
1955
1961
1963
1969
1974
1978
1980
1991
1995
1997
2008
2013
2016
2026
2040
2045
2049
2055
2057
2066
2067
2071
2090
2092
2097
2111
2115
2118
2139
2142
2147
2157
2161
2165
2183
2188
2214
2219
2223
2228
2237
2242
2245
2265
2269
2281
2283
2284
2285
2295
2317
2326
2340
2345
2351
2360
2363
2365
2371
2375
2385
2386
2398
2399
2401
2403
2411
2417
2419
2431
2451
2453
2455
2457
2462
2474
2489
2494
2509
2514
2524
2529
2541
2546
2550
2553
2555
2567
2584
2593
2596
2606
2618
2620
2635
2637
2638
2650
2667
2672
2698
2710
2711
2728
2735
2745
2753
2762
2771
2778
2779
2780
2788
2802
2804
2812
2819
2825
2840
2851
2853
2859
2863
2882
2883
2886
2889
2890
2906
2920
2927
2930
2936
2941
2970
2981
3003
3011
3013
3020
3021
3064
3068
3073
3076
3077
3080
3093
3096
3098
3103
3115
3117
3119
3120
3139
3149
3169
3178
3183
3185
3188
3195
3206
3209
3210
3211
3220
3227
3229
3230
3236
3239
3245
3249
3259
3261
3275
3298
3303
3304
3306
3321
3324
3326
3327
3332
3338
3341
3352
3353
3368
3396
3415
3424
3441
3450
3453
3454
3473
3475
3484
3487
3509
3526
3530
3532
3538
3540
3551
3560
3567
3582
3590
3592
3596
3607
3612
3616
3624
3633
3640
3643
3647
3651
3652
3656
3673
3674
3685
3686
3688
3691
3698
3699
3724
3734
3735
3737
3751
3774
3775
3777
3781
3792
3800
3801
3819
3824
3825
3834
3836
3857
3861
3862
3866
3869
3871
3873
3880
3887
3893
3894
3898
3901
3912
3914
3916
3917
3918
3932
3933
3939
3963
3970
3973
4015
4018
4020
4027
4032
4033
4039
4049
4061
4065
4067
4078
4085
4096
4103
4107
4110
4113
4115
4124
4134
4140
4141
4142
4148
4153
4163
4170
4171
4172
4174
4183
4187
4198
4201
4208
4214
4215
4218
4223
4226
4227
4231
4235
4239
4248
4250
4251
4256
4264
4269
4271
4279
4280
4286
4295
4301
4302
4305
4323
4328
4333
4348
4349
4353
4355
4358
4359
4363
4365
4366
4367
4369
4383
4388
4399
4402
4403
4407
4408
4411
4414
4423
4445
4476
4477
4484
4488
4504
4509
4510
4511
4513
4525
4526
4527
4533
4544
4548
4569
4571
4572
4576
4579
4596
4597
4604
4607
4614
4624
4640
4641
4642
4646
4647
4648
4652
4655
4656
4658
4668
4669
4685
4690
4700
4705
4724
4726
4728
4731
4733
4734
4737
4739
4743
4745
4753
4755
4760
4765
4772
4776
4783
4797
4798
4806
4812
4813
4815
4819
4824
4825
4828
4835
4843
4853
4855
4857
4865
4869
4872
4875
4893
4894
4901
4902
4907
4908
4915
4926
4930
4932
4948
4949
4966
4969
4974
4975
4991
4994
4995
4998
4999
5002
5005
5014
5017
5021
5023
5027
5030
5033
5034
5035
5049
5050
5051
5054
5060
5061
5063
5080
5082
5086
5092
5100
5103
5105
5107
5113
5124
5133
5139
5145
5153
5155
5156
5159
5163
5168
5178
5185
5196
5207
5220
5233
5234
5240
5241
5244
5249
5250
5256
5277
5278
5279
5286
5294
5295
5300
5311
5322
5329
5333
5336
5343
5349
5360
5367
5377
5379
5387
5388
5389
5393
5395
5398
5410
5412
5415
5422
5424
5432
5441
5451
5452
5463
5465
5472
5481
5482
5485
5504
5507
5516
5518
5519
5521
5522
5525
5528
5538
5541
5542
5543
5547
5552
5554
5556
5563
5569
5573
5580
5581
5592
5595
5616
5624
5625
5630
5631
5635
5641
5648
5662
5663
5664
5669
5679
5688
5694
5700
5703
5704
5705
5711
5714
5716
5719
5720
5731
5735
5744
5754
5760
5761
5765
5766
5771
5773
5779
5782
5795
5797
5798
5806
5809
5811
5814
5819
5825
5831
5833
5835
5841
5845
5847
5848
5858
5859
5863
5866
5867
5873
5874
5881
5884
5885
5890
5892
5897
5898
5912
5929
5932
5942
5944
5957
5960
5962
5965
5967
5973
5977
5980
5984
5993
6002
6003
6005
6010
6016
6023
6024
6028
6029
6034
6048
6050
6055
6062
6070
6071
6074
6075
6076
6089
6099
6100
6106
6116
6118
6123
6124
6127
6137
6138
6141
6143
6145
6159
6162
6174
6181
6192
6194
6215
6219
6225
6230
6231
6235
6240
6242
6245
6247
6255
6270
6271
6272
6285
6288
6291
6293
6294
6303
6307
6312
6313
6324
6340
6341
6346
6366
6367
6372
6384
6388
6389
6390
6393
6394
6395
6407
6408
6412
6413
6414
6417
6422
6423
6430
6431
6432
6444
6448
6451
6458
6459
6460
6461
6462
6467
6468
6474
6476
6479
6480
6482
6484
6485
6490
6494
6495
6496
6499
6506
6512
6514
6520
6524
6537
6543
6562
6565
6571
6573
6574
6583
6585
6586
6597
6605
6619
6621
6626
6636
6652
6657
6659
6671
6682
6685
6690
6691
6695
6709
6710
6715
6719
6722
6727
6730
6732
6736
6739
6740
6753
6755
6760
6764
6772
6777
6782
6785
6786
6793
6798
6801
6806
6808
6809
6815
6822
6824
6827
6828
6831
6840
6841
6853
6875
6877
6883
6884
6888
6890
6893
6894
6899
6904
6906
6908
6911
6912
6917
6924
6927
6930
6932
6935
6938
6939
6940
6944
6954
6955
6956
6959
6963
6965
6967
6968
6981
6984
6987
6989
6990
6993
6996
7000
7004
7013
7015
7017
7020
7022
7034
7036
7045
7046
7050
7051
7052
7053
7058
7061
7069
7071
7074
7076
7083
7084
7085
7089
7091
7094
7097
7100
7103
7105
7109
7114
7118
7126
7128
7129
7133
7138
7143
7158
7159
7163
7168
7171
7175
7177
7178
7180
7181
7184
7186
7196
7197
7200
7201
7203
7204
7206
7212
7215
7216
7217
7218
7219
7221
7223
7226
7228
7229
7232
7235
7237
7238
7239
7242
7248
7253
7254
7256
7257
7259
7264
7273
7275
7282
7283
7286
7291
7292
7293
7296
7300
7305
7306
7307
7311
7313
7316
7319
7323
7329
7331
7336
7337
7339
7340
7342
7347
7352
7356
7357
7358
7360
7363
7364
7369
7372
7377
7378
7384
7388
7394
7397
7400
7404
7405
7406
7412
7413
7414
7416
7422
7425
7431
7452
7453
7456
7468
7471
7475
7476
7480
7482
7483
7485
7486
7488
7490
7492
7502
7513
7519
7524
7529
7536
7540
7549
7550
7558
7562
7567
7568
7572
7574
7577
7582
7583
7599
7600
7603
7607
7614
7617
7623
7630
7631
7639
7646
7653
7656
7661
7668
7671
7672
7680
7688
7702
7704
7706
7707
7721
7725
7740
7741
7742
7753
7754
7758
7760
7765
7766
7771
7774
7775
7777
7781
7785
7801
7802
7803
7808
7809
7814
7816
7817
7818
7822
7826
7828
7829
7835
7841
7845
7846
7847
7849
7852
7855
7856
7857
7864
7866
7868
7870
7871
7882
7885
7886
7889
7893
7894
7908
7909
7914
7919
7921
7925
7927
7928
7931
7932
7938
7939
7940
7950
7951
7952
7953
7954
7958
7959
7961
7965
7970
7971
7973
7975
7981
7985
7992
7996
7997
7998
7999
8000
8005
8009
8011
8025
8031
8035
8045
8048
8050
8051
8054
8056
8063
8067
8073
8087
8089
8091
8093
8104
8105
8111
8118
8124
8131
8143
8148
8149
8164
8171
8175
8176
8182
8183
8184
8197
8201
8204
8208
8226
8227
8241
8246
8247
8248
8249
8250
8257
8258
8261
8266
8267
8270
8277
8278
8283
8287
8290
8292
8301
8302
8321
8325
8329
8331
8345
8354
8356
8361
8367
8370
8374
8382
8383
8384
8399
8401
8406
8407
8408
8411
8414
8421
8424
8426
8438
8444
8450
8456
8461
8463
8465
8467
8477
8480
8486
8491
8494
8496
8500
8503
8512
8515
8517
8518
8520
8528
8536
8537
8538
8539
8542
8544
8546
8551
8562
8565
8567
8572
8575
8576
8579
8585
8587
8590
8595
8596
8603
8607
8608
8609
8617
8619
8620
8624
8627
8628
8630
8631
8633
8638
8641
8650
8654
8671
8674
8676
8683
8684
8688
8690
8693
8700
8706
8709
8711
8715
8716
8718
8726
8730
8740
8745
8763
8766
8769
8773
8774
8776
8781
8782
8787
8789
8793
8797
8801
8802
8815
8816
8819
8822
8824
8830
8832
8840
8841
8842
8853
8854
8859
8863
8864
8865
8870
8881
8885
8886
8889
8893
8895
8897
8903
8909
8923
8929
8935
8936
8939
8943
8945
8946
8951
8954
8961
8963
8964
8965
8967
8968
8970
8971
8974
8975
8983
8986
8993
8995
8998
9000
9002
9004
9005
9014
9022
9024
9027
9036
9044
9050
9056
9065
9068
9074
9078
9080
9081
9086
9091
9092
9096
9099
9102
9108
9114
9117
9122
9126
9127
9130
9131
9132
9136
9137
9142
9145
9151
9152
9160
9161
9166
9169
9171
9173
9174
9177
9179
9182
9185
9193
9196
9198
9199
9203
9206
9207
9210
9220
9224
9225
9228
9229
9232
9243
9244
9246
9248
9249
9256
9258
9260
9270
9271
9275
9276
9279
9281
9285
9287
9288
9291
9295
9296
9300
9303
9306
9314
9316
9318
9320
9322
9324
9329
9330
9334
9335
9346
9349
9350
9354
9359
9364
9365
9374
9379
9382
9387
9396
9401
9404
9406
9408
9413
9429
9432
9435
9440
9442
9445
9448
9451
9456
9458
9459
9462
9465
9470
9473
9480
9483
9486
9488
9491
9492
9498
9505
9506
9510
9511
9517
9519
9520
9523
9524
9528
9531
9532
9533
9534
9544
9547
9549
9551
9552
9554
9561
9565
9567
9570
9578
9587
9588
9589
9591
9595
9598
9600
9604
9605
9608
9611
9616
9617
9618
9619
9622
9629
9631
9641
9644
9647
9648
9652
9661
9664
9670
9673
9677
9681
9682
9684
9693
9695
9700
9701
9702
9706
9718
9719
9723
9728
9729
9732
9741
9746
9750
9752
9759
9762
9765
9769
9776
9777
9783
9784
9786
9792
9793
9794
9796
9800
9807
9818
9821
9836
9837
9838
9839
9841
9844
9846
9850
9854
9855
9864
9866
9869
9873
9875
9876
9887
9891
9893
9898
9899
9901
9903
9908
9910
9913
9914
9916
9917
9918
9921
9929
9932
9934
9935
9938
9939
9942
9946
9953
9955
9957
9961
9963
9968
9977
9982
9983
9985
9993
9994
9996
9998
9999
10008
10010
10019
10023
10025
10030
10032
10035
10043
10044
10045
10048
10051
10054
10064
10068
10069
10070
10072
10075
10081
10084
10086
10088
10096
10097
10099
10100
10101
10105
10106
10109
10110
10113
10114
10117
10119
10122
10124
10126
10127
10129
10131
10142
10145
10148
10150
10161
10166
10167
10171
10176
10178
10183
10189
10196
10197
10201
10208
10210
10214
10215
10216
10221
10224
10225
10227
10228
10233
10237
10239
10244
10246
10247
10249
10251
10256
10259
10271
10274
10282
10285
10290
10295
10303
10319
10323
10326
10328
10334
10335
10340
10343
10348
10349
10352
10353
10354
10359
10360
10363
10364
10367
10370
10373
10375
10387
10388
10389
10391
10395
10396
10397
10401
10404
10407
10409
10411
10413
10418
10420
10421
10422
10423
10428
10432
10438
10439
10443
10444
10446
10447
10448
10449
10455
10461
10463
10470
10475
10476
10479
10488
10489
10495
10496
10498
10507
10508
10509
10510
10511
10513
10514
10516
10520
10526
10537
10538
10541
10543
10544
10546
10547
10549
10550
10554
10555
10556
10566
10567
10568
10571
10572
10575
10576
10577
10584
10586
10590
10595
10599
10600
10603
10604
10606
10609
10622
10623
10626
10628
10629
10637
10638
10645
10648
10651
10652
10654
10656
10657
10664
10667
10668
10669
10670
10671
10676
10679
10680
10682
10683
10687
10688
10689
10704
10706
10715
10716
10718
10719
10722
10725
10735
10745
10748
10750
10753
10756
10766
10769
10773
10775
10777
10780
10783
10784
10787
10788
10792
10794
10797
10798
10799
10802
10803
10805
10809
10815
10819
10820
10821
10823
10826
10831
10833
10844
10848
10850
10858
10860
10867
10871
10874
10879
10880
10882
10887
10888
10900
10907
10908
10909
10910
10922
10924
10933
10935
10937
10939
10940
10943
10945
10946
10949
10955
10961
10965
10967
10982
10983
10987
10989
10992
10994
10995
10996
10998
11001
11005
11006
11017
11020
11027
11029
11032
11035
11037
11042
11043
11050
11052
11053
11056
11062
11063
11067
11068
11070
11073
11075
11082
11094
11097
11098
11101
11103
11108
11109
11110
11113
11115
11123
11138
11141
11142
11144
11145
11148
11153
11161
11162
11165
11166
11169
11178
11183
11187
11193
11199
11200
11203
11204
11213
11214
11216
11221
11224
11226
11228
11237
11243
11247
11254
11259
11260
11262
11268
11269
11270
11274
11275
11276
11277
11281
11282
11283
11286
11289
11297
11301
11303
11307
11308
11310
11314
11323
11328
11332
11333
11335
11337
11338
11339
11341
11343
11344
11358
11364
11366
11367
11368
11369
11370
11373
11375
11376
11381
11382
11384
11388
11389
11392
11401
11403
11405
11408
11412
11417
11418
11419
11423
11435
11437
11443
11445
11446
11449
11456
11459
11460
11462
11463
11464
11468
11470
11473
11475
11479
11482
11485
11487
11500
11502
11503
11506
11507
11509
11512
11515
11517
11520
11522
11523
11526
11529
11530
11536
11537
11538
11549
11558
11561
11562
11563
11566
11574
11575
11576
11577
11580
11581
11582
11584
11586
11588
11589
11593
11596
11598
11599
11600
11601
11610
11613
11619
11621
11623
11625
11627
11629
11634
11636
11649
11657
11659
11664
11669
11677
11682
11685
11687
11692
11695
11701
11702
11703
11705
11707
11713
11714
11716
11724
11725
11729
11731
11732
11736
11737
11738
11739
11742
11744
11745
11749
11752
11754
11755
11758
11759
11769
11772
11773
11775
11777
11779
11780
11786
11792
11793
11796
11797
11802
11808
11812
11813
11826
11828
11840
11841
11843
11844
11849
11850
11854
11859
11864
11865
11866
11867
11868
11869
11874
11876
11884
11885
11887
11890
11891
11892
11895
11902
11903
11904
11907
11908
11911
11913
11917
11921
11922
11924
11928
11929
11933
11934
11938
11943
11945
11950
11951
11953
11954
11970
11978
11979
11981
11989
11996
11998
12001
12002
12004
12010
12011
12012
12014
12016
12020
12022
12027
12031
12032
12038
12039
12042
12045
12046
12047
12050
12053
12057
12059
12063
12065
12066
12069
12072
12074
12075
12078
12079
12085
12093
12094
12099
12106
12108
12109
12111
12114
12118
12120
12122
12127
12129
12130
12136
12137
12141
12142
12144
12155
12157
12158
12166
12170
12172
12174
12175
12177
12181
12183
12186
12190
12196
12198
12199
12200
12202
12203
12206
12209
12210
12212
12213
12220
12223
12228
12231
12236
12245
12246
12247
12248
12252
12256
12266
12273
12274
12276
12280
12281
12284
12285
12286
12289
12290
12292
12293
12297
12299
12301
12303
12308
12318
12320
12323
12324
12326
12328
12329
12330
12332
12337
12341
12342
12344
12346
12352
12353
12355
12356
12359
12360
12362
12363
12364
12365
12367
12369
12371
12372
12373
12374
12375
12378
12382
12383
12384
12386
12392
12403
12407
12409
12411
12419
12421
12424
12428
12432
12433
12434
12438
12440
12441
12442
12446
12447
12449
12451
12453
12455
12465
12467
12469
12470
12471
12474
12476
12478
12483
12487
12488
12493
12501
12504
12508
12512
12514
12522
12523
12526
12531
12532
12534
12535
12537
12543
12551
12552
12553
12555
12560
12565
12568
12575
12580
12585
12589
12590
12591
12592
12595
12596
12598
12599
12600
12601
12603
12605
12608
12612
12614
12615
12617
12620
12625
12627
12632
12634
12635
12638
12641
12647
12651
12652
12653
12657
12658
12660
12664
12666
12667
12668
12670
12673
12676
12677
12679
12681
12684
12685
12686
12687
12696
12698
12699
12701
12703
12704
12707
12711
12715
12729
12730
12733
12734
12735
12739
12742
12744
12746
12751
12758
12762
12763
12764
12769
12770
12772
12773
12776
12778
12783
12790
12797
12798
12800
12803
12808
12809
12810
12812
12814
12818
12820
12823
12828
12831
12835
12838
12839
12840
12842
12848
12856
12859
12860
12861
12862
12864
12869
12870
12872
12873
12874
12879
12884
12886
12892
12893
12894
12897
12902
12907
12911
12915
12916
12918
12919
12921
12925
12928
12933
12940
12944
12946
12951
12956
12957
12962
12963
12970
12971
12972
12978
12980
12981
12983
12987
12989
12990
12992
12999
13003
13005
13006
13008
13009
13010
13018
13020
13021
13025
13028
13032
13035
13040
13041
13046
13051
13056
13060
13062
13065
13070
13072
13074
13075
13078
13084
13085
13090
13093
13096
13098
13100
13106
13111
13113
13116
13117
13119
13122
13124
13125
13127
13129
13130
13133
13134
13135
13136
13138
13144
13146
13147
13148
13149
13152
13156
13158
13164
13169
13170
13174
13176
13189
13192
13194
13195
13196
13203
13206
13210
13212
13214
13225
13228
13229
13231
13233
13234
13241
13247
13249
13250
13253
13255
13257
13261
13265
13271
13275
13277
13278
13285
13287
13291
13292
13294
13296
13297
13298
13299
13300
13302
13305
13306
13308
13309
13311
13318
13321
13326
13327
13334
13337
13338
13339
13342
13346
13347
13349
13352
13355
13356
13357
13361
13363
13368
13377
13378
13379
13380
13381
13383
13389
13401
13406
13407
13409
13411
13414
13417
13420
13423
13424
13430
13431
13433
13435
13436
13437
13443
13446
13447
13450
13456
13459
13461
13463
13465
13466
13467
13469
13472
13474
13479
13484
13487
13488
13491
13492
13493
13494
13495
13498
13499
13502
13507
13508
13510
13515
13516
13517
13523
13524
13526
13527
13528
13529
13530
13532
13543
13546
13549
13551
13561
13564
13565
13566
13570
13574
13576
13577
13579
13582
13583
13589
13590
13592
13593
13601
13603
13604
13608
13610
13615
13619
13621
13622
13625
13626
13629
13630
13633
13644
13647
13649
13650
13656
13659
13664
13671
13676
13678
13680
13686
13687
13693
13696
13698
13701
13702
13710
13711
13712
13719
13720
13721
13728
13729
13730
13731
13735
13737
13739
13740
13742
13743
13748
13751
13758
13767
13768
13772
13774
13778
13781
13782
13785
13788
13790
13793
13796
13799
13801
13807
13815
13817
13819
13821
13824
13825
13827
13828
13830
13831
13832
13833
13835
13836
13841
13845
13846
13847
13851
13853
13855
13861
13869
13871
13872
13877
13883
13887
13888
13889
13890
13892
13893
13895
13896
13897
13898
13900
13903
13905
13906
13907
13916
13919
13922
13924
13930
13931
13932
13934
13937
13938
13940
13944
13949
13952
13953
13956
13958
13959
13966
13977
13978
13986
13988
13989
13991
13994
13997
14001
14002
14004
14008
14010
14017
14019
14020
14025
14027
14028
14033
14034
14036
14038
14041
14042
14043
14044
14049
14052
14054
14057
14058
14062
14063
14065
14066
14068
14070
14073
14075
14076
14083
14085
14093
14096
14099
14100
14101
14104
14111
14113
14117
14123
14126
14127
14130
14133
14139
14140
14146
14150
14154
14158
14160
14167
14171
14173
14174
14175
14179
14184
14187
14195
14201
14207
14209
14218
14219
14222
14223
14225
14229
14230
14231
14232
14234
14236
14237
14240
14245
14249
14253
14256
14257
14259
14268
14270
14275
14276
14278
14279
14284
14286
14295
14296
14298
14299
14302
14303
14305
14307
14309
14310
14313
14315
14317
14319
14321
14323
14325
14326
14329
14338
14339
14342
14346
14350
14353
14355
14357
14359
14360
14361
14363
14364
14366
14369
14370
14379
14389
14391
14393
14396
14397
14401
14403
14404
14405
14409
14412
14414
14415
14417
14422
14424
14425
14426
14432
14433
14438
14447
14455
14460
14461
14463
14464
14466
14467
14470
14474
14479
14480
14483
14484
14487
14488
14491
14492
14494
14498
14500
14506
14507
14509
14510
14511
14513
14514
14516
14518
14521
14524
14529
14530
14534
14536
14537
14538
14546
14549
14550
14564
14568
14571
14574
14578
14582
14584
14585
14591
14594
14595
14597
14599
14600
14601
14604
14607
14608
14612
14613
14614
14615
14616
14620
14624
14627
14628
14631
14632
14633
14635
14638
14639
14640
14643
14644
14647
14652
14655
14656
14666
14667
14672
14675
14677
14679
14684
14686
14689
14690
14693
14694
14697
14699
14700
14704
14709
14710
14716
14718
14719
14723
14724
14729
14735
14740
14741
14742
14743
14745
14753
14756
14757
14758
14761
14763
14765
14766
14767
14769
14771
14772
14776
14778
14779
14780
14786
14790
14792
14797
14799
14801
14804
14805
14806
14814
14815
14818
14820
14821
14828
14831
14837
14839
14841
14843
14847
14850
14853
14857
14859
14871
14873
14875
14876
14878
14879
14882
14888
14889
14891
14897
14899
14900
14903
14904
14909
14911
14913
14917
14919
14920
14921
14922
14924
14925
14929
14930
14931
14935
14936
14937
14939
14941
14942
14946
14947
14948
14949
14954
14957
14958
14959
14966
14967
14969
14974
14977
14982
14984
14985
14986
14990
14994
14998
14999
15008
15012
15014
15017
15021
15023
15024
15028
15032
15033
15034
15040
15046
15053
15054
15056
15059
15061
15063
15068
15070
15073
15075
15076
15079
15081
15084
15085
15088
15091
15099
15101
15102
15104
15105
15106
15108
15110
15111
15112
15127
15133
15134
15138
15139
15140
15143
15147
15148
15149
15151
15152
15154
15158
15159
15160
15161
15163
15166
15172
15173
15177
15179
15180
15182
15183
15185
15186
15187
15188
15189
15195
15200
15202
15203
15209
15212
15216
15220
15223
15225
15226
15228
15231
15237
15241
15242
15245
15247
15251
15252
15253
15254
15255
15256
15257
15258
15260
15261
15265
15266
15268
15271
15276
15281
15282
15283
15284
15285
15292
15293
15303
15306
15307
15310
15315
15317
15319
15320
15322
15323
15325
15331
15333
15334
15336
15338
15341
15343
15348
15350
15351
15357
15358
15362
15364
15367
15368
15369
15370
15372
15375
15379
15383
15388
15392
15396
15398
15404
15414
15415
15416
15420
15424
15425
15426
15432
15434
15437
15439
15442
15443
15447
15454
15457
15458
15459
15460
15461
15468
15475
15479
15481
15482
15492
15496
15498
15502
15503
15505
15508
15509
15514
15516
15517
15519
15520
15521
15522
15524
15527
15530
15531
15533
15534
15538
15543
15551
15553
15554
15556
15558
15562
15563
15564
15565
15576
15582
15590
15591
15598
15599
15601
15602
15607
15610
15613
15617
15621
15624
15629
15630
15631
15637
15641
15642
15643
15649
15651
15652
15657
15658
15668
15671
15677
15678
15680
15681
15682
15684
15685
15687
15691
15694
15695
15701
15703
15709
15711
15712
15714
15717
15723
15726
15729
15730
15738
15744
15746
15747
15750
15751
15753
15754
15755
15757
15760
15761
15763
15764
15772
15774
15775
15779
15780
15782
15788
15791
15798
15800
15801
15806
15807
15809
15811
15817
15819
15820
15822
15823
15826
15828
15829
15830
15832
15833
15834
15837
15841
15844
15847
15849
15850
15852
15857
15858
15859
15860
15867
15869
15870
15871
15874
15875
15881
15890
15892
15894
15898
15901
15903
15904
15912
15913
15914
15917
15920
15923
15926
15927
15931
15934
15937
15940
15942
15944
15950
15951
15954
15959
15961
15963
15970
15974
15976
15980
15981
15984
15986
15989
15990
15993
15994
15995
15996
15997
16002
16003
16007
16009
16013
16014
16020
16027
16029
16031
16032
16033
16039
16041
16046
16047
16051
16052
16054
16057
16059
16061
16062
16064
16071
16072
16074
16076
16078
16080
16081
16083
16084
16087
16088
16090
16094
16098
16106
16113
16114
16116
16118
16120
16121
16123
16125
16127
16129
16130
16131
16135
16136
16139
16146
16151
16152
16153
16157
16166
16167
16170
16173
16176
16178
16179
16181
16182
16185
16189
16190
16193
16194
16195
16199
16203
16204
16206
16207
16208
16209
16210
16215
16216
16222
16223
16224
16226
16227
16231
16232
16235
16242
16244
16246
16255
16256
16257
16259
16263
16264
16265
16266
16267
16269
16272
16273
16276
16277
16278
16280
16281
16283
16284
16286
16287
16289
16292
16301
16303
16306
16309
16310
16311
16312
16316
16317
16319
16322
16323
16324
16325
16328
16332
16333
16334
16339
16340
16342
16344
16353
16354
16355
16357
16361
16362
16363
16365
16367
16369
16370
16372
16373
16374
16375
16380
16382
16383
16387
16388
16389
16391
16392
16394
16395
16396
16399
16402
16405
16411
16413
16419
16423
16426
16427
16428
16433
16434
16437
16440
16441
16444
16445
16446
16450
16452
16454
16455
16458
16459
16460
16462
16464
16466
16467
16470
16474
16476
16479
16483
16485
16488
16489
16491
16495
16497
16498
16503
16504
16507
16509
16511
16512
16513
16514
16517
16519
16527
16530
16532
16533
16534
16535
16537
16538
16540
16541
16542
16543
16544
16550
16553
16555
16557
16559
16564
16565
16567
16571
16573
16574
16576
16581
16584
16587
16588
16589
16592
16595
16596
16597
16600
16601
16604
16605
16608
16611
16618
16621
16625
16627
16628
16633
16635
16637
16639
16641
16645
16647
16649
16650
16652
16657
16660
16663
16665
16667
16669
16670
16671
16677
16679
16680
16684
16685
16688
16689
16695
16700
16701
16702
16704
16706
16708
16709
16710
16711
16712
16715
16716
16718
16719
16723
16725
16726
16727
16728
16729
16730
16732
16734
16735
16736
16742
16745
16750
16763
16766
16770
16771
16774
16780
16781
16784
16785
16788
16790
16791
16792
16795
16796
16797
16801
16802
16804
16806
16808
16811
16812
16817
16818
16820
16822
16824
16827
16828
16831
16832
16834
16835
16837
16844
16845
16847
16848
16851
16852
16854
16857
16858
16861
16868
16869
16872
16877
16879
16881
16882
16883
16887
16889
16892
16893
16894
16895
16897
16900
16902
16903
16904
16906
16907
16913
16914
16918
16919
16920
16922
16925
16926
16927
16930
16931
16934
16948
16951
16953
16959
16960
16962
16966
16969
16972
16974
16977
16978
16980
16983
16986
16990
16992
16993
16994
16997
17000
17001
17003
17004
17007
17013
17014
17016
17017
17019
17020
17021
17022
17025
17026
17029
17031
17032
17033
17036
17037
17041
17050
17053
17054
17055
17056
17057
17059
17060
17063
17064
17065
17072
17074
17079
17081
17088
17089
17090
17093
17095
17103
17104
17105
17106
17107
17109
17113
17115
17116
17124
17125
17127
17129
17131
17134
17135
17137
17138
17139
17141
17148
17149
17151
17157
17159
17160
17165
17170
17173
17178
17179
17180
17181
17182
17183
17184
17187
17188
17189
17192
17193
17194
17195
17200
17202
17203
17204
17207
17208
17211
17213
17215
17216
17217
17221
17222
17223
17228
17230
17231
17232
17235
17236
17240
17242
17243
17248
17250
17251
17253
17255
17256
17259
17264
17267
17271
17274
17275
17276
17278
17279
17281
17282
17285
17286
17287
17288
17292
17293
17299
17300
17301
17302
17305
17306
17308
17315
17317
17323
17324
17325
17327
17329
17330
17331
17333
17335
17337
17338
17339
17341
17343
17346
17350
17352
17354
17356
17357
17361
17363
17364
17365
17377
17378
17383
17386
17387
17388
17391
17394
17395
17396
17400
17407
17408
17409
17411
17412
17414
17415
17416
17417
17418
17419
17421
17428
17429
17433
17434
17443
17444
17446
17447
17449
17451
17452
17453
17460
17463
17465
17467
17468
17473
17475
17478
17480
17485
17486
17488
17493
17495
17496
17499
17502
17505
17506
17507
17508
17511
17513
17516
17517
17518
17520
17521
17522
17524
17525
17530
17531
17536
17539
17544
17547
17552
17553
17556
17557
17558
17559
17563
17567
17568
17569
17570
17577
17578
17581
17588
17595
17597
17598
17599
17601
17604
17605
17611
17615
17616
17618
17620
17621
17624
17627
17630
17631
17644
17646
17647
17653
17654
17658
17660
17662
17665
17666
17668
17669
17671
17672
17676
17678
17680
17681
17682
17685
17686
17687
17689
17691
17692
17694
17695
17702
17704
17706
17707
17709
17712
17713
17715
17716
17718
17719
17725
17726
17727
17728
17729
17732
17735
17739
17744
17746
17747
17749
17753
17754
17757
17760
17772
17774
17777
17779
17780
17783
17790
17793
17796
17799
17802
17804
17807
17808
17810
17813
17814
17816
17817
17819
17820
17821
17823
17825
17826
17827
17836
17838
17841
17842
17846
17847
17849
17850
17851
17853
17858
17859
17862
17863
17866
17871
17874
17875
17876
17879
17886
17888
17889
17890
17892
17893
17894
17895
17897
17898
17903
17905
17906
17909
17911
17912
17914
17920
17922
17926
17927
17928
17929
17931
17935
17937
17941
17942
17945
17946
17947
17949
17950
17951
17952
17954
17956
17960
17964
17966
17968
17974
17975
17976
17979
17980
17983
17984
17986
17988
17989
17990
17993
17995
17996
17997
17998
18001
18005
18007
18012
18015
18016
18019
18021
18026
18027
18032
18033
18037
18039
18042
18045
18049
18050
18056
18058
18060
18062
18064
18067
18068
18070
18072
18074
18076
18077
18079
18080
18083
18086
18087
18088
18093
18095
18096
18097
18098
18099
18102
18103
18108
18109
18111
18114
18116
18117
18121
18122
18123
18124
18127
18129
18133
18134
18137
18138
18139
18143
18146
18147
18150
18153
18156
18157
18158
18159
18161
18167
18171
18174
18178
18181
18187
18189
18190
18192
18196
18197
18198
18201
18210
18213
18214
18216
18217
18219
18220
18223
18226
18228
18229
18231
18238
18240
18241
18242
18243
18244
18245
18246
18248
18249
18250
18251
18254
18255
18256
18257
18259
18262
18266
18268
18269
18271
18272
18276
18279
18281
18283
18285
18286
18287
18289
18291
18292
18293
18294
18297
18298
18300
18303
18304
18309
18312
18314
18317
18320
18321
18328
18329
18333
18334
18337
18338
18339
18341
18344
18345
18348
18350
18352
18354
18355
18358
18360
18361
18363
18365
18366
18367
18368
18372
18375
18379
18380
18384
18386
18387
18398
18399
18400
18403
18404
18406
18412
18414
18416
18419
18421
18423
18424
18427
18428
18429
18430
18431
18432
18433
18437
18438
18441
18444
18446
18447
18448
18449
18451
18455
18463
18467
18469
18471
18472
18474
18475
18477
18480
18481
18482
18487
18489
18490
18491
18493
18494
18495
18496
18497
18500
18501
18504
18507
18508
18511
18515
18517
18518
18523
18527
18529
18531
18538
18540
18548
18550
18556
18557
18558
18561
18563
18565
18570
18571
18576
18580
18581
18582
18584
18585
18586
18593
18594
18598
18602
18603
18604
18605
18607
18609
18611
18613
18617
18623
18624
18625
18627
18628
18629
18632
18634
18635
18636
18637
18640
18645
18646
18647
18649
18654
18659
18662
18663
18665
18666
18669
18672
18674
18678
18679
18684
18688
18691
18692
18694
18696
18697
18698
18699
18706
18711
18712
18718
18719
18723
18724
18726
18727
18728
18731
18732
18734
18735
18736
18737
18741
18742
18744
18749
18750
18753
18754
18755
18756
18758
18759
18760
18762
18765
18766
18767
18768
18771
18774
18775
18780
18784
18787
18792
18793
18799
18802
18803
18806
18807
18808
18812
18813
18815
18818
18819
18820
18823
18825
18829
18831
18832
18833
18841
18845
18846
18847
18848
18849
18850
18851
18852
18858
18860
18861
18866
18870
18872
18877
18878
18881
18882
18884
18885
18889
18891
18901
18903
18905
18906
18908
18911
18914
18915
18921
18925
18929
18931
18940
18943
18945
18947
18949
18951
18952
18954
18956
18963
18967
18968
18969
18972
18976
18978
18979
18980
18984
18986
18988
18992
18994
18995
18996
18998
19002
19003
19004
19006
19007
19010
19015
19016
19017
19021
19023
19026
19029
19031
19033
19034
19036
19037
19040
19049
19052
19054
19057
19058
19059
19060
19062
19064
19065
19066
19069
19071
19073
19074
19075
19076
19078
19082
19084
19090
19091
19092
19093
19096
19098
19103
19112
19116
19117
19118
19121
19122
19124
19125
19127
19131
19132
19134
19138
19140
19144
19146
19147
19148
19149
19151
19154
19155
19157
19158
19160
19161
19162
19164
19165
19166
19168
19169
19170
19171
19176
19179
19180
19183
19184
19188
19191
19196
19198
19199
19202
19203
19204
19205
19207
19215
19218
19219
19220
19223
19224
19225
19230
19232
19234
19235
19236
19237
19240
19241
19242
19243
19244
19245
19246
19247
19250
19252
19253
19254
19257
19261
19262
19265
19266
19270
19272
19273
19282
19286
19289
19295
19297
19300
19301
19302
19308
19309
19311
19316
19322
19323
19326
19327
19328
19332
19334
19338
19339
19340
19341
19343
19344
19347
19351
19353
19356
19357
19358
19361
19362
19365
19369
19370
19377
19380
19381
19383
19384
19392
19393
19394
19395
19397
19399
19400
19404
19406
19407
19414
19416
19418
19419
19420
19421
19423
19426
19428
19430
19431
19432
19433
19434
19436
19437
19438
19439
19440
19442
19443
19444
19445
19446
19450
19451
19453
19454
19456
19459
19461
19462
19466
19467
19469
19472
19475
19476
19477
19479
19483
19485
19488
19491
19493
19494
19495
19496
19497
19500
19501
19502
19506
19507
19510
19512
19513
19514
19518
19519
19523
19525
19529
19530
19531
19532
19533
19535
19538
19540
19545
19546
19547
19548
19549
19550
19554
19560
19562
19566
19569
19570
19571
19574
19576
19578
19579
19582
19587
19590
19594
19595
19597
19599
19601
19602
19605
19607
19608
19609
19614
19616
19617
19618
19619
19620
19623
19624
19625
19626
19628
19630
19631
19637
19640
19641
19642
19643
19647
19648
19653
19656
19657
19663
19664
19665
19669
19672
19675
19677
19679
19681
19684
19689
19692
19694
19695
19696
19697
19698
19701
19702
19704
19705
19706
19707
19709
19711
19714
19715
19719
19721
19728
19732
19733
19734
19736
19737
19738
19741
19742
19744
19746
19749
19750
19751
19752
19756
19758
19759
19762
19770
19772
19773
19774
19775
19778
19779
19780
19781
19782
19784
19785
19786
19788
19790
19791
19792
19793
19799
19801
19802
19803
19804
19805
19806
19807
19808
19812
19813
19817
19818
19822
19825
19826
19828
19836
19837
19839
19840
19841
19847
19848
19853
19854
19855
19856
19857
19858
19861
19862
19864
19866
19870
19871
19876
19880
19882
19884
19885
19886
19889
19891
19895
19897
19898
19901
19903
19905
19906
19907
19909
19910
19911
19915
19917
19918
19919
19922
19924
19925
19926
19928
19929
19931
19932
19935
19937
19938
19940
19941
19945
19952
19955
19956
19964
19966
19968
19971
19972
19973
19975
19976
19977
19978
19979
19980
19982
19984
19985
19990
19992
19993
19994
19996
19997
19998
19999
20005
20008
20010
20012
20013
20015
20016
20019
20020
20023
20024
20027
20029
20033
20037
20039
20041
20044
20045
20047
20048
20055
20057
20058
20059
20060
20061
20065
20067
20071
20074
20075
20081
20083
20084
20085
20088
20091
20092
20099
20101
20103
20106
20109
20111
20117
20118
20119
20121
20127
20128
20129
20132
20133
20136
20137
20140
20141
20143
20145
20147
20148
20149
20150
20153
20154
20156
20157
20158
20159
20163
20165
20168
20174
20176
20177
20180
20186
20187
20188
20190
20191
20192
20193
20197
20198
20200
20201
20202
20203
20205
20207
20211
20214
20215
20217
20219
20221
20222
20223
20228
20230
20231
20232
20233
20241
20242
20244
20246
20247
20248
20251
20252
20254
20255
20258
20261
20262
20263
20264
20267
20272
20273
20277
20278
20281
20283
20284
20287
20288
20289
20291
20292
20293
20294
20295
20298
20299
20300
20301
20303
20304
20305
20309
20310
20313
20317
20324
20325
20329
20331
20333
20336
20339
20345
20347
20349
20354
20355
20358
20369
20370
20371
20373
20375
20380
20383
20395
20396
20398
20399
20400
20401
20402
20403
20404
20405
20406
20407
20410
20411
20414
20418
20419
20423
20426
20429
20431
20434
20436
20437
20438
20440
20443
20445
20448
20450
20451
20452
20456
20458
20462
20463
20466
20468
20471
20478
20481
20482
20486
20490
20491
20492
20493
20494
20501
20502
20503
20506
20511
20514
20515
20516
20517
20520
20521
20522
20524
20525
20526
20527
20528
20530
20532
20535
20538
20540
20544
20546
20551
20553
20556
20557
20560
20562
20563
20568
20570
20571
20574
20575
20578
20582
20583
20584
20585
20586
20587
20588
20591
20595
20598
20599
20601
20602
20603
20605
20606
20608
20609
20611
20613
20614
20617
20620
20625
20626
20628
20637
20638
20639
20642
20645
20647
20651
20652
20656
20658
20660
20661
20669
20672
20673
20674
20675
20676
20681
20686
20690
20691
20695
20697
20698
20699
20700
20704
20705
20709
20710
20712
20715
20716
20717
20718
20719
20725
20726
20727
20737
20739
20740
20743
20745
20746
20747
20749
20753
20755
20756
20758
20760
20765
20767
20774
20777
20779
20780
20783
20784
20786
20787
20788
20789
20790
20793
20794
20795
20798
20801
20802
20803
20806
20809
20811
20812
20813
20816
20817
20820
20821
20823
20824
20825
20829
20830
20832
20835
20839
20840
20841
20842
20845
20847
20850
20853
20854
20855
20857
20859
20860
20862
20865
20866
20867
20869
20870
20872
20873
20876
20879
20883
20885
20890
20893
20896
20898
20900
20901
20902
20903
20904
20907
20909
20910
20911
20912
20913
20914
20915
20916
20917
20919
20921
20922
20924
20925
20926
20927
20928
20929
20930
20931
20935
20936
20938
20939
20941
20944
20945
20947
20948
20949
20954
20959
20962
20975
20976
20977
20982
20983
20985
20986
20988
20992
20993
20996
20997
20998
21005
21006
21007
21008
21009
21010
21011
21012
21014
21015
21020
21021
21022
21023
21028
21029
21032
21034
21036
21037
21039
21040
21044
21045
21046
21047
21048
21053
21057
21058
21060
21062
21063
21064
21067
21071
21074
21075
21077
21082
21083
21084
21086
21090
21093
21095
21098
21099
21110
21111
21114
21115
21120
21130
21133
21137
21140
21150
21151
21153
21162
21165
21169
21171
21173
21176
21179
21180
21182
21184
21185
21187
21190
21191
21194
21195
21196
21197
21198
21202
21205
21208
21210
21212
21222
21223
21224
21227
21231
21234
21235
21237
21238
21242
21245
21247
21248
21249
21255
21259
21262
21265
21266
21267
21268
21269
21271
21275
21280
21281
21283
21285
21287
21291
21294
21296
21298
21300
21302
21304
21305
21310
21311
21313
21314
21315
21317
21318
21319
21326
21329
21331
21332
21334
21335
21336
21338
21339
21346
21347
21348
21350
21352
21353
21355
21361
21363
21364
21376
21379
21380
21382
21385
21386
21387
21388
21392
21393
21395
21401
21404
21407
21409
21410
21411
21413
21416
21418
21421
21429
21430
21431
21432
21437
21438
21440
21441
21443
21444
21445
21446
21447
21448
21451
21457
21462
21465
21466
21467
21468
21469
21470
21474
21476
21480
21483
21484
21486
21488
21492
21493
21494
21495
21499
21501
21505
21508
21509
21511
21514
21519
21522
21523
21524
21525
21526
21528
21529
21534
21536
21540
21543
21545
21546
21548
21550
21552
21554
21556
21557
21560
21565
21570
21574
21576
21577
21580
21581
21582
21583
21584
21585
21586
21590
21591
21594
21596
21597
21598
21599
21601
21602
21605
21606
21608
21609
21611
21619
21623
21624
21625
21626
21630
21633
21635
21636
21638
21642
21643
21644
21646
21651
21653
21654
21655
21656
21659
21662
21664
21665
21668
21669
21671
21673
21674
21675
21679
21686
21687
21688
21691
21695
21696
21697
21698
21702
21705
21707
21709
21713
21715
21717
21718
21719
21720
21722
21723
21725
21727
21728
21732
21735
21741
21744
21749
21750
21751
21752
21754
21757
21760
21762
21763
21765
21768
21770
21771
21774
21775
21776
21779
21781
21783
21784
21785
21786
21787
21788
21789
21791
21793
21795
21796
21797
21799
21801
21802
21803
21807
21810
21816
21818
21819
21821
21823
21827
21829
21830
21831
21832
21834
21836
21837
21838
21839
21840
21841
21843
21845
21846
21847
21855
21857
21860
21862
21863
21865
21866
21872
21875
21876
21877
21882
21884
21885
21886
21887
21889
21890
21891
21893
21896
21897
21903
21905
21906
21909
21911
21912
21913
21914
21918
21920
21923
21926
21927
21930
21931
21932
21933
21934
21935
21937
21939
21940
21942
21943
21944
21949
21953
21955
21959
21960
21961
21967
21968
21969
21970
21972
21975
21978
21980
21981
21982
21983
21984
21993
21996
21997
21999
22004
22008
22010
22011
22012
22018
22020
22022
22023
22029
22033
22035
22037
22042
22043
22045
22046
22049
22051
22053
22055
22056
22058
22065
22069
22074
22075
22077
22078
22079
22083
22087
22088
22089
22094
22095
22097
22099
22100
22102
22104
22105
22106
22107
22108
22110
22111
22115
22118
22119
22122
22123
22124
22126
22129
22130
22132
22133
22135
22138
22139
22144
22145
22146
22148
22154
22155
22156
22158
22160
22161
22162
22164
22170
22173
22174
22178
22179
22181
22183
22185
22186
22187
22189
22191
22192
22193
22194
22196
22198
22199
22201
22202
22203
22204
22205
22209
22210
22212
22214
22216
22218
22220
22223
22224
22226
22228
22229
22231
22237
22240
22248
22249
22252
22260
22261
22262
22264
22268
22269
22271
22272
22275
22276
22277
22278
22279
22282
22286
22288
22289
22290
22292
22298
22299
22300
22301
22303
22311
22312
22313
22314
22317
22321
22323
22325
22329
22331
22332
22333
22336
22337
22340
22341
22345
22346
22347
22351
22352
22356
22357
22358
22359
22360
22361
22363
22364
22366
22368
22369
22374
22375
22376
22378
22383
22385
22387
22388
22389
22390
22393
22394
22396
22398
22399
22400
22402
22403
22404
22408
22409
22410
22411
22412
22413
22414
22416
22417
22420
22423
22425
22426
22427
22428
22429
22434
22436
22438
22443
22444
22452
22454
22457
22463
22472
22474
22477
22478
22482
22485
22486
22488
22489
22490
22492
22493
22495
22496
22497
22498
22499
22500
22503
22504
22506
22508
22509
22511
22515
22519
22520
22521
22525
22526
22529
22533
22535
22537
22539
22540
22543
22545
22547
22548
22549
22550
22551
22552
22554
22555
22559
22561
22563
22566
22567
22568
22571
22573
22574
22575
22576
22577
22583
22586
22588
22589
22593
22595
22596
22600
22601
22603
22604
22605
22606
22607
22608
22609
22610
22611
22612
22614
22615
22616
22617
22618
22619
22620
22621
22623
22625
22628
22633
22635
22638
22639
22645
22646
22647
22648
22652
22653
22654
22655
22658
22660
22664
22665
22667
22669
22673
22679
22680
22681
22682
22683
22686
22688
22690
22691
22693
22694
22696
22700
22704
22712
22714
22715
22717
22718
22719
22720
22722
22723
22725
22726
22727
22732
22734
22735
22736
22737
22742
22750
22751
22752
22754
22755
22757
22758
22762
22765
22766
22767
22768
22769
22770
22772
22774
22776
22777
22781
22782
22786
22787
22788
22789
22790
22795
22798
22801
22803
22804
22808
22810
22811
22813
22814
22816
22817
22818
22819
22820
22822
22823
22827
22828
22829
22831
22835
22836
22837
22842
22844
22851
22852
22853
22855
22859
22865
22866
22867
22870
22871
22874
22875
22880
22883
22884
22886
22888
22890
22891
22892
22894
22895
22896
22899
22908
22909
22913
22914
22915
22917
22918
22919
22920
22922
22923
22924
22925
22926
22932
22934
22935
22936
22937
22938
22940
22943
22944
22945
22947
22949
22950
22951
22952
22954
22955
22959
22961
22962
22964
22968
22969
22971
22972
22974
22975
22978
22984
22989
22990
22994
22995
22997
22999
23000
23002
23004
23005
23009
23011
23013
23015
23019
23020
23021
23025
23031
23034
23035
23037
23039
23040
23041
23042
23043
23045
23048
23050
23051
23052
23053
23054
23055
23056
23058
23061
23062
23067
23068
23069
23071
23074
23076
23077
23078
23079
23080
23081
23082
23083
23084
23088
23089
23090
23091
23094
23096
23097
23099
23100
23101
23102
23105
23106
23110
23112
23115
23120
23121
23122
23123
23125
23126
23127
23128
23131
23132
23133
23136
23138
23139
23140
23142
23143
23145
23147
23148
23149
23150
23151
23152
23153
23154
23155
23158
23159
23160
23161
23162
23165
23166
23167
23168
23170
23171
23172
23175
23176
23177
23179
23182
23183
23188
23189
23190
23192
23193
23195
23199
23203
23204
23205
23206
23207
23208
23209
23210
23213
23216
23217
23218
23220
23222
23223
23224
23225
23227
23230
23231
23232
23235
23236
23237
23242
23243
23245
23247
23249
23250
23252
23253
23254
23265
23266
23267
23268
23270
23272
23273
23278
23279
23281
23284
23289
23291
23292
23301
23303
23306
23307
23308
23309
23312
23313
23315
23316
23319
23320
23321
23324
23327
23328
23330
23332
23333
23334
23337
23338
23339
23340
23341
23346
23347
23348
23349
23351
23352
23355
23357
23363
23364
23365
23366
23370
23372
23373
23375
23376
23380
23384
23385
23386
23387
23390
23392
23393
23395
23398
23399
23401
23403
23404
23406
23407
23413
23416
23420
23421
23422
23427
23430
23432
23433
23434
23436
23438
23440
23441
23442
23447
23449
23450
23452
23453
23454
23456
23457
23458
23459
23460
23461
23462
23463
23465
23467
23469
23471
23473
23476
23480
23481
23483
23484
23487
23488
23490
23492
23494
23496
23499
23500
23501
23502
23503
23504
23505
23512
23514
23517
23518
23519
23523
23524
23525
23528
23529
23534
23536
23537
23538
23539
23541
23542
23543
23545
23549
23551
23552
23553
23555
23558
23560
23561
23562
23563
23565
23567
23568
23569
23570
23572
23574
23576
23579
23584
23585
23589
23593
23594
23599
23602
23604
23606
23607
23608
23609
23610
23611
23612
23613
23617
23620
23621
23622
23623
23624
23625
23626
23627
23629
23630
23631
23632
23634
23635
23640
23643
23645
23646
23647
23649
23651
23652
23653
23654
23655
23656
23659
23660
23662
23666
23667
23669
23671
23673
23679
23682
23684
23686
23687
23688
23689
23691
23692
23694
23696
23698
23701
23702
23706
23707
23710
23711
23712
23714
23715
23717
23719
23720
23723
23724
23725
23727
23730
23736
23742
23743
23745
23746
23747
23750
23751
23752
23754
23757
23758
23759
23760
23761
23765
23766
23767
23769
23770
23771
23773
23774
23779
23781
23782
23784
23785
23787
23788
23789
23795
23797
23798
23800
23802
23803
23805
23808
23809
23810
23813
23816
23820
23821
23824
23827
23828
23829
23830
23831
23839
23840
23842
23843
23844
23845
23847
23850
23854
23855
23858
23861
23862
23863
23864
23865
23867
23869
23871
23872
23874
23876
23877
23878
23881
23882
23883
23886
23887
23888
23889
23892
23894
23897
23898
23901
23902
23904
23905
23910
23911
23918
23920
23921
23924
23928
23929
23931
23933
23939
23940
23942
23943
23945
23947
23948
23955
23957
23960
23962
23963
23968
23969
23970
23972
23974
23978
23980
23981
23982
23984
23987
23988
23990
23991
23992
23993
23994
23995
23998
23999
24000
24003
24005
24008
24011
24012
24017
24018
24019
24029
24031
24035
24039
24042
24043
24044
24045
24046
24049
24051
24052
24055
24057
24058
24059
24061
24062
24064
24067
24068
24070
24072
24074
24075
24076
24080
24082
24086
24087
24088
24089
24099
24100
24103
24104
24106
24107
24108
24110
24111
24113
24114
24117
24118
24120
24125
24126
24128
24129
24130
24131
24132
24133
24134
24135
24137
24139
24140
24142
24144
24145
24146
24149
24152
24153
24155
24157
24158
24159
24161
24162
24164
24165
24169
24171
24172
24174
24176
24180
24181
24182
24189
24194
24195
24196
24198
24202
24203
24208
24212
24214
24215
24216
24220
24232
24234
24238
24239
24240
24241
24248
24249
24251
24252
24256
24257
24258
24259
24260
24263
24264
24267
24269
24270
24273
24278
24279
24282
24283
24284
24286
24287
24288
24292
24294
24299
24301
24306
24307
24309
24313
24318
24320
24321
24326
24327
24328
24329
24331
24335
24338
24339
24345
24347
24352
24355
24357
24359
24361
24362
24371
24372
24373
24374
24375
24378
24379
24380
24388
24391
24392
24394
24395
24396
24397
24400
24404
24405
24406
24409
24410
24413
24414
24415
24416
24417
24418
24419
24421
24422
24423
24424
24428
24429
24430
24431
24432
24433
24435
24437
24441
24442
24444
24446
24448
24449
24450
24452
24454
24455
24456
24457
24458
24464
24466
24467
24468
24471
24473
24474
24476
24477
24479
24480
24482
24483
24488
24489
24491
24492
24494
24495
24498
24499
24500
24505
24506
24511
24514
24516
24518
24519
24520
24524
24525
24529
24532
24534
24537
24538
24539
24540
24543
24545
24549
24550
24552
24553
24554
24556
24557
24558
24560
24561
24569
24576
24577
24581
24585
24588
24589
24592
24593
24594
24595
24597
24598
24599
24602
24605
24607
24608
24610
24611
24612
24615
24616
24618
24619
24620
24621
24623
24626
24630
24632
24640
24645
24646
24648
24650
24651
24652
24653
24654
24655
24659
24663
24665
24666
24670
24671
24673
24677
24678
24680
24681
24682
24683
24684
24685
24686
24688
24691
24692
24694
24695
24696
24697
24704
24705
24706
24707
24709
24710
24711
24712
24714
24717
24718
24728
24729
24736
24737
24739
24740
24741
24743
24745
24748
24750
24756
24757
24758
24759
24760
24761
24767
24768
24769
24770
24771
24774
24776
24778
24779
24780
24783
24784
24788
24789
24790
24793
24796
24798
24803
24805
24808
24809
24814
24815
24819
24820
24823
24825
24827
24829
24832
24833
24834
24835
24839
24841
24843
24847
24849
24853
24855
24857
24859
24866
24867
24871
24872
24873
24875
24877
24879
24881
24882
24885
24888
24889
24892
24895
24896
24897
24898
24899
24901
24902
24906
24908
24910
24912
24913
24915
24916
24920
24922
24923
24924
24925
24928
24929
24933
24934
24940
24941
24943
24945
24949
24950
24953
24957
24961
24966
24969
24975
24978
24980
24981
24982
24984
24985
24989
24990
24994
24995
24996
24997
24998
25003
25009
25010
25011
25012
25013
25014
25015
25017
25021
25022
25024
25026
25027
25028
25029
25031
25032
25035
25037
25038
25039
25040
25042
25046
25047
25048
25055
25056
25057
25058
25059
25060
25061
25066
25069
25070
25071
25072
25076
25080
25087
25088
25089
25090
25097
25099
25100
25102
25106
25107
25108
25109
25110
25112
25119
25121
25123
25125
25127
25130
25132
25134
25135
25136
25138
25139
25143
25144
25150
25151
25154
25155
25156
25158
25159
25165
25169
25172
25173
25174
25176
25179
25180
25183
25184
25185
25188
25189
25191
25192
25193
25195
25196
25197
25198
25205
25206
25213
25219
25220
25222
25229
25230
25231
25233
25234
25235
25236
25238
25239
25240
25242
25246
25247
25251
25259
25261
25262
25263
25266
25268
25271
25272
25274
25275
25276
25278
25279
25280
25281
25285
25287
25288
25290
25293
25295
25296
25297
25298
25302
25303
25307
25308
25309
25313
25316
25318
25319
25321
25323
25324
25326
25327
25328
25329
25330
25332
25333
25335
25336
25340
25341
25342
25345
25346
25347
25348
25350
25352
25354
25356
25357
25358
25359
25360
25361
25362
25363
25364
25365
25366
25368
25369
25372
25373
25374
25375
25376
25378
25381
25384
25385
25388
25390
25392
25394
25396
25399
25401
25403
25404
25405
25409
25411
25413
25414
25415
25416
25417
25421
25422
25425
25426
25431
25433
25435
25436
25437
25438
25439
25441
25443
25444
25445
25446
25447
25448
25450
25452
25453
25454
25457
25458
25461
25463
25465
25466
25467
25475
25476
25477
25478
25479
25482
25483
25484
25486
25488
25489
25491
25492
25494
25495
25496
25497
25498
25500
25501
25505
25507
25510
25511
25512
25514
25515
25517
25520
25521
25524
25525
25526
25527
25529
25531
25533
25534
25536
25538
25540
25541
25542
25545
25551
25554
25556
25560
25563
25565
25566
25567
25568
25569
25575
25576
25578
25579
25581
25582
25585
25588
25589
25590
25592
25593
25596
25601
25603
25604
25606
25608
25610
25612
25614
25615
25616
25623
25625
25630
25631
25634
25635
25636
25637
25638
25639
25641
25647
25648
25649
25650
25651
25652
25653
25656
25657
25659
25660
25661
25665
25666
25668
25669
25670
25671
25672
25674
25676
25677
25679
25683
25684
25685
25687
25694
25696
25697
25698
25699
25701
25703
25706
25707
25713
25724
25726
25727
25728
25729
25732
25733
25734
25735
25739
25742
25743
25744
25747
25748
25750
25751
25752
25753
25755
25759
25760
25761
25763
25764
25765
25767
25768
25769
25774
25775
25776
25777
25778
25784
25789
25793
25795
25796
25797
25799
25800
25803
25808
25809
25812
25813
25815
25817
25819
25820
25821
25829
25834
25839
25840
25842
25843
25844
25845
25846
25847
25849
25850
25852
25853
25854
25859
25860
25861
25862
25863
25867
25870
25871
25873
25874
25878
25879
25881
25882
25886
25887
25888
25892
25894
25895
25897
25898
25900
25904
25906
25908
25909
25911
25912
25915
25916
25919
25920
25921
25922
25923
25925
25926
25929
25934
25935
25937
25942
25945
25946
25947
25948
25951
25952
25954
25955
25956
25957
25959
25963
25965
25967
25972
25973
25974
25975
25978
25980
25981
25982
25983
25985
25986
25987
25988
25991
25992
25993
25995
25996
25999
26000
26001
26004
26005
26006
26009
26011
26013
26016
26017
26018
26020
26021
26027
26028
26029
26030
26031
26034
26036
26039
26043
26045
26046
26051
26053
26057
26058
26059
26064
26066
26069
26070
26071
26072
26074
26075
26076
26077
26078
26081
26082
26083
26085
26086
26087
26088
26089
26090
26092
26095
26096
26097
26100
26103
26105
26106
26109
26110
26111
26112
26113
26116
26118
26119
26120
26121
26125
26127
26129
26130
26131
26133
26134
26135
26136
26138
26142
26144
26145
26146
26149
26151
26152
26154
26155
26158
26159
26160
26163
26165
26166
26169
26171
26173
26174
26175
26176
26178
26181
26187
26188
26191
26195
26198
26199
26201
26203
26210
26212
26216
26217
26219
26220
26221
26223
26224
26226
26230
26231
26232
26238
26243
26244
26245
26250
26251
26252
26255
26256
26257
26265
26267
26268
26269
26272
26276
26278
26279
26280
26281
26283
26285
26286
26290
26292
26293
26295
26296
26297
26298
26301
26302
26303
26304
26305
26307
26310
26311
26315
26319
26329
26330
26332
26333
26335
26337
26339
26341
26347
26349
26351
26353
26354
26357
26359
26361
26362
26364
26367
26369
26371
26373
26374
26375
26376
26377
26378
26382
26383
26385
26386
26387
26391
26392
26393
26394
26395
26397
26399
26400
26402
26405
26408
26409
26410
26413
26414
26416
26417
26418
26419
26420
26421
26422
26423
26424
26426
26428
26430
26431
26432
26433
26434
26435
26440
26441
26443
26445
26447
26448
26449
26450
26452
26454
26455
26456
26460
26461
26465
26466
26467
26469
26471
26474
26476
26478
26479
26480
26481
26483
26484
26485
26489
26493
26494
26495
26496
26497
26498
26499
26504
26505
26506
26508
26510
26511
26513
26514
26518
26522
26523
26525
26530
26535
26541
26542
26544
26553
26559
26560
26562
26563
26567
26568
26572
26573
26575
26576
26577
26578
26580
26581
26584
26586
26589
26590
26592
26594
26597
26598
26599
26601
26603
26604
26607
26609
26611
26615
26616
26620
26623
26625
26626
26629
26630
26632
26633
26635
26638
26643
26646
26647
26648
26652
26654
26655
26656
26658
26659
26660
26662
26663
26664
26665
26668
26670
26672
26673
26674
26675
26676
26680
26682
26683
26687
26688
26689
26691
26692
26693
26694
26695
26696
26697
26700
26704
26706
26707
26711
26712
26716
26718
26719
26721
26722
26725
26726
26727
26728
26730
26732
26736
26739
26740
26741
26742
26743
26744
26747
26751
26752
26757
26761
26767
26768
26771
26772
26773
26775
26776
26780
26783
26784
26787
26788
26789
26791
26794
26795
26796
26797
26798
26800
26803
26809
26810
26813
26814
26815
26819
26823
26825
26826
26827
26828
26829
26830
26831
26833
26835
26836
26840
26842
26844
26845
26847
26848
26850
26851
26852
26853
26854
26855
26856
26860
26864
26866
26868
26869
26870
26871
26874
26881
26882
26883
26885
26888
26890
26891
26892
26893
26896
26897
26901
26904
26905
26906
26910
26912
26913
26915
26916
26919
26922
26924
26925
26928
26929
26935
26936
26937
26939
26940
26942
26944
26945
26947
26948
26949
26950
26956
26958
26959
26960
26962
26965
26966
26967
26968
26969
26970
26973
26976
26978
26979
26980
26981
26983
26984
26985
26987
26988
26989
26991
26992
26994
26995
26997
26999
27000
27001
27002
27004
27006
27008
27010
27012
27013
27014
27015
27017
27019
27020
27023
27024
27026
27027
27029
27031
27035
27036
27037
27039
27042
27045
27046
27048
27049
27051
27052
27053
27054
27057
27058
27060
27061
27064
27066
27067
27068
27071
27073
27074
27075
27076
27077
27078
27079
27081
27083
27085
27088
27090
27092
27093
27095
27096
27098
27099
27100
27103
27105
27106
27109
27112
27115
27117
27118
27123
27125
27126
27128
27131
27132
27133
27134
27136
27138
27139
27141
27142
27143
27144
27145
27146
27147
27148
27149
27151
27152
27154
27156
27157
27161
27163
27164
27169
27170
27176
27177
27181
27184
27185
27186
27187
27190
27192
27195
27201
27202
27206
27207
27209
27213
27214
27216
27217
27219
27220
27229
27231
27232
27233
27234
27235
27236
27238
27239
27241
27242
27244
27246
27249
27250
27252
27254
27257
27258
27259
27261
27264
27267
27268
27269
27270
27274
27276
27278
27279
27282
27283
27284
27287
27290
27294
27297
27298
27299
27300
27301
27302
27303
27306
27308
27310
27311
27314
27315
27319
27322
27323
27326
27328
27329
27331
27332
27333
27334
27336
27339
27342
27343
27347
27348
27349
27351
27356
27357
27361
27364
27368
27369
27374
27375
27377
27378
27381
27383
27387
27388
27390
27394
27397
27399
27402
27404
27407
27408
27415
27417
27418
27422
27426
27429
27431
27434
27436
27438
27439
27440
27441
27442
27444
27447
27448
27449
27451
27452
27453
27454
27455
27457
27458
27460
27461
27463
27464
27466
27468
27473
27474
27475
27476
27480
27481
27483
27485
27486
27487
27488
27489
27490
27492
27493
27497
27498
27500
27503
27504
27505
27506
27507
27508
27509
27511
27512
27514
27515
27516
27519
27520
27521
27523
27524
27527
27529
27531
27532
27535
27537
27539
27541
27542
27544
27546
27547
27548
27549
27550
27552
27553
27554
27557
27561
27564
27565
27569
27570
27574
27575
27577
27579
27580
27581
27582
27583
27589
27590
27594
27595
27598
27599
27601
27606
27607
27610
27611
27612
27615
27617
27620
27624
27626
27627
27636
27637
27638
27639
27641
27643
27644
27645
27646
27647
27649
27655
27656
27657
27659
27660
27663
27665
27668
27669
27674
27675
27676
27678
27680
27683
27684
27685
27687
27689
27691
27696
27697
27703
27705
27706
27707
27708
27711
27713
27715
27716
27717
27722
27725
27726
27728
27729
27732
27733
27739
27740
27744
27745
27746
27749
27752
27754
27759
27762
27765
27769
27771
27773
27774
27776
27777
27779
27783
27784
27785
27789
27791
27792
27797
27798
27800
27801
27802
27805
27808
27809
27812
27813
27814
27815
27816
27818
27819
27824
27825
27826
27827
27828
27829
27830
27831
27832
27834
27835
27836
27838
27839
27842
27844
27847
27848
27850
27851
27855
27856
27859
27862
27863
27866
27870
27871
27872
27873
27874
27875
27876
27878
27880
27883
27885
27886
27887
27888
27889
27890
27893
27897
27898
27899
27901
27902
27904
27905
27909
27911
27914
27916
27918
27919
27920
27921
27925
27931
27932
27934
27936
27937
27939
27940
27941
27943
27944
27945
27947
27949
27951
27952
27954
27955
27956
27957
27959
27961
27962
27963
27964
27969
27970
27972
27973
27975
27977
27978
27979
27982
27983
27985
27986
27987
27989
27990
27993
27994
27998
28002
28004
28005
28006
28007
28010
28012
28015
28016
28017
28019
28020
28021
28022
28023
28026
28027
28029
28030
28031
28034
28037
28038
28039
28045
28046
28047
28050
28052
28053
28056
28057
28059
28061
28062
28064
28069
28070
28071
28074
28075
28076
28077
28078
28079
28081
28083
28084
28085
28086
28087
28089
28090
28093
28096
28099
28100
28106
28108
28111
28114
28115
28116
28117
28119
28120
28122
28123
28124
28128
28129
28130
28131
28132
28134
28135
28137
28138
28139
28140
28144
28145
28146
28147
28150
28152
28155
28157
28158
28159
28160
28162
28163
28165
28167
28172
28174
28176
28178
28179
28181
28182
28184
28186
28187
28189
28192
28194
28196
28197
28198
28201
28202
28203
28204
28205
28207
28208
28209
28212
28213
28220
28221
28224
28225
28226
28227
28228
28229
28230
28231
28232
28233
28237
28240
28242
28244
28245
28246
28248
28249
28250
28251
28256
28264
28265
28268
28269
28270
28271
28272
28273
28275
28277
28278
28280
28282
28283
28284
28285
28287
28289
28290
28291
28293
28294
28296
28297
28303
28304
28307
28309
28310
28311
28315
28316
28318
28319
28322
28324
28325
28330
28331
28332
28333
28334
28337
28339
28344
28345
28346
28350
28351
28352
28353
28355
28359
28361
28363
28364
28366
28367
28369
28374
28375
28376
28379
28381
28383
28386
28387
28388
28389
28391
28394
28396
28400
28405
28406
28409
28411
28413
28414
28415
28417
28418
28419
28420
28421
28423
28424
28429
28431
28436
28437
28438
28439
28443
28445
28447
28448
28451
28452
28453
28455
28456
28460
28462
28464
28466
28467
28472
28474
28475
28478
28479
28480
28482
28483
28484
28487
28489
28490
28491
28492
28493
28500
28501
28503
28505
28506
28507
28508
28510
28511
28512
28515
28516
28518
28520
28521
28522
28523
28524
28525
28527
28529
28531
28532
28533
28534
28543
28545
28548
28549
28550
28551
28552
28553
28554
28555
28557
28558
28559
28560
28564
28566
28569
28570
28572
28573
28574
28575
28576
28577
28580
28581
28582
28583
28584
28587
28588
28590
28591
28594
28595
28597
28598
28600
28601
28603
28605
28606
28609
28611
28612
28613
28614
28615
28616
28619
28620
28626
28629
28630
28632
28634
28637
28638
28640
28642
28643
28644
28645
28646
28652
28653
28654
28655
28656
28657
28660
28664
28665
28667
28668
28669
28670
28672
28673
28674
28678
28679
28680
28681
28682
28683
28686
28690
28691
28693
28694
28695
28696
28698
28699
28703
28704
28710
28711
28716
28719
28720
28721
28722
28724
28725
28728
28730
28732
28733
28734
28735
28736
28740
28741
28743
28744
28745
28747
28748
28749
28752
28753
28754
28756
28757
28759
28760
28761
28762
28764
28765
28766
28769
28772
28773
28774
28775
28776
28777
28779
28780
28781
28783
28784
28785
28786
28787
28789
28790
28792
28793
28795
28796
28797
28798
28801
28802
28804
28806
28807
28808
28809
28811
28813
28814
28816
28818
28819
28820
28823
28824
28826
28827
28828
28829
28831
28832
28834
28836
28839
28840
28841
28843
28844
28846
28848
28849
28850
28851
28852
28854
28858
28860
28861
28863
28865
28866
28869
28870
28871
28876
28877
28878
28883
28884
28886
28888
28890
28891
28892
28893
28896
28897
28900
28901
28903
28904
28905
28907
28908
28910
28911
28912
28913
28914
28917
28922
28925
28927
28929
28930
28932
28933
28934
28935
28936
28937
28938
28939
28940
28941
28944
28947
28948
28949
28951
28952
28957
28959
28960
28963
28965
28966
28967
28968
28969
28971
28972
28974
28975
28977
28978
28980
28982
28984
28987
28989
28991
28992
28993
28994
28996
29000
29001
29002
29004
29008
29010
29011
29013
29020
29021
29022
29023
29024
29025
29027
29030
29032
29034
29036
29037
29039
29042
29043
29047
29048
29049
29050
29053
29054
29055
29056
29057
29059
29061
29065
29066
29067
29069
29072
29073
29076
29077
29078
29079
29080
29082
29083
29084
29086
29087
29091
29092
29093
29095
29097
29098
29099
29101
29102
29104
29107
29111
29117
29118
29119
29121
29122
29124
29126
29128
29130
29132
29135
29137
29138
29141
29142
29143
29145
29146
29147
29148
29150
29151
29152
29154
29156
29158
29160
29161
29162
29163
29165
29167
29168
29170
29171
29172
29173
29175
29176
29180
29181
29184
29185
29186
29187
29188
29191
29194
29195
29196
29197
29198
29199
29200
29201
29205
29206
29207
29209
29213
29214
29215
29218
29219
29220
29223
29224
29225
29226
29227
29228
29231
29232
29235
29236
29238
29240
29241
29242
29243
29245
29247
29248
29250
29251
29252
29254
29255
29256
29257
29258
29260
29264
29265
29266
29268
29271
29272
29275
29276
29277
29279
29281
29285
29288
29289
29290
29291
29294
29295
29304
29305
29307
29308
29311
29312
29314
29315
29317
29319
29320
29323
29324
29325
29326
29330
29332
29333
29334
29335
29336
29338
29340
29341
29342
29343
29344
29345
29347
29348
29349
29352
29354
29356
29358
29360
29363
29364
29365
29366
29367
29368
29372
29373
29374
29375
29376
29379
29380
29382
29383
29384
29385
29387
29390
29391
29394
29395
29398
29401
29402
29403
29405
29406
29409
29411
29417
29421
29423
29424
29426
29427
29428
29432
29433
29437
29441
29444
29445
29447
29448
29451
29452
29453
29455
29459
29460
29461
29466
29467
29468
29474
29476
29477
29483
29484
29486
29488
29489
29494
29495
29496
29497
29498
29499
29501
29504
29509
29513
29514
29515
29516
29519
29521
29522
29524
29528
29529
29530
29532
29536
29537
29539
29543
29544
29546
29547
29548
29553
29555
29556
29557
29558
29559
29565
29566
29568
29573
29576
29577
29578
29579
29580
29583
29585
29586
29590
29597
29598
29599
29600
29601
29602
29603
29604
29605
29606
29608
29610
29613
29614
29620
29621
29623
29624
29626
29627
29628
29630
29632
29633
29634
29638
29639
29640
29641
29644
29645
29646
29651
29656
29658
29659
29660
29661
29662
29664
29666
29668
29669
29671
29673
29676
29679
29680
29681
29682
29684
29685
29687
29688
29690
29692
29693
29695
29698
29701
29703
29705
29706
29708
29710
29711
29713
29714
29716
29717
29718
29719
29721
29722
29724
29726
29727
29729
29733
29734
29735
29736
29737
29739
29740
29741
29742
29744
29746
29747
29750
29756
29757
29758
29759
29761
29764
29766
29767
29769
29772
29773
29774
29777
29779
29782
29788
29789
29790
29794
29795
29798
29799
29800
29801
29802
29803
29805
29807
29810
29813
29814
29816
29818
29819
29821
29825
29826
29829
29833
29834
29835
29836
29837
29841
29842
29847
29848
29849
29856
29857
29859
29861
29862
29863
29864
29865
29871
29873
29874
29876
29878
29881
29882
29885
29886
29888
29892
29894
29895
29896
29897
29898
29901
29902
29904
29907
29909
29911
29912
29914
29915
29916
29917
29919
29920
29922
29923
29924
29929
29930
29932
29936
29937
29939
29940
29943
29944
29946
29947
29948
29949
29952
29954
29959
29961
29962
29963
29966
29967
29970
29971
29972
29974
29977
29978
29979
29981
29983
29987
29989
29990
29996
30000
30001
30002
30004
30005
30006
30008
30009
30010
30012
30013
30015
30023
30024
30025
30026
30028
30030
30031
30032
30033
30034
30039
30041
30042
30044
30045
30048
30050
30051
30055
30059
30060
30061
30062
30063
30065
30066
30067
30068
30071
30072
30073
30075
30076
30077
30078
30079
30080
30081
30082
30083
30084
30085
30088
30089
30091
30092
30093
30095
30099
30100
30102
30103
30105
30109
30110
30111
30112
30113
30115
30116
30117
30121
30126
30128
30129
30130
30131
30132
30133
30134
30136
30137
30138
30141
30144
30149
30153
30156
30158
30159
30161
30163
30165
30166
30167
30168
30169
30170
30172
30175
30176
30177
30178
30188
30189
30191
30193
30194
30195
30197
30199
30200
30201
30206
30207
30208
30210
30213
30215
30217
30222
30225
30227
30228
30229
30232
30233
30234
30238
30241
30242
30243
30244
30247
30248
30249
30255
30256
30257
30259
30260
30264
30266
30267
30268
30270
30271
30273
30274
30275
30277
30281
30282
30283
30286
30288
30291
30294
30295
30297
30298
30301
30302
30304
30305
30309
30310
30311
30312
30314
30315
30316
30317
30318
30321
30322
30325
30328
30329
30330
30332
30333
30334
30335
30338
30341
30342
30343
30345
30348
30350
30353
30354
30356
30357
30360
30361
30362
30365
30366
30369
30375
30376
30378
30380
30382
30384
30385
30386
30388
30391
30392
30393
30395
30396
30398
30400
30402
30403
30408
30409
30410
30414
30416
30417
30418
30419
30420
30421
30423
30424
30426
30428
30429
30431
30432
30433
30434
30438
30440
30441
30444
30445
30446
30447
30448
30449
30450
30454
30455
30457
30458
30459
30461
30464
30468
30469
30471
30472
30476
30477
30478
30480
30481
30482
30485
30486
30487
30489
30490
30491
30495
30497
30500
30501
30503
30504
30505
30509
30512
30513
30514
30517
30518
30525
30526
30527
30528
30530
30531
30532
30533
30534
30536
30540
30541
30542
30543
30544
30545
30547
30548
30549
30550
30552
30553
30554
30555
30556
30557
30558
30559
30560
30565
30566
30569
30570
30572
30573
30574
30577
30579
30580
30581
30583
30585
30587
30588
30589
30590
30592
30595
30598
30599
30602
30605
30607
30608
30609
30610
30612
30614
30616
30617
30619
30620
30621
30622
30626
30627
30628
30629
30630
30631
30633
30638
30639
30641
30643
30645
30651
30654
30655
30658
30661
30664
30665
30669
30671
30673
30676
30680
30681
30682
30685
30689
30693
30694
30696
30698
30699
30700
30701
30702
30703
30704
30706
30707
30708
30709
30711
30712
30714
30715
30716
30717
30720
30721
30723
30726
30728
30729
30732
30734
30735
30736
30737
30739
30740
30741
30743
30747
30750
30751
30752
30753
30754
30757
30759
30765
30766
30767
30768
30770
30771
30772
30773
30774
30777
30780
30781
30782
30783
30785
30786
30788
30791
30792
30793
30795
30796
30797
30798
30801
30802
30803
30804
30806
30809
30811
30813
30815
30817
30818
30819
30820
30822
30825
30828
30829
30830
30831
30833
30834
30838
30840
30842
30843
30844
30845
30846
30849
30850
30856
30858
30859
30860
30861
30862
30865
30866
30868
30870
30872
30873
30877
30878
30879
30880
30881
30884
30886
30887
30888
30890
30892
30893
30897
30898
30902
30903
30905
30907
30908
30911
30913
30916
30920
30921
30923
30925
30926
30929
30930
30932
30933
30934
30935
30936
30938
30939
30940
30943
30945
30946
30947
30948
30949
30950
30953
30955
30958
30961
30962
30963
30964
30965
30966
30967
30969
30970
30971
30973
30975
30976
30978
30980
30981
30984
30985
30987
30989
30990
30991
30992
30993
30994
30995
30999
31001
31002
31003
31004
31006
31008
31014
31015
31016
31017
31018
31019
31020
31021
31023
31026
31027
31029
31031
31033
31035
31039
31040
31041
31042
31043
31044
31045
31046
31048
31050
31051
31052
31054
31055
31056
31059
31060
31066
31067
31068
31069
31070
31071
31073
31075
31076
31078
31080
31081
31083
31089
31090
31093
31094
31095
31096
31102
31106
31107
31108
31110
31111
31112
31113
31115
31116
31117
31120
31121
31122
31123
31125
31131
31132
31134
31135
31139
31140
31141
31142
31145
31146
31148
31149
31152
31155
31156
31158
31159
31160
31161
31163
31166
31170
31171
31174
31175
31176
31177
31178
31181
31183
31185
31186
31187
31188
31190
31191
31194
31197
31202
31203
31214
31215
31216
31217
31218
31221
31222
31224
31225
31229
31232
31235
31237
31238
31239
31246
31247
31248
31252
31253
31254
31257
31258
31260
31261
31263
31268
31269
31274
31277
31279
31280
31281
31282
31283
31289
31290
31292
31293
31295
31296
31297
31298
31299
31301
31303
31306
31307
31309
31310
31313
31316
31319
31320
31321
31322
31323
31326
31328
31329
31330
31331
31332
31333
31334
31336
31340
31344
31345
31353
31356
31357
31359
31361
31362
31364
31365
31366
31368
31369
31370
31371
31372
31373
31374
31375
31376
31378
31381
31382
31383
31384
31385
31386
31387
31390
31393
31394
31395
31396
31398
31399
31400
31401
31402
31406
31407
31408
31409
31412
31415
31416
31417
31419
31421
31423
31424
31425
31426
31429
31432
31433
31434
31437
31441
31444
31447
31448
31449
31450
31452
31453
31454
31455
31457
31458
31459
31460
31463
31465
31468
31469
31472
31473
31474
31475
31476
31477
31478
31480
31481
31482
31486
31490
31491
31492
31493
31495
31496
31497
31499
31500
31501
31503
31504
31506
31511
31512
31513
31514
31518
31522
31523
31527
31531
31532
31533
31535
31536
31538
31539
31542
31545
31546
31549
31554
31555
31557
31560
31563
31566
31567
31568
31570
31573
31574
31576
31577
31578
31579
31582
31583
31585
31587
31590
31591
31592
31594
31595
31597
31599
31601
31603
31607
31608
31609
31613
31615
31618
31620
31622
31623
31628
31630
31631
31632
31633
31635
31636
31638
31639
31641
31642
31643
31644
31645
31648
31651
31653
31655
31657
31658
31659
31664
31666
31667
31668
31669
31670
31674
31675
31676
31678
31679
31680
31681
31682
31683
31684
31687
31688
31689
31694
31697
31698
31700
31701
31702
31703
31704
31707
31710
31711
31715
31716
31717
31719
31721
31722
31726
31728
31729
31730
31731
31732
31734
31736
31738
31739
31742
31743
31746
31747
31748
31751
31754
31755
31756
31757
31758
31759
31760
31761
31763
31767
31768
31771
31772
31773
31774
31775
31779
31780
31782
31783
31784
31785
31786
31787
31790
31796
31797
31798
31799
31801
31803
31804
31805
31806
31807
31808
31809
31811
31817
31818
31819
31822
31823
31825
31827
31828
31829
31830
31831
31832
31834
31836
31837
31839
31840
31842
31843
31844
31845
31847
31848
31851
31852
31853
31854
31855
31856
31857
31860
31863
31864
31865
31866
31867
31869
31870
31872
31873
31877
31879
31880
31887
31889
31890
31892
31893
31894
31895
31897
31898
31903
31904
31905
31908
31909
31910
31912
31913
31914
31915
31916
31917
31920
31922
31923
31924
31926
31927
31928
31929
31933
31934
31936
31937
31938
31939
31944
31948
31949
31952
31953
31954
31955
31956
31958
31960
31962
31963
31967
31969
31976
31977
31979
31981
31982
31983
31987
31990
31991
31993
31994
31998
31999
32000
32004
32008
32011
32012
32014
32017
32018
32019
32020
32021
32022
32023
32025
32026
32027
32028
32029
32030
32033
32034
32035
32036
32037
32038
32040
32041
32043
32044
32046
32047
32051
32053
32054
32057
32059
32060
32062
32063
32064
32066
32067
32068
32069
32070
32072
32077
32078
32079
32080
32081
32082
32083
32085
32086
32089
32090
32091
32092
32093
32094
32095
32097
32098
32100
32101
32103
32104
32105
32106
32108
32109
32111
32112
32113
32118
32119
32120
32121
32123
32124
32125
32126
32128
32130
32131
32132
32134
32136
32139
32141
32142
32146
32149
32150
32151
32152
32154
32155
32156
32158
32159
32161
32164
32165
32166
32167
32169
32172
32173
32174
32175
32177
32178
32179
32180
32182
32183
32185
32186
32187
32188
32189
32192
32194
32196
32197
32199
32200
32202
32203
32204
32206
32207
32209
32211
32212
32213
32214
32215
32216
32217
32219
32221
32223
32225
32226
32229
32231
32232
32233
32234
32238
32240
32243
32244
32246
32247
32249
32252
32253
32255
32258
32259
32262
32263
32264
32265
32266
32268
32272
32273
32274
32275
32276
32278
32279
32281
32287
32289
32291
32292
32295
32296
32297
32298
32299
32301
32302
32305
32306
32307
32308
32316
32317
32318
32319
32322
32324
32325
32326
32329
32333
32336
32338
32339
32340
32342
32347
32349
32350
32351
32353
32355
32356
32357
32358
32359
32361
32362
32363
32366
32367
32371
32372
32374
32375
32377
32383
32384
32385
32386
32389
32390
32392
32393
32394
32395
32397
32399
32400
32401
32402
32403
32404
32405
32407
32408
32409
32413
32414
32415
32416
32417
32418
32419
32420
32422
32423
32426
32429
32430
32431
32432
32435
32436
32437
32438
32441
32442
32443
32444
32446
32448
32452
32454
32455
32458
32459
32461
32463
32464
32465
32466
32469
32470
32473
32474
32475
32476
32478
32481
32484
32485
32486
32489
32492
32494
32497
32499
32500
32501
32502
32505
32506
32507
32509
32510
32513
32514
32517
32518
32520
32522
32523
32525
32526
32527
32528
32529
32533
32535
32536
32537
32538
32539
32540
32541
32542
32543
32547
32551
32552
32553
32554
32559
32560
32561
32562
32564
32566
32568
32569
32574
32575
32576
32577
32578
32580
32581
32583
32585
32586
32587
32589
32592
32593
32598
32600
32602
32604
32605
32606
32613
32614
32618
32620
32621
32622
32625
32627
32628
32630
32632
32637
32638
32642
32643
32644
32647
32648
32649
32651
32652
32653
32654
32659
32660
32661
32662
32668
32669
32670
32672
32676
32677
32678
32679
32681
32684
32686
32687
32688
32693
32694
32695
32697
32699
32700
32701
32703
32704
32705
32706
32707
32708
32709
32710
32714
32716
32718
32722
32724
32729
32730
32731
32732
32733
32734
32735
32736
32737
32738
32739
32742
32743
32744
32746
32747
32753
32755
32756
32757
32758
32760
32761
32762
32763
32764
32768
32771
32775
32776
32778
32779
32780
32782
32789
32791
32794
32796
32797
32799
32800
32803
32805
32806
32807
32808
32810
32811
32812
32813
32816
32817
32823
32824
32825
32826
32831
32833
32836
32838
32839
32840
32841
32842
32843
32845
32846
32847
32849
32855
32858
32859
32860
32863
32864
32867
32868
32870
32871
32874
32875
32876
32877
32886
32887
32888
32890
32893
32896
32898
32899
32900
32901
32902
32904
32906
32908
32909
32910
32911
32912
32913
32914
32919
32920
32922
32926
32927
32928
32932
32934
32935
32936
32937
32938
32940
32941
32943
32945
32946
32948
32950
32951
32952
32957
32959
32960
32962
32963
32965
32966
32970
32972
32973
32976
32978
32980
32981
32983
32984
32986
32987
32989
32990
32991
32992
32993
32996
32997
32999
33000
33001
33004
33006
33007
33008
33009
33012
33013
33014
33016
33019
33020
33022
33028
33029
33031
33032
33035
33036
33037
33038
33039
33040
33043
33044
33045
33046
33047
33048
33049
33050
33051
33052
33054
33055
33056
33057
33058
33063
33064
33065
33068
33069
33072
33073
33076
33077
33079
33080
33081
33082
33083
33084
33086
33087
33090
33092
33096
33097
33099
33100
33101
33102
33103
33104
33106
33114
33116
33117
33118
33121
33122
33123
33124
33127
33128
33131
33132
33133
33134
33135
33136
33137
33138
33139
33141
33143
33144
33145
33148
33149
33150
33155
33156
33157
33160
33161
33162
33163
33166
33167
33168
33169
33172
33173
33174
33175
33176
33178
33180
33181
33183
33187
33189
33190
33193
33194
33195
33197
33198
33200
33201
33202
33203
33205
33207
33209
33212
33213
33215
33219
33221
33222
33223
33225
33227
33228
33232
33234
33236
33237
33240
33242
33243
33245
33246
33247
33248
33249
33250
33252
33253
33255
33257
33258
33262
33263
33266
33267
33270
33274
33275
33278
33280
33281
33282
33285
33288
33290
33292
33300
33304
33305
33307
33308
33309
33315
33316
33317
33321
33322
33323
33325
33326
33327
33328
33329
33330
33334
33335
33338
33339
33345
33346
33347
33348
33349
33350
33352
33353
33354
33355
33357
33359
33360
33361
33364
33365
33368
33369
33370
33372
33373
33374
33375
33379
33380
33383
33384
33385
33390
33391
33392
33393
33394
33396
33397
33399
33402
33404
33405
33409
33410
33411
33412
33414
33415
33416
33417
33419
33420
33422
33423
33425
33427
33428
33429
33432
33433
33434
33437
33438
33439
33440
33442
33444
33448
33450
33452
33453
33454
33456
33457
33458
33460
33465
33468
33469
33470
33471
33473
33474
33475
33477
33478
33479
33480
33481
33482
33483
33484
33485
33486
33487
33489
33491
33493
33494
33496
33497
33498
33499
33500
33502
33504
33505
33506
33507
33510
33511
33512
33513
33514
33515
33516
33518
33520
33521
33523
33526
33528
33529
33530
33531
33533
33534
33536
33537
33538
33540
33542
33543
33545
33546
33547
33548
33549
33551
33557
33558
33559
33560
33562
33563
33564
33566
33568
33569
33571
33573
33574
33575
33576
33577
33581
33582
33585
33587
33588
33589
33592
33594
33595
33596
33597
33598
33599
33600
33602
33604
33605
33606
33607
33610
33612
33614
33615
33616
33618
33619
33620
33622
33623
33624
33627
33628
33629
33630
33636
33637
33638
33641
33643
33650
33653
33656
33657
33659
33661
33663
33665
33666
33668
33669
33672
33674
33675
33676
33677
33678
33679
33680
33681
33683
33688
33689
33690
33693
33695
33696
33697
33698
33699
33701
33703
33704
33705
33706
33707
33708
33710
33712
33715
33716
33717
33719
33721
33722
33726
33727
33728
33734
33736
33737
33739
33743
33745
33748
33749
33751
33754
33755
33757
33760
33762
33765
33769
33770
33772
33774
33778
33780
33781
33783
33784
33785
33788
33790
33792
33795
33796
33798
33800
33802
33804
33806
33808
33809
33812
33814
33818
33819
33820
33821
33823
33824
33826
33828
33830
33832
33833
33834
33835
33838
33839
33841
33842
33843
33844
33846
33847
33849
33851
33855
33856
33858
33859
33860
33863
33864
33866
33867
33868
33870
33871
33873
33874
33876
33878
33879
33881
33882
33883
33884
33885
33888
33890
33891
33892
33894
33895
33896
33897
33904
33906
33907
33908
33909
33910
33912
33913
33918
33919
33920
33921
33923
33925
33926
33927
33929
33933
33934
33935
33937
33938
33940
33941
33942
33943
33945
33947
33948
33949
33950
33951
33952
33953
33954
33956
33958
33959
33960
33961
33962
33964
33966
33967
33968
33975
33976
33977
33978
33980
33982
33983
33985
33986
33988
33990
33992
33994
33995
33997
33998
33999
34000
34002
34004
34006
34007
34008
34009
34010
34013
34014
34017
34020
34021
34025
34027
34029
34031
34036
34037
34038
34039
34040
34041
34043
34049
34052
34054
34056
34057
34061
34063
34064
34067
34069
34070
34075
34076
34079
34083
34084
34087
34089
34090
34091
34092
34095
34096
34097
34101
34102
34103
34104
34106
34107
34108
34109
34110
34113
34115
34117
34118
34119
34120
34121
34122
34124
34127
34128
34129
34135
34137
34138
34139
34140
34141
34142
34143
34144
34146
34148
34149
34151
34152
34153
34155
34158
34159
34160
34161
34162
34165
34166
34168
34171
34172
34173
34174
34175
34177
34178
34179
34183
34184
34186
34187
34189
34190
34193
34194
34196
34197
34198
34199
34200
34202
34205
34207
34208
34209
34212
34213
34214
34215
34216
34219
34220
34222
34223
34224
34225
34226
34227
34229
34231
34233
34234
34235
34239
34240
34244
34245
34246
34247
34249
34251
34254
34255
34256
34258
34260
34262
34264
34265
34266
34268
34269
34270
34272
34273
34275
34278
34279
34280
34285
34286
34288
34292
34295
34296
34297
34300
34301
34302
34304
34306
34307
34308
34309
34310
34312
34316
34317
34320
34321
34324
34326
34328
34331
34332
34333
34334
34335
34336
34338
34339
34340
34341
34342
34344
34345
34348
34349
34350
34353
34354
34355
34357
34359
34360
34361
34363
34364
34365
34366
34368
34370
34371
34372
34373
34374
34378
34379
34381
34382
34383
34384
34388
34389
34390
34393
34394
34396
34398
34400
34401
34402
34403
34404
34405
34407
34408
34409
34411
34412
34414
34415
34416
34417
34421
34423
34424
34425
34427
34428
34430
34431
34432
34433
34434
34436
34439
34440
34442
34443
34444
34446
34448
34449
34450
34452
34453
34454
34455
34456
34458
34465
34466
34469
34471
34472
34474
34476
34477
34478
34479
34480
34481
34484
34485
34486
34487
34488
34492
34495
34497
34498
34501
34502
34503
34505
34508
34509
34511
34514
34516
34518
34520
34522
34524
34525
34527
34528
34530
34533
34534
34536
34539
34540
34544
34546
34549
34550
34552
34553
34554
34556
34560
34561
34562
34565
34567
34568
34571
34572
34573
34574
34575
34576
34578
34579
34580
34582
34585
34590
34591
34592
34594
34595
34597
34598
34599
34602
34604
34605
34606
34607
34610
34611
34612
34613
34614
34615
34616
34617
34618
34619
34622
34623
34627
34629
34630
34631
34632
34633
34634
34637
34638
34640
34641
34642
34644
34645
34649
34650
34654
34655
34656
34657
34658
34659
34662
34664
34665
34666
34669
34670
34671
34673
34676
34677
34678
34679
34680
34681
34683
34684
34687
34688
34689
34691
34692
34694
34695
34696
34697
34698
34699
34701
34702
34704
34709
34710
34712
34714
34715
34720
34721
34723
34728
34729
34730
34731
34732
34735
34737
34738
34739
34740
34741
34742
34743
34744
34747
34749
34750
34751
34752
34754
34756
34758
34759
34760
34761
34763
34770
34772
34776
34777
34778
34779
34782
34783
34784
34785
34787
34788
34789
34790
34792
34796
34798
34799
34800
34803
34804
34805
34806
34807
34811
34813
34814
34815
34817
34818
34819
34820
34823
34824
34827
34828
34829
34830
34832
34834
34835
34836
34837
34838
34839
34841
34843
34844
34845
34846
34847
34849
34850
34851
34852
34853
34854
34857
34859
34861
34862
34863
34864
34865
34867
34869
34870
34875
34876
34878
34882
34883
34884
34886
34888
34889
34891
34892
34894
34896
34897
34898
34899
34900
34901
34903
34904
34907
34908
34909
34910
34911
34913
34914
34916
34917
34918
34919
34920
34921
34922
34924
34927
34928
34931
34934
34935
34937
34939
34940
34941
34947
34948
34949
34950
34953
34954
34955
34957
34958
34959
34960
34961
34963
34964
34965
34967
34968
34971
34972
34974
34975
34976
34977
34980
34981
34982
34983
34984
34985
34986
34987
34988
34989
34992
34993
34994
34995
34996
34999
35001
35004
35008
35010
35011
35012
35013
35014
35019
35020
35021
35023
35026
35028
35029
35030
35031
35033
35038
35042
35043
35045
35049
35050
35053
35055
35056
35058
35059
35060
35062
35063
35064
35066
35068
35069
35070
35071
35074
35075
35077
35078
35079
35080
35082
35083
35085
35086
35089
35092
35093
35098
35100
35101
35103
35105
35106
35107
35108
35112
35113
35114
35115
35117
35119
35120
35123
35127
35128
35129
35130
35131
35132
35135
35142
35143
35144
35148
35149
35150
35151
35152
35153
35154
35162
35163
35164
35167
35168
35170
35172
35173
35175
35176
35177
35180
35181
35182
35184
35185
35186
35187
35189
35190
35191
35192
35193
35197
35198
35199
35200
35202
35203
35204
35206
35207
35208
35209
35210
35211
35212
35213
35214
35215
35217
35219
35220
35222
35223
35225
35227
35228
35229
35233
35236
35237
35241
35243
35245
35248
35253
35255
35256
35259
35261
35262
35263
35265
35266
35267
35268
35270
35272
35273
35277
35278
35279
35280
35283
35284
35285
35287
35290
35291
35292
35293
35295
35297
35298
35300
35301
35303
35304
35305
35307
35309
35310
35314
35315
35316
35317
35319
35320
35321
35323
35324
35327
35328
35329
35330
35332
35333
35334
35336
35337
35341
35342
35343
35345
35346
35347
35348
35350
35352
35353
35354
35356
35359
35360
35362
35363
35365
35366
35367
35369
35370
35371
35375
35376
35377
35379
35380
35381
35383
35384
35385
35387
35388
35390
35391
35392
35394
35396
35397
35401
35402
35403
35405
35408
35410
35411
35412
35413
35415
35416
35417
35418
35420
35421
35423
35424
35425
35428
35429
35430
35432
35440
35442
35443
35446
35447
35448
35449
35450
35453
35454
35455
35457
35458
35460
35461
35462
35465
35466
35469
35470
35476
35478
35480
35484
35486
35487
35488
35489
35490
35491
35492
35496
35498
35499
35500
35501
35502
35504
35505
35506
35507
35508
35509
35510
35512
35513
35514
35515
35517
35518
35519
35520
35521
35523
35524
35525
35526
35527
35528
35530
35531
35532
35533
35534
35535
35536
35540
35544
35545
35548
35549
35552
35554
35556
35558
35561
35563
35565
35566
35567
35569
35570
35572
35574
35576
35578
35579
35581
35582
35583
35584
35586
35587
35588
35589
35592
35593
35597
35598
35599
35601
35607
35609
35610
35611
35613
35616
35618
35619
35620
35624
35625
35626
35627
35628
35630
35631
35632
35637
35638
35639
35640
35641
35642
35644
35645
35646
35651
35652
35654
35655
35656
35658
35659
35660
35661
35663
35664
35665
35666
35669
35670
35671
35673
35674
35675
35676
35677
35681
35683
35684
35685
35687
35689
35696
35698
35699
35700
35702
35703
35705
35706
35707
35708
35710
35712
35714
35717
35720
35721
35722
35723
35724
35725
35729
35730
35731
35735
35736
35738
35739
35740
35741
35743
35745
35747
35749
35752
35753
35754
35755
35756
35757
35759
35760
35761
35763
35766
35770
35771
35772
35773
35774
35775
35779
35781
35782
35783
35785
35789
35791
35792
35796
35797
35798
35799
35800
35802
35803
35804
35805
35807
35810
35813
35814
35815
35816
35817
35820
35822
35823
35824
35825
35826
35827
35829
35830
35831
35833
35834
35835
35836
35837
35839
35842
35844
35846
35848
35850
35852
35854
35855
35856
35857
35858
35860
35861
35863
35866
35868
35870
35871
35874
35876
35877
35879
35881
35882
35884
35887
35888
35889
35890
35891
35892
35896
35897
35898
35899
35902
35903
35905
35906
35907
35910
35912
35913
35916
35917
35918
35921
35922
35924
35925
35927
35928
35929
35933
35938
35939
35940
35941
35948
35950
35951
35952
35953
35954
35955
35958
35960
35961
35964
35965
35966
35967
35972
35973
35974
35976
35982
35984
35986
35987
35990
35991
35993
35994
35997
35998
35999
36001
36002
36003
36004
36005
36006
36007
36008
36009
36010
36013
36015
36017
36018
36019
36020
36021
36023
36024
36029
36031
36032
36037
36039
36041
36042
36043
36044
36045
36047
36048
36049
36050
36051
36054
36057
36058
36060
36061
36063
36064
36065
36068
36069
36070
36071
36072
36073
36075
36077
36078
36081
36082
36083
36084
36085
36087
36088
36089
36092
36094
36095
36096
36100
36102
36103
36104
36107
36108
36109
36110
36112
36113
36115
36116
36120
36121
36122
36124
36126
36129
36130
36131
36132
36133
36134
36135
36136
36137
36140
36141
36143
36144
36145
36147
36148
36149
36150
36152
36153
36156
36157
36160
36161
36163
36167
36170
36172
36173
36177
36178
36179
36181
36183
36185
36186
36188
36189
36192
36198
36200
36202
36203
36204
36205
36206
36208
36209
36212
36214
36215
36216
36217
36219
36220
36223
36224
36226
36227
36228
36229
36231
36232
36233
36235
36236
36239
36240
36241
36242
36244
36245
36248
36250
36251
36252
36255
36256
36258
36259
36260
36261
36262
36263
36264
36265
36266
36267
36270
36271
36272
36273
36278
36281
36282
36284
36285
36286
36287
36288
36289
36290
36291
36293
36294
36298
36299
36300
36302
36304
36305
36306
36307
36308
36310
36313
36315
36316
36317
36318
36321
36322
36323
36324
36325
36326
36327
36329
36330
36334
36337
36338
36339
36340
36341
36342
36343
36345
36355
36356
36358
36359
36360
36361
36362
36364
36365
36366
36374
36375
36378
36379
36380
36382
36383
36386
36387
36388
36389
36390
36391
36392
36394
36396
36398
36399
36400
36401
36402
36403
36404
36405
36407
36409
36411
36413
36415
36417
36418
36419
36420
36421
36426
36427
36428
36430
36431
36432
36434
36436
36437
36439
36440
36442
36443
36444
36447
36448
36450
36451
36452
36455
36456
36457
36458
36459
36460
36461
36462
36463
36466
36467
36468
36469
36470
36471
36473
36475
36476
36477
36480
36481
36483
36484
36485
36486
36488
36489
36490
36492
36494
36498
36499
36502
36503
36504
36505
36507
36508
36509
36510
36511
36512
36513
36516
36517
36518
36520
36522
36523
36525
36528
36530
36531
36532
36533
36534
36537
36540
36541
36542
36543
36544
36545
36548
36549
36550
36551
36555
36556
36558
36560
36561
36562
36563
36564
36565
36566
36567
36568
36570
36573
36574
36575
36578
36579
36580
36581
36585
36587
36589
36595
36599
36600
36603
36604
36609
36611
36613
36615
36617
36619
36620
36621
36622
36623
36624
36625
36632
36633
36635
36637
36638
36640
36644
36645
36646
36649
36650
36651
36653
36655
36656
36657
36658
36659
36661
36663
36665
36668
36669
36672
36673
36674
36675
36678
36680
36682
36684
36685
36686
36687
36689
36690
36691
36692
36694
36696
36697
36698
36700
36701
36704
36705
36708
36710
36711
36713
36714
36715
36716
36718
36719
36720
36721
36726
36727
36728
36729
36730
36731
36732
36735
36736
36738
36739
36740
36741
36743
36744
36745
36747
36750
36752
36753
36754
36755
36756
36757
36758
36759
36761
36762
36763
36764
36766
36767
36768
36769
36771
36772
36775
36776
36778
36779
36780
36782
36785
36786
36787
36788
36789
36790
36791
36792
36795
36796
36797
36799
36800
36803
36804
36805
36806
36808
36811
36812
36813
36815
36819
36821
36823
36825
36826
36829
36830
36832
36835
36837
36839
36843
36845
36847
36848
36849
36850
36851
36852
36854
36855
36856
36857
36858
36859
36860
36863
36864
36866
36868
36869
36870
36871
36872
36873
36874
36877
36878
36880
36881
36886
36887
36888
36890
36894
36896
36897
36898
36903
36905
36907
36910
36911
36912
36913
36914
36916
36918
36919
36920
36921
36922
36926
36929
36930
36932
36935
36936
36942
36946
36947
36949
36950
36952
36954
36955
36956
36957
36959
36961
36963
36964
36966
36968
36969
36971
36972
36973
36977
36978
36983
36987
36989
36991
36992
36993
36994
36995
36996
36997
36998
37000
37001
37002
37005
37007
37009
37010
37012
37013
37014
37015
37017
37018
37019
37021
37025
37030
37031
37032
37035
37038
37039
37042
37046
37049
37050
37051
37053
37055
37059
37064
37065
37067
37070
37071
37074
37075
37076
37077
37078
37080
37082
37083
37085
37086
37087
37089
37090
37091
37092
37095
37096
37097
37099
37100
37101
37102
37103
37104
37105
37106
37110
37111
37112
37113
37114
37118
37120
37122
37123
37124
37126
37127
37129
37131
37133
37134
37135
37136
37137
37138
37141
37143
37144
37145
37146
37148
37150
37151
37153
37159
37161
37162
37164
37165
37166
37167
37171
37173
37175
37176
37177
37178
37181
37184
37185
37186
37187
37188
37191
37192
37193
37195
37196
37199
37203
37206
37209
37210
37211
37214
37215
37216
37217
37218
37219
37221
37222
37223
37225
37227
37228
37229
37233
37235
37236
37239
37240
37241
37242
37243
37244
37245
37247
37249
37251
37253
37254
37255
37256
37257
37258
37259
37260
37261
37262
37264
37265
37268
37269
37273
37274
37275
37277
37278
37279
37280
37282
37283
37285
37286
37287
37289
37290
37291
37292
37293
37294
37295
37296
37298
37300
37302
37305
37307
37308
37312
37313
37314
37315
37316
37317
37318
37320
37321
37322
37324
37325
37328
37330
37335
37338
37340
37341
37342
37343
37344
37347
37349
37354
37355
37357
37358
37362
37365
37368
37369
37372
37373
37375
37376
37378
37379
37383
37385
37386
37387
37389
37390
37391
37392
37393
37394
37396
37399
37400
37401
37402
37404
37406
37407
37408
37409
37411
37412
37414
37415
37419
37420
37422
37424
37425
37426
37427
37430
37432
37433
37434
37439
37440
37442
37444
37445
37446
37449
37450
37452
37454
37459
37461
37462
37464
37468
37469
37470
37471
37472
37473
37474
37475
37477
37478
37479
37480
37483
37484
37486
37487
37489
37491
37493
37495
37496
37497
37498
37500
37501
37502
37503
37504
37505
37507
37509
37510
37511
37512
37513
37515
37519
37520
37521
37522
37524
37525
37528
37530
37532
37533
37535
37538
37540
37541
37544
37545
37546
37548
37550
37551
37552
37553
37555
37557
37558
37559
37560
37561
37562
37563
37564
37565
37567
37568
37569
37570
37571
37572
37573
37575
37576
37577
37578
37579
37580
37581
37582
37583
37584
37585
37587
37588
37589
37590
37592
37594
37597
37598
37599
37601
37604
37605
37607
37608
37609
37610
37611
37612
37614
37615
37616
37617
37619
37620
37622
37623
37624
37626
37628
37629
37630
37632
37633
37634
37635
37636
37639
37642
37643
37644
37645
37646
37647
37648
37649
37650
37651
37654
37661
37662
37664
37665
37666
37668
37669
37671
37674
37675
37677
37678
37682
37684
37686
37687
37692
37693
37694
37695
37697
37698
37703
37704
37706
37708
37709
37710
37711
37712
37714
37716
37717
37719
37720
37721
37723
37724
37725
37728
37731
37733
37736
37737
37738
37739
37743
37746
37748
37749
37750
37751
37752
37753
37755
37756
37757
37763
37764
37765
37766
37767
37771
37772
37773
37776
37777
37783
37784
37788
37789
37790
37793
37798
37800
37802
37803
37804
37806
37807
37808
37810
37811
37812
37814
37815
37816
37817
37818
37820
37821
37822
37826
37828
37829
37831
37833
37834
37835
37836
37837
37838
37839
37840
37841
37842
37843
37846
37850
37851
37854
37855
37856
37857
37858
37859
37862
37863
37864
37865
37866
37867
37869
37872
37873
37874
37875
37876
37878
37881
37882
37883
37884
37885
37886
37888
37889
37891
37893
37894
37895
37897
37898
37899
37900
37901
37903
37904
37905
37906
37909
37910
37912
37914
37917
37918
37919
37920
37921
37924
37925
37927
37929
37930
37931
37934
37936
37937
37938
37939
37940
37941
37942
37945
37946
37947
37948
37949
37950
37952
37953
37955
37957
37959
37960
37963
37964
37965
37966
37967
37970
37971
37974
37975
37976
37977
37979
37982
37983
37985
37987
37988
37991
37992
37994
37995
37997
38001
38005
38006
38007
38009
38010
38014
38017
38018
38020
38021
38022
38023
38024
38025
38029
38032
38034
38035
38036
38037
38038
38039
38040
38041
38042
38043
38046
38047
38048
38050
38051
38052
38053
38054
38055
38056
38057
38058
38059
38060
38062
38063
38064
38069
38071
38072
38074
38077
38078
38080
38081
38082
38083
38084
38086
38087
38090
38092
38095
38096
38098
38099
38100
38101
38102
38103
38104
38105
38106
38107
38108
38109
38110
38115
38118
38119
38121
38122
38123
38124
38128
38130
38131
38132
38134
38137
38139
38140
38142
38143
38144
38145
38146
38149
38150
38151
38152
38153
38156
38159
38160
38161
38162
38163
38164
38165
38167
38168
38169
38173
38174
38179
38180
38181
38182
38183
38185
38186
38188
38193
38195
38198
38199
38201
38202
38204
38206
38209
38210
38212
38215
38217
38218
38219
38221
38223
38224
38229
38230
38231
38232
38234
38235
38237
38239
38240
38241
38242
38244
38246
38248
38249
38250
38252
38253
38254
38255
38257
38258
38260
38261
38262
38263
38264
38265
38267
38268
38270
38271
38272
38274
38275
38276
38277
38278
38280
38282
38284
38286
38287
38288
38289
38290
38291
38292
38293
38295
38297
38299
38300
38301
38302
38303
38304
38305
38306
38307
38308
38309
38310
38312
38313
38315
38316
38317
38319
38322
38326
38327
38328
38330
38332
38335
38336
38337
38338
38339
38340
38341
38342
38345
38348
38349
38350
38353
38355
38356
38358
38359
38360
38364
38367
38370
38371
38373
38375
38376
38379
38380
38382
38383
38384
38385
38386
38388
38389
38392
38393
38395
38396
38398
38401
38404
38405
38407
38409
38410
38411
38412
38413
38414
38415
38416
38418
38419
38421
38422
38423
38424
38426
38427
38428
38431
38432
38434
38435
38436
38437
38438
38439
38440
38441
38444
38448
38450
38451
38452
38455
38457
38458
38461
38462
38463
38466
38467
38468
38471
38475
38476
38481
38482
38483
38485
38486
38487
38492
38496
38497
38498
38499
38500
38502
38504
38507
38509
38510
38513
38514
38515
38517
38519
38520
38521
38522
38524
38525
38526
38527
38529
38530
38532
38534
38535
38536
38537
38539
38541
38543
38544
38545
38546
38547
38548
38549
38550
38552
38553
38554
38558
38559
38560
38561
38565
38567
38568
38569
38571
38573
38574
38575
38576
38578
38579
38582
38586
38588
38590
38594
38596
38597
38599
38600
38602
38605
38608
38609
38611
38612
38614
38615
38616
38617
38620
38621
38622
38623
38626
38629
38630
38634
38635
38636
38638
38639
38640
38642
38644
38646
38647
38650
38651
38654
38659
38660
38662
38665
38666
38668
38670
38671
38674
38677
38679
38680
38682
38683
38684
38686
38687
38688
38691
38692
38693
38694
38696
38697
38700
38702
38705
38707
38709
38711
38713
38714
38716
38717
38719
38720
38721
38722
38723
38727
38728
38730
38732
38735
38736
38737
38739
38742
38745
38746
38747
38748
38749
38750
38751
38752
38753
38757
38758
38759
38763
38765
38767
38768
38769
38770
38772
38774
38781
38782
38784
38785
38789
38790
38792
38793
38794
38796
38799
38800
38801
38802
38803
38804
38805
38808
38809
38811
38813
38815
38818
38819
38820
38821
38822
38825
38826
38827
38828
38831
38833
38834
38835
38837
38839
38840
38841
38842
38844
38845
38846
38847
38849
38850
38852
38853
38854
38856
38857
38858
38859
38860
38861
38862
38865
38866
38867
38868
38871
38873
38874
38875
38876
38879
38880
38881
38882
38884
38885
38887
38888
38889
38890
38893
38895
38897
38898
38899
38900
38901
38902
38903
38904
38905
38908
38909
38910
38912
38914
38916
38917
38918
38923
38924
38925
38926
38927
38928
38929
38932
38933
38934
38939
38940
38941
38942
38946
38948
38949
38950
38951
38952
38954
38955
38956
38957
38960
38961
38962
38966
38967
38968
38969
38970
38971
38972
38973
38974
38977
38979
38984
38987
38988
38990
38991
38994
38995
38996
38997
38998
39000
39001
39002
39003
39004
39005
39006
39007
39008
39009
39011
39014
39015
39016
39019
39020
39022
39025
39026
39027
39028
39029
39030
39032
39033
39035
39036
39039
39041
39043
39045
39050
39052
39053
39055
39056
39057
39058
39059
39060
39062
39063
39068
39069
39070
39071
39077
39079
39080
39081
39083
39085
39086
39088
39090
39091
39092
39093
39096
39097
39098
39101
39104
39106
39112
39114
39115
39116
39117
39118
39120
39122
39124
39126
39127
39131
39132
39133
39134
39136
39138
39140
39142
39143
39144
39145
39151
39154
39156
39157
39158
39159
39161
39162
39163
39164
39165
39166
39169
39170
39171
39173
39174
39175
39176
39178
39183
39184
39185
39189
39190
39191
39192
39193
39194
39195
39196
39197
39199
39201
39203
39205
39206
39207
39208
39212
39213
39214
39216
39217
39218
39220
39221
39224
39225
39227
39229
39230
39234
39236
39243
39246
39251
39253
39254
39256
39258
39259
39260
39263
39264
39265
39266
39269
39272
39273
39274
39276
39278
39279
39283
39284
39285
39287
39288
39290
39292
39296
39297
39298
39299
39301
39304
39305
39306
39310
39311
39312
39315
39316
39317
39319
39320
39321
39322
39323
39325
39326
39327
39332
39333
39336
39337
39339
39340
39341
39344
39348
39349
39351
39353
39354
39357
39359
39362
39363
39366
39367
39370
39371
39372
39373
39374
39376
39377
39379
39383
39386
39389
39391
39392
39394
39396
39398
39400
39401
39402
39403
39404
39406
39407
39408
39409
39411
39413
39414
39415
39418
39419
39423
39425
39427
39429
39430
39431
39432
39433
39434
39435
39438
39439
39442
39443
39447
39450
39451
39452
39453
39454
39455
39457
39458
39459
39461
39462
39464
39465
39466
39468
39469
39471
39473
39474
39479
39480
39481
39482
39483
39484
39485
39486
39488
39489
39491
39493
39494
39501
39502
39503
39504
39505
39507
39509
39510
39511
39512
39513
39514
39515
39517
39518
39521
39522
39523
39525
39526
39528
39529
39530
39531
39533
39535
39536
39537
39538
39540
39541
39542
39544
39546
39547
39548
39549
39551
39553
39554
39555
39558
39559
39560
39561
39562
39563
39568
39570
39573
39574
39575
39576
39577
39578
39579
39580
39583
39584
39585
39586
39589
39590
39591
39592
39593
39594
39595
39596
39597
39598
39599
39600
39601
39603
39605
39606
39608
39609
39611
39612
39613
39614
39617
39620
39622
39623
39624
39625
39626
39627
39631
39632
39633
39635
39636
39638
39639
39642
39643
39646
39649
39650
39651
39654
39657
39658
39660
39662
39663
39666
39667
39669
39670
39676
39677
39679
39680
39681
39682
39683
39684
39685
39686
39687
39690
39694
39695
39696
39697
39699
39701
39702
39703
39704
39705
39706
39709
39711
39712
39713
39714
39715
39718
39719
39720
39722
39723
39724
39725
39727
39728
39729
39730
39731
39732
39733
39735
39738
39739
39742
39743
39745
39747
39750
39753
39755
39759
39763
39764
39765
39766
39767
39768
39769
39772
39775
39777
39778
39779
39780
39781
39784
39786
39787
39789
39790
39791
39794
39795
39796
39798
39799
39800
39802
39803
39804
39806
39807
39808
39810
39812
39813
39814
39815
39817
39818
39820
39822
39824
39825
39827
39828
39829
39830
39832
39833
39837
39838
39839
39841
39847
39848
39851
39854
39855
39856
39857
39858
39859
39860
39861
39862
39863
39864
39865
39866
39869
39871
39872
39873
39877
39880
39882
39883
39884
39887
39888
39890
39891
39892
39893
39894
39895
39896
39897
39898
39899
39900
39901
39902
39903
39904
39905
39906
39908
39910
39911
39912
39913
39915
39916
39917
39918
39921
39925
39926
39929
39930
39933
39934
39935
39936
39937
39939
39940
39941
39942
39944
39945
39946
39947
39948
39953
39956
39957
39958
39959
39960
39964
39966
39967
39969
39971
39974
39975
39976
39977
39979
39980
39981
39982
39984
39985
39986
39987
39989
39990
39991
39992
39993
39994
39995
39999
40000
40001
40003
40004
40005
40006
40010
40011
40012
40014
40017
40018
40020
40021
40025
40026
40029
40030
40031
40032
40033
40034
40035
40036
40037
40038
40041
40042
40044
40045
40046
40047
40048
40053
40054
40058
40060
40062
40063
40065
40067
40068
40069
40070
40072
40074
40075
40076
40078
40079
40080
40081
40083
40086
40087
40088
40089
40090
40091
40094
40096
40097
40100
40101
40102
40105
40107
40108
40110
40112
40113
40114
40115
40116
40117
40118
40123
40126
40127
40129
40131
40132
40133
40134
40135
40137
40140
40141
40142
40143
40144
40145
40146
40147
40149
40150
40151
40152
40157
40159
40160
40164
40166
40168
40169
40170
40172
40175
40177
40178
40180
40183
40184
40185
40187
40189
40191
40192
40193
40194
40195
40196
40200
40201
40202
40204
40205
40206
40209
40210
40211
40213
40214
40216
40217
40218
40219
40220
40221
40222
40223
40224
40225
40226
40227
40228
40232
40233
40234
40235
40236
40237
40239
40240
40242
40243
40244
40245
40246
40247
40248
40249
40250
40251
40254
40255
40256
40258
40260
40261
40262
40264
40265
40266
40267
40268
40269
40273
40274
40277
40279
40280
40281
40282
40283
40285
40286
40288
40289
40291
40292
40294
40296
40297
40298
40299
40300
40301
40303
40306
40307
40308
40313
40315
40316
40317
40318
40319
40320
40321
40322
40324
40325
40326
40327
40330
40331
40332
40333
40334
40340
40341
40342
40344
40345
40346
40347
40348
40349
40353
40354
40361
40363
40364
40366
40368
40369
40371
40373
40375
40376
40377
40379
40380
40382
40383
40384
40385
40388
40389
40390
40391
40392
40393
40394
40395
40396
40401
40402
40404
40407
40409
40410
40411
40412
40414
40417
40418
40421
40422
40423
40425
40426
40428
40431
40432
40433
40434
40435
40437
40439
40440
40441
40442
40445
40446
40447
40448
40449
40450
40451
40452
40454
40455
40458
40460
40462
40463
40464
40465
40466
40467
40469
40470
40471
40472
40473
40477
40478
40480
40482
40483
40484
40487
40488
40489
40491
40492
40494
40497
40498
40500
40501
40502
40508
40512
40515
40517
40519
40520
40521
40524
40525
40526
40528
40529
40530
40531
40532
40533
40534
40535
40537
40538
40540
40542
40543
40544
40546
40547
40550
40552
40553
40554
40555
40556
40558
40560
40561
40562
40563
40564
40566
40567
40571
40572
40573
40577
40578
40580
40582
40584
40585
40586
40589
40591
40592
40594
40595
40596
40597
40599
40600
40601
40602
40603
40604
40605
40606
40607
40609
40613
40614
40615
40616
40618
40620
40621
40623
40625
40626
40627
40630
40631
40632
40633
40634
40636
40637
40639
40641
40642
40643
40644
40646
40647
40649
40651
40653
40654
40655
40656
40658
40660
40661
40662
40663
40665
40667
40668
40669
40670
40672
40673
40674
40675
40676
40677
40678
40679
40680
40685
40686
40687
40688
40690
40691
40692
40694
40695
40697
40700
40703
40704
40705
40706
40709
40710
40711
40713
40714
40721
40725
40728
40731
40732
40733
40735
40738
40739
40740
40742
40743
40744
40745
40747
40749
40750
40752
40753
40754
40755
40756
40760
40761
40762
40763
40764
40765
40766
40768
40771
40772
40774
40776
40777
40778
40779
40780
40781
40782
40783
40785
40788
40792
40794
40796
40798
40800
40801
40804
40805
40806
40807
40808
40809
40810
40811
40812
40813
40814
40816
40820
40822
40824
40826
40827
40828
40829
40831
40836
40839
40840
40841
40842
40843
40844
40845
40847
40848
40850
40853
40854
40855
40856
40858
40859
40861
40862
40863
40865
40866
40867
40868
40869
40870
40871
40873
40875
40877
40879
40880
40881
40882
40883
40886
40888
40891
40892
40896
40897
40898
40899
40901
40902
40903
40908
40910
40915
40916
40917
40918
40919
40921
40924
40925
40926
40929
40930
40935
40938
40939
40942
40943
40944
40945
40949
40952
40953
40954
40955
40957
40958
40959
40960
40962
40963
40964
40965
40966
40968
40970
40971
40972
40973
40975
40976
40977
40981
40985
40987
40989
40991
40992
40993
40994
40995
40997
40998
40999
41001
41002
41003
41004
41005
41006
41007
41008
41011
41012
41013
41016
41018
41021
41022
41023
41025
41026
41027
41029
41030
41032
41033
41036
41037
41038
41041
41043
41044
41045
41048
41049
41051
41053
41056
41057
41058
41060
41061
41064
41065
41068
41069
41070
41072
41073
41074
41075
41077
41078
41079
41081
41082
41083
41084
41085
41087
41090
41091
41092
41093
41094
41097
41098
41099
41100
41101
41106
41107
41109
41110
41112
41115
41116
41117
41118
41121
41122
41123
41126
41128
41129
41130
41133
41134
41136
41137
41138
41140
41141
41142
41144
41146
41147
41149
41151
41154
41157
41158
41160
41161
41164
41165
41166
41167
41170
41174
41175
41176
41177
41178
41181
41183
41184
41185
41188
41189
41192
41193
41198
41199
41200
41201
41202
41203
41205
41206
41207
41208
41209
41210
41211
41212
41214
41215
41216
41217
41218
41221
41223
41225
41226
41227
41228
41230
41232
41233
41234
41236
41239
41240
41241
41242
41243
41245
41247
41249
41250
41251
41252
41253
41254
41256
41257
41258
41260
41262
41263
41264
41265
41268
41269
41271
41272
41273
41274
41276
41277
41281
41283
41284
41285
41287
41288
41290
41291
41296
41297
41299
41300
41301
41303
41305
41306
41307
41308
41309
41311
41312
41313
41315
41316
41318
41319
41321
41322
41323
41324
41328
41329
41331
41333
41334
41335
41336
41337
41338
41340
41341
41342
41343
41344
41346
41347
41348
41349
41350
41351
41353
41356
41357
41358
41359
41360
41361
41362
41363
41364
41366
41368
41370
41371
41373
41374
41375
41377
41379
41381
41383
41385
41386
41387
41389
41390
41391
41392
41393
41394
41396
41397
41398
41399
41400
41401
41404
41405
41406
41407
41408
41410
41415
41417
41418
41420
41421
41422
41423
41424
41425
41427
41428
41429
41430
41431
41432
41433
41434
41435
41436
41441
41442
41444
41446
41447
41448
41449
41450
41452
41453
41455
41456
41457
41459
41460
41461
41462
41463
41465
41466
41467
41470
41471
41474
41475
41476
41477
41478
41481
41482
41483
41484
41485
41486
41487
41492
41495
41496
41500
41501
41503
41504
41505
41506
41507
41511
41512
41514
41515
41516
41517
41518
41519
41520
41524
41525
41526
41527
41528
41529
41530
41531
41533
41536
41537
41539
41540
41541
41542
41543
41544
41545
41546
41549
41551
41552
41555
41556
41557
41558
41561
41562
41564
41566
41567
41568
41570
41572
41573
41574
41576
41577
41580
41581
41582
41583
41585
41588
41589
41593
41595
41596
41597
41598
41600
41601
41602
41604
41605
41607
41608
41609
41610
41611
41612
41613
41614
41617
41618
41620
41621
41622
41624
41625
41626
41627
41628
41629
41631
41633
41634
41635
41637
41638
41639
41640
41644
41646
41648
41650
41651
41653
41655
41656
41658
41659
41660
41661
41664
41665
41666
41668
41669
41671
41672
41673
41674
41675
41676
41677
41678
41679
41680
41681
41682
41683
41684
41686
41688
41689
41690
41691
41692
41693
41694
41696
41699
41701
41703
41704
41705
41706
41707
41708
41709
41712
41713
41714
41715
41716
41719
41721
41723
41724
41725
41726
41727
41729
41730
41731
41732
41733
41734
41736
41737
41738
41740
41742
41744
41745
41746
41749
41752
41753
41754
41756
41757
41758
41759
41761
41762
41764
41765
41766
41767
41768
41770
41771
41772
41773
41775
41779
41780
41781
41782
41783
41785
41788
41789
41790
41791
41792
41795
41797
41798
41800
41801
41802
41803
41806
41809
41810
41811
41812
41817
41818
41819
41820
41821
41823
41825
41826
41827
41828
41829
41831
41835
41837
41838
41839
41840
41841
41842
41844
41845
41847
41851
41852
41853
41854
41855
41856
41857
41858
41859
41862
41864
41865
41867
41870
41872
41873
41875
41876
41879
41880
41881
41885
41886
41887
41889
41890
41891
41893
41894
41896
41897
41898
41899
41903
41904
41905
41907
41908
41909
41910
41911
41913
41914
41916
41917
41918
41919
41921
41922
41923
41924
41925
41926
41927
41929
41931
41934
41935
41936
41938
41941
41942
41945
41947
41949
41950
41952
41953
41957
41958
41961
41962
41963
41964
41965
41966
41967
41969
41970
41972
41975
41976
41977
41978
41980
41981
41983
41985
41986
41987
41988
41989
41990
41991
41992
41993
41995
41996
41999
42002
42004
42007
42008
42009
42010
42011
42014
42015
42016
42017
42019
42022
42025
42027
42028
42030
42031
42034
42036
42037
42038
42039
42040
42041
42042
42043
42044
42046
42047
42048
42050
42053
42054
42055
42056
42058
42059
42060
42061
42063
42064
42066
42067
42070
42071
42072
42073
42074
42075
42076
42077
42079
42081
42083
42084
42086
42087
42089
42090
42091
42092
42093
42094
42095
42097
42098
42102
42104
42107
42110
42111
42112
42113
42114
42115
42118
42119
42120
42121
42122
42126
42127
42128
42129
42130
42131
42134
42135
42137
42138
42139
42140
42141
42142
42143
42144
42145
42146
42147
42148
42150
42152
42155
42156
42157
42158
42159
42162
42163
42164
42167
42168
42172
42175
42176
42178
42179
42180
42182
42183
42184
42185
42186
42188
42189
42190
42191
42192
42193
42194
42195
42196
42197
42201
42202
42206
42207
42210
42211
42212
42213
42218
42219
42220
42221
42222
42223
42224
42226
42230
42231
42232
42233
42235
42239
42240
42242
42243
42244
42245
42247
42248
42250
42251
42252
42253
42255
42256
42257
42258
42259
42260
42261
42262
42263
42265
42267
42269
42271
42273
42274
42276
42277
42278
42280
42282
42283
42285
42286
42287
42289
42291
42292
42293
42294
42296
42297
42298
42299
42300
42301
42302
42304
42305
42307
42308
42309
42311
42312
42313
42315
42316
42317
42318
42319
42320
42321
42322
42323
42324
42325
42327
42330
42331
42335
42337
42340
42342
42343
42344
42345
42348
42350
42353
42356
42357
42358
42361
42362
42366
42368
42372
42373
42374
42375
42376
42378
42379
42381
42383
42384
42385
42386
42387
42390
42392
42393
42394
42395
42397
42398
42399
42401
42403
42404
42405
42406
42407
42408
42409
42411
42412
42413
42415
42419
42420
42421
42422
42424
42426
42428
42430
42433
42434
42435
42437
42439
42440
42442
42443
42444
42446
42447
42448
42449
42450
42454
42455
42456
42457
42460
42461
42462
42464
42468
42469
42472
42474
42475
42478
42479
42482
42483
42484
42485
42486
42488
42491
42492
42493
42494
42496
42498
42500
42501
42502
42503
42504
42505
42507
42508
42509
42510
42511
42512
42515
42516
42518
42519
42520
42521
42522
42523
42525
42526
42528
42533
42536
42537
42539
42541
42542
42543
42544
42545
42546
42547
42548
42549
42550
42551
42552
42553
42554
42555
42556
42558
42560
42561
42562
42563
42565
42566
42567
42569
42570
42571
42572
42573
42574
42575
42576
42577
42578
42580
42581
42582
42586
42588
42591
42594
42595
42596
42599
42600
42601
42603
42604
42605
42607
42608
42609
42610
42611
42612
42617
42619
42620
42621
42622
42623
42624
42626
42627
42628
42631
42632
42633
42636
42637
42639
42640
42641
42644
42645
42646
42647
42649
42650
42652
42655
42656
42657
42659
42660
42665
42666
42667
42669
42670
42671
42672
42674
42675
42680
42681
42682
42686
42687
42688
42690
42691
42692
42693
42696
42697
42698
42699
42700
42701
42702
42703
42704
42706
42707
42708
42709
42710
42713
42715
42717
42719
42721
42722
42724
42725
42729
42730
42731
42733
42734
42735
42736
42737
42738
42740
42741
42745
42746
42747
42748
42751
42752
42754
42755
42756
42761
42762
42766
42770
42774
42775
42776
42777
42778
42779
42781
42782
42783
42784
42785
42786
42787
42790
42791
42792
42794
42795
42796
42799
42800
42801
42805
42806
42807
42808
42810
42811
42813
42814
42816
42817
42818
42819
42820
42821
42822
42823
42825
42826
42829
42830
42831
42832
42833
42834
42835
42838
42839
42840
42841
42844
42846
42847
42848
42851
42853
42854
42855
42856
42858
42861
42862
42863
42864
42865
42866
42867
42868
42869
42870
42871
42873
42874
42875
42877
42882
42883
42885
42886
42887
42888
42891
42892
42893
42894
42895
42900
42902
42904
42906
42907
42908
42910
42913
42915
42916
42917
42918
42919
42920
42921
42923
42924
42925
42927
42928
42930
42931
42934
42936
42937
42938
42940
42941
42942
42943
42944
42945
42947
42949
42952
42953
42956
42957
42958
42961
42963
42965
42966
42968
42969
42970
42971
42972
42973
42974
42975
42976
42977
42978
42980
42981
42982
42984
42985
42986
42987
42990
42992
42995
42998
42999
43002
43003
43005
43008
43009
43010
43011
43012
43013
43014
43017
43018
43019
43021
43023
43024
43025
43026
43027
43028
43029
43030
43031
43033
43034
43035
43036
43037
43040
43041
43044
43045
43046
43047
43050
43051
43052
43053
43054
43056
43058
43059
43060
43062
43063
43064
43066
43067
43068
43069
43073
43074
43076
43080
43081
43084
43085
43086
43087
43088
43089
43090
43091
43093
43094
43096
43097
43099
43102
43103
43104
43106
43107
43108
43109
43110
43111
43112
43113
43114
43115
43116
43118
43119
43122
43123
43124
43125
43126
43127
43128
43129
43132
43133
43134
43135
43136
43137
43140
43144
43145
43148
43149
43151
43152
43154
43158
43159
43160
43162
43163
43164
43165
43167
43170
43171
43172
43174
43175
43177
43180
43183
43184
43185
43186
43191
43192
43197
43198
43199
43200
43201
43202
43205
43206
43209
43211
43212
43213
43214
43216
43218
43221
43222
43223
43225
43228
43229
43230
43231
43232
43234
43235
43236
43237
43238
43241
43242
43246
43248
43249
43251
43252
43255
43256
43257
43258
43259
43261
43262
43263
43264
43271
43272
43273
43275
43276
43277
43279
43281
43282
43283
43284
43285
43286
43288
43289
43290
43291
43292
43293
43294
43297
43299
43300
43301
43302
43306
43307
43308
43309
43310
43312
43313
43315
43316
43319
43321
43322
43323
43325
43326
43328
43330
43331
43332
43334
43335
43336
43338
43340
43341
43343
43344
43349
43350
43351
43352
43356
43357
43358
43359
43360
43361
43362
43363
43368
43369
43370
43371
43372
43373
43376
43377
43378
43379
43380
43382
43383
43384
43385
43386
43387
43390
43391
43392
43395
43396
43398
43399
43401
43403
43404
43405
43407
43410
43416
43418
43420
43421
43422
43425
43426
43430
43431
43432
43434
43435
43436
43437
43438
43439
43440
43443
43444
43446
43447
43448
43450
43451
43452
43453
43455
43456
43457
43458
43459
43461
43462
43463
43464
43465
43466
43467
43469
43470
43473
43474
43475
43477
43479
43482
43484
43485
43488
43489
43490
43491
43492
43495
43496
43497
43498
43501
43503
43504
43506
43507
43512
43514
43515
43516
43517
43518
43519
43521
43525
43526
43528
43529
43530
43531
43533
43534
43536
43537
43538
43539
43541
43542
43544
43545
43547
43549
43550
43551
43553
43554
43556
43557
43558
43559
43560
43562
43566
43570
43572
43573
43574
43575
43576
43577
43578
43579
43580
43581
43583
43584
43586
43587
43588
43590
43591
43592
43593
43595
43596
43597
43598
43600
43601
43602
43603
43604
43605
43606
43607
43608
43609
43610
43611
43616
43620
43621
43622
43623
43624
43625
43626
43627
43628
43629
43631
43632
43634
43637
43639
43641
43642
43643
43646
43648
43651
43653
43655
43656
43657
43658
43659
43661
43663
43665
43666
43667
43668
43669
43671
43672
43674
43677
43678
43681
43682
43683
43684
43686
43688
43689
43690
43691
43694
43695
43696
43698
43699
43701
43704
43705
43706
43707
43708
43710
43711
43712
43713
43714
43720
43721
43722
43723
43728
43729
43730
43734
43737
43738
43739
43742
43743
43744
43747
43748
43749
43751
43752
43753
43754
43757
43758
43759
43760
43762
43768
43769
43772
43773
43775
43776
43777
43778
43779
43780
43781
43783
43784
43785
43786
43787
43788
43789
43790
43791
43793
43794
43795
43796
43797
43798
43800
43802
43803
43805
43806
43807
43808
43809
43810
43811
43812
43813
43814
43816
43817
43818
43819
43820
43821
43822
43823
43824
43825
43827
43829
43830
43833
43834
43839
43840
43841
43842
43843
43846
43847
43848
43849
43851
43852
43855
43856
43857
43858
43859
43860
43862
43863
43864
43865
43868
43869
43870
43872
43873
43875
43876
43877
43878
43879
43880
43881
43885
43886
43888
43890
43891
43893
43894
43895
43896
43898
43901
43903
43904
43905
43907
43908
43909
43912
43914
43915
43916
43918
43919
43925
43926
43928
43930
43932
43933
43934
43936
43937
43940
43942
43944
43945
43947
43948
43950
43951
43952
43953
43955
43956
43961
43962
43963
43964
43965
43966
43968
43969
43970
43971
43972
43973
43974
43975
43976
43978
43979
43980
43981
43984
43985
43986
43987
43988
43989
43990
43991
43993
43994
43995
43998
43999
44000
44001
44002
44004
44008
44010
44011
44012
44013
44014
44015
44016
44017
44018
44019
44021
44024
44027
44029
44031
44032
44033
44034
44036
44039
44040
44044
44045
44046
44048
44049
44050
44051
44053
44054
44055
44056
44057
44058
44059
44060
44063
44064
44065
44067
44068
44069
44070
44071
44073
44074
44075
44076
44077
44081
44082
44084
44085
44086
44087
44088
44089
44090
44092
44093
44094
44097
44098
44100
44104
44105
44106
44107
44108
44109
44110
44113
44114
44117
44120
44121
44124
44126
44128
44130
44131
44132
44133
44134
44135
44136
44137
44138
44141
44146
44150
44151
44152
44153
44156
44160
44161
44162
44164
44167
44168
44170
44171
44172
44176
44177
44178
44179
44180
44181
44185
44186
44187
44188
44189
44190
44191
44194
44195
44196
44197
44198
44200
44202
44206
44209
44210
44215
44217
44221
44223
44224
44225
44226
44229
44230
44231
44233
44234
44235
44236
44238
44241
44242
44243
44246
44248
44249
44251
44252
44259
44261
44262
44263
44266
44267
44269
44270
44271
44273
44274
44275
44276
44277
44278
44279
44280
44281
44284
44285
44286
44288
44289
44291
44293
44294
44299
44302
44303
44304
44306
44307
44308
44309
44310
44311
44313
44315
44316
44317
44319
44320
44321
44322
44323
44324
44325
44326
44327
44328
44332
44333
44335
44338
44339
44342
44346
44347
44348
44350
44352
44353
44354
44355
44356
44357
44358
44359
44360
44362
44363
44364
44365
44366
44368
44369
44371
44372
44373
44376
44377
44379
44380
44381
44383
44384
44387
44388
44389
44390
44391
44392
44395
44403
44405
44406
44407
44408
44409
44412
44413
44415
44417
44419
44420
44422
44425
44426
44427
44428
44429
44430
44432
44434
44435
44436
44437
44438
44440
44442
44443
44444
44445
44448
44449
44450
44451
44452
44453
44454
44455
44458
44460
44461
44463
44464
44465
44466
44467
44468
44470
44471
44472
44473
44476
44478
44479
44480
44481
44482
44483
44488
44489
44490
44494
44495
44496
44497
44498
44499
44500
44502
44503
44505
44506
44508
44510
44513
44514
44516
44518
44519
44520
44522
44525
44527
44528
44531
44532
44535
44536
44537
44538
44539
44540
44541
44542
44544
44547
44553
44554
44557
44558
44559
44560
44561
44562
44563
44565
44566
44567
44568
44570
44571
44574
44579
44580
44581
44582
44583
44584
44589
44592
44593
44594
44596
44597
44599
44603
44604
44605
44607
44608
44609
44611
44612
44614
44617
44618
44619
44620
44621
44622
44623
44624
44626
44627
44630
44631
44632
44633
44634
44635
44636
44637
44640
44642
44643
44645
44648
44649
44650
44651
44652
44653
44654
44655
44656
44657
44658
44660
44661
44663
44664
44666
44667
44668
44676
44677
44678
44680
44682
44685
44686
44687
44688
44690
44691
44692
44694
44695
44696
44700
44701
44703
44704
44705
44706
44707
44708
44709
44710
44711
44714
44715
44719
44720
44721
44723
44724
44725
44726
44727
44728
44729
44730
44731
44733
44735
44736
44737
44738
44740
44741
44742
44743
44745
44747
44748
44749
44750
44751
44755
44757
44758
44759
44761
44762
44763
44764
44765
44766
44767
44769
44770
44772
44774
44775
44777
44778
44779
44781
44783
44784
44785
44786
44787
44789
44790
44792
44793
44797
44798
44799
44800
44801
44802
44803
44804
44806
44807
44808
44809
44813
44814
44815
44817
44818
44822
44825
44828
44830
44831
44832
44833
44834
44835
44836
44837
44838
44840
44841
44842
44848
44851
44853
44854
44855
44857
44859
44860
44861
44862
44863
44864
44865
44866
44867
44869
44870
44871
44873
44874
44875
44876
44877
44878
44879
44881
44882
44883
44885
44888
44889
44890
44891
44892
44894
44895
44899
44901
44902
44904
44905
44906
44907
44908
44909
44910
44911
44912
44913
44914
44915
44918
44919
44922
44924
44927
44928
44929
44930
44931
44933
44936
44937
44938
44939
44941
44942
44943
44945
44946
44949
44951
44954
44955
44956
44957
44960
44961
44962
44963
44964
44966
44968
44969
44970
44971
44973
44974
44976
44977
44979
44980
44981
44982
44983
44985
44986
44987
44989
44990
44991
44992
44993
44994
44997
44998
45000
45001
45004
45008
45009
45010
45012
45013
45014
45015
45016
45017
45018
45020
45023
45024
45025
45026
45027
45028
45029
45033
45034
45036
45039
45041
45043
45045
45046
45049
45050
45051
45052
45053
45054
45055
45057
45060
45062
45063
45064
45068
45069
45071
45072
45073
45074
45075
45078
45080
45082
45083
45086
45087
45088
45089
45090
45092
45093
45094
45095
45096
45098
45099
45100
45102
45103
45104
45105
45107
45108
45109
45110
45111
45113
45114
45116
45117
45118
45119
45120
45121
45122
45123
45125
45126
45129
45130
45133
45135
45136
45137
45139
45141
45142
45143
45144
45145
45146
45147
45148
45149
45150
45152
45153
45154
45155
45158
45159
45160
45162
45164
45165
45166
45169
45170
45171
45172
45176
45177
45178
45179
45180
45181
45183
45184
45185
45186
45187
45188
45190
45192
45193
45194
45195
45196
45198
45199
45200
45201
45204
45205
45206
45209
45211
45212
45215
45216
45218
45219
45220
45224
45225
45226
45228
45229
45230
45232
45233
45234
45235
45236
45237
45238
45239
45240
45242
45243
45244
45245
45248
45249
45250
45251
45254
45255
45257
45258
45261
45263
45264
45265
45267
45268
45269
45272
45273
45275
45278
45280
45281
45283
45284
45285
45290
45291
45292
45293
45295
45296
45297
45298
45301
45302
45303
45304
45311
45312
45313
45314
45315
45316
45317
45318
45319
45320
45321
45322
45323
45324
45325
45327
45330
45331
45332
45333
45335
45336
45337
45340
45341
45346
45348
45352
45354
45356
45357
45358
45359
45360
45362
45363
45364
45365
45367
45368
45370
45372
45375
45376
45377
45378
45379
45380
45381
45383
45384
45385
45386
45387
45390
45394
45396
45399
45401
45405
45407
45408
45409
45410
45411
45412
45413
45414
45415
45418
45419
45420
45421
45422
45423
45424
45430
45431
45432
45433
45434
45435
45436
45439
45441
45442
45443
45444
45445
45449
45450
45451
45452
45453
45454
45455
45456
45457
45458
45459
45461
45463
45464
45466
45467
45468
45470
45471
45472
45473
45474
45475
45476
45478
45479
45480
45483
45484
45485
45486
45489
45490
45491
45492
45494
45497
45500
45501
45503
45504
45505
45506
45508
45511
45512
45513
45515
45517
45518
45519
45520
45521
45523
45524
45526
45527
45530
45532
45533
45534
45535
45536
45539
45540
45541
45545
45546
45548
45549
45550
45552
45554
45555
45556
45558
45560
45561
45564
45565
45567
45568
45570
45571
45572
45574
45575
45576
45578
45579
45580
45581
45582
45583
45586
45587
45588
45589
45590
45592
45593
45596
45598
45599
45600
45602
45603
45611
45612
45613
45614
45618
45619
45622
45623
45626
45627
45628
45629
45630
45634
45635
45636
45637
45638
45641
45644
45645
45646
45647
45648
45650
45651
45652
45653
45655
45656
45657
45659
45661
45662
45664
45665
45669
45671
45673
45674
45675
45677
45678
45679
45681
45682
45683
45685
45687
45688
45689
45692
45693
45694
45698
45699
45700
45702
45703
45705
45706
45708
45709
45710
45711
45712
45716
45717
45718
45720
45721
45723
45725
45727
45729
45733
45734
45735
45736
45737
45738
45739
45740
45742
45743
45744
45745
45746
45747
45748
45749
45751
45752
45755
45756
45757
45758
45761
45762
45763
45764
45766
45767
45768
45769
45770
45772
45773
45774
45775
45777
45778
45779
45780
45781
45782
45786
45787
45788
45789
45791
45792
45794
45795
45797
45799
45800
45801
45803
45804
45805
45806
45808
45809
45810
45812
45813
45814
45815
45818
45819
45820
45821
45824
45825
45826
45827
45831
45833
45834
45835
45837
45839
45840
45841
45844
45846
45849
45851
45854
45855
45856
45857
45858
45859
45860
45862
45864
45865
45868
45869
45870
45872
45873
45874
45878
45879
45880
45882
45886
45887
45889
45890
45891
45892
45893
45894
45895
45897
45898
45906
45907
45908
45909
45911
45913
45914
45915
45917
45921
45922
45923
45925
45926
45927
45929
45931
45932
45937
45939
45940
45944
45945
45949
45951
45952
45954
45955
45957
45958
45959
45960
45962
45963
45968
45969
45970
45971
45973
45974
45976
45977
45979
45980
45981
45982
45983
45984
45985
45986
45987
45988
45989
45990
45992
45994
45995
45996
45997
46002
46003
46004
46006
46007
46008
46009
46010
46011
46012
46014
46016
46017
46020
46021
46022
46023
46024
46025
46030
46031
46033
46034
46035
46036
46037
46038
46039
46042
46043
46044
46045
46046
46047
46049
46050
46051
46054
46055
46056
46057
46058
46060
46061
46062
46063
46064
46065
46067
46068
46070
46071
46072
46074
46075
46077
46078
46079
46080
46081
46082
46084
46085
46086
46087
46089
46090
46092
46094
46096
46097
46098
46099
46101
46102
46103
46104
46105
46106
46109
46110
46111
46112
46114
46115
46116
46117
46118
46119
46121
46122
46123
46125
46127
46130
46131
46136
46140
46141
46144
46145
46147
46148
46149
46150
46151
46152
46153
46159
46160
46162
46163
46164
46165
46166
46167
46169
46171
46172
46174
46175
46178
46179
46180
46182
46183
46184
46187
46189
46190
46191
46195
46196
46197
46198
46199
46200
46201
46202
46204
46205
46207
46209
46213
46214
46215
46217
46218
46219
46220
46221
46222
46223
46225
46226
46228
46229
46231
46232
46233
46234
46235
46236
46237
46240
46241
46242
46244
46245
46246
46248
46249
46252
46256
46258
46260
46263
46265
46266
46267
46268
46269
46273
46274
46276
46278
46280
46281
46282
46285
46286
46289
46292
46294
46295
46300
46301
46304
46305
46308
46310
46311
46312
46313
46314
46315
46319
46320
46321
46322
46327
46328
46330
46331
46334
46337
46339
46340
46342
46344
46345
46346
46350
46353
46354
46355
46357
46358
46359
46360
46362
46363
46364
46367
46368
46370
46371
46372
46375
46377
46380
46381
46382
46384
46385
46386
46387
46388
46391
46392
46393
46394
46395
46398
46400
46401
46402
46403
46407
46409
46410
46411
46412
46413
46414
46415
46416
46418
46419
46422
46425
46426
46427
46428
46429
46430
46431
46432
46435
46436
46437
46440
46442
46444
46445
46447
46448
46449
46450
46452
46454
46456
46457
46458
46460
46461
46462
46463
46465
46468
46470
46471
46475
46476
46477
46479
46480
46481
46483
46486
46487
46488
46489
46492
46494
46495
46496
46497
46498
46501
46502
46503
46504
46506
46507
46509
46510
46511
46513
46514
46515
46516
46520
46523
46527
46530
46531
46533
46534
46535
46536
46538
46539
46540
46542
46543
46544
46545
46546
46547
46548
46550
46551
46552
46553
46555
46558
46559
46561
46562
46563
46564
46565
46566
46572
46573
46575
46576
46578
46579
46581
46582
46583
46584
46585
46587
46588
46589
46592
46593
46596
46600
46603
46604
46605
46606
46610
46612
46613
46614
46615
46618
46619
46620
46621
46622
46623
46624
46626
46627
46628
46631
46635
46639
46640
46641
46642
46643
46644
46646
46647
46648
46650
46651
46652
46653
46654
46655
46656
46658
46659
46661
46662
46666
46667
46669
46672
46673
46674
46675
46677
46678
46679
46681
46682
46684
46685
46686
46687
46688
46690
46691
46692
46693
46694
46697
46698
46700
46701
46702
46706
46707
46708
46709
46710
46711
46712
46713
46715
46716
46717
46719
46721
46722
46725
46726
46729
46732
46735
46736
46738
46739
46740
46741
46742
46743
46745
46746
46748
46750
46752
46753
46754
46759
46760
46763
46764
46765
46766
46769
46770
46771
46774
46775
46777
46778
46779
46782
46783
46784
46786
46787
46788
46789
46791
46795
46796
46797
46798
46799
46800
46801
46802
46803
46804
46805
46807
46809
46810
46811
46812
46813
46814
46815
46816
46817
46818
46820
46821
46822
46823
46824
46827
46828
46830
46831
46832
46833
46836
46837
46840
46842
46843
46844
46845
46846
46849
46850
46851
46852
46854
46856
46857
46858
46859
46861
46863
46864
46865
46866
46868
46869
46873
46874
46875
46876
46879
46880
46884
46885
46886
46887
46888
46889
46890
46891
46893
46895
46896
46897
46898
46900
46901
46903
46905
46906
46907
46909
46910
46911
46912
46915
46916
46917
46918
46919
46920
46921
46922
46923
46924
46926
46928
46929
46932
46934
46935
46937
46938
46939
46940
46941
46942
46943
46947
46948
46949
46955
46958
46959
46960
46961
46964
46966
46967
46968
46969
46970
46971
46972
46973
46975
46978
46979
46980
46981
46984
46985
46986
46987
46989
46993
46994
46995
46996
46998
46999
47001
47002
47004
47006
47008
47009
47011
47012
47014
47015
47016
47017
47018
47019
47020
47021
47023
47024
47025
47026
47027
47028
47030
47031
47033
47034
47035
47036
47037
47039
47040
47041
47042
47043
47044
47046
47047
47048
47049
47050
47052
47053
47054
47055
47056
47057
47058
47059
47060
47061
47066
47067
47068
47070
47071
47073
47074
47076
47077
47078
47079
47081
47082
47083
47084
47085
47086
47087
47088
47089
47094
47097
47098
47100
47101
47102
47104
47105
47106
47107
47110
47112
47113
47114
47116
47118
47119
47120
47121
47122
47123
47125
47127
47129
47130
47135
47136
47137
47142
47143
47144
47145
47146
47147
47148
47150
47151
47152
47153
47155
47156
47157
47158
47159
47161
47162
47167
47168
47169
47170
47173
47174
47175
47176
47177
47178
47179
47180
47184
47186
47188
47189
47190
47191
47195
47196
47197
47200
47201
47203
47204
47205
47207
47208
47209
47210
47211
47212
47213
47215
47220
47221
47222
47223
47224
47225
47226
47227
47228
47229
47230
47231
47232
47233
47234
47235
47236
47237
47239
47240
47242
47243
47244
47245
47247
47250
47252
47253
47254
47255
47256
47257
47258
47259
47260
47261
47262
47263
47266
47268
47269
47270
47271
47273
47274
47275
47276
47278
47280
47281
47284
47287
47291
47293
47295
47297
47298
47301
47303
47304
47306
47307
47308
47311
47313
47314
47315
47316
47317
47318
47319
47320
47321
47322
47323
47327
47329
47330
47331
47333
47335
47336
47337
47340
47341
47342
47343
47344
47345
47346
47348
47349
47351
47352
47354
47356
47357
47358
47360
47361
47362
47365
47367
47369
47370
47372
47373
47374
47375
47376
47377
47378
47381
47382
47384
47385
47386
47387
47388
47390
47394
47395
47397
47398
47400
47401
47402
47403
47406
47408
47409
47411
47412
47413
47414
47415
47416
47418
47420
47423
47425
47428
47429
47430
47431
47432
47434
47437
47439
47443
47444
47447
47449
47450
47453
47454
47456
47458
47462
47463
47465
47466
47467
47468
47469
47470
47474
47475
47477
47480
47483
47484
47486
47487
47489
47490
47491
47494
47495
47497
47498
47503
47504
47505
47507
47509
47511
47512
47513
47514
47515
47516
47517
47518
47519
47520
47521
47522
47523
47525
47526
47527
47528
47529
47530
47531
47534
47536
47537
47538
47539
47541
47542
47544
47545
47546
47547
47549
47550
47552
47554
47556
47557
47559
47560
47561
47562
47564
47565
47566
47568
47569
47570
47571
47572
47574
47575
47576
47577
47578
47579
47581
47582
47583
47584
47585
47586
47589
47590
47591
47592
47593
47594
47595
47598
47599
47600
47604
47606
47607
47608
47609
47610
47611
47612
47613
47618
47619
47621
47623
47624
47629
47630
47633
47635
47636
47637
47638
47641
47642
47643
47644
47647
47648
47652
47653
47657
47658
47659
47660
47662
47663
47664
47666
47668
47669
47670
47671
47672
47673
47674
47676
47677
47678
47679
47680
47682
47683
47684
47686
47687
47689
47691
47693
47694
47698
47700
47701
47702
47703
47704
47706
47707
47708
47710
47712
47713
47714
47715
47718
47720
47723
47724
47725
47727
47730
47734
47735
47736
47737
47738
47740
47741
47742
47744
47745
47746
47747
47748
47749
47752
47754
47757
47761
47762
47763
47766
47767
47768
47769
47770
47775
47776
47777
47780
47782
47783
47784
47786
47787
47788
47790
47791
47792
47794
47795
47796
47798
47801
47803
47804
47805
47806
47809
47810
47811
47813
47814
47815
47816
47817
47818
47819
47820
47823
47826
47827
47828
47830
47831
47832
47835
47836
47839
47840
47842
47843
47844
47845
47846
47847
47850
47852
47853
47854
47858
47859
47860
47863
47864
47865
47867
47868
47870
47871
47873
47874
47875
47876
47877
47878
47879
47880
47881
47882
47883
47884
47886
47888
47891
47893
47895
47896
47898
47899
47903
47904
47905
47908
47909
47910
47911
47912
47916
47917
47921
47922
47923
47924
47926
47928
47929
47931
47934
47935
47936
47937
47938
47941
47943
47945
47946
47947
47948
47949
47950
47951
47952
47957
47958
47960
47961
47963
47966
47967
47968
47969
47970
47972
47981
47982
47983
47986
47990
47991
47992
47994
47995
47996
47998
48001
48003
48006
48009
48012
48013
48014
48015
48016
48017
48018
48019
48022
48023
48024
48027
48029
48031
48032
48035
48036
48037
48042
48044
48045
48046
48048
48049
48050
48051
48053
48054
48056
48058
48059
48060
48061
48062
48065
48066
48067
48068
48069
48072
48073
48075
48077
48078
48079
48080
48082
48083
48084
48086
48087
48088
48089
48090
48091
48092
48094
48095
48096
48097
48099
48100
48101
48102
48103
48104
48105
48106
48107
48108
48109
48111
48112
48115
48120
48121
48122
48123
48124
48125
48126
48127
48128
48130
48131
48132
48133
48134
48137
48139
48141
48143
48146
48147
48149
48150
48151
48153
48154
48155
48157
48159
48160
48161
48164
48165
48166
48168
48169
48170
48171
48173
48174
48176
48178
48182
48186
48189
48190
48191
48192
48193
48194
48195
48196
48197
48198
48199
48201
48202
48203
48207
48208
48209
48210
48211
48212
48214
48216
48223
48224
48226
48228
48229
48230
48231
48234
48235
48236
48237
48238
48239
48240
48244
48246
48247
48248
48249
48250
48251
48252
48253
48254
48255
48256
48257
48259
48261
48262
48264
48266
48267
48268
48269
48272
48273
48274
48276
48277
48278
48280
48281
48283
48284
48285
48286
48287
48288
48289
48290
48291
48293
48294
48295
48298
48299
48300
48301
48302
48303
48305
48306
48307
48309
48311
48313
48314
48315
48316
48317
48320
48321
48322
48327
48328
48329
48331
48333
48334
48335
48336
48337
48339
48341
48343
48344
48345
48346
48347
48348
48349
48350
48353
48355
48356
48358
48362
48363
48364
48365
48367
48368
48369
48370
48373
48374
48375
48376
48378
48379
48380
48381
48383
48384
48385
48386
48387
48388
48389
48391
48392
48395
48399
48400
48402
48404
48405
48406
48410
48411
48412
48414
48415
48416
48417
48418
48419
48420
48422
48423
48425
48426
48427
48428
48429
48431
48432
48433
48434
48435
48436
48437
48438
48441
48442
48443
48444
48445
48446
48447
48448
48449
48450
48451
48452
48454
48456
48457
48458
48459
48460
48462
48464
48466
48467
48469
48471
48472
48474
48475
48476
48477
48478
48479
48480
48484
48486
48487
48488
48491
48492
48493
48494
48495
48496
48498
48499
48500
48501
48502
48503
48504
48505
48506
48510
48511
48512
48513
48514
48515
48516
48517
48519
48520
48521
48522
48525
48526
48527
48530
48531
48532
48533
48534
48535
48537
48538
48539
48540
48541
48543
48544
48545
48546
48547
48548
48550
48552
48554
48555
48556
48557
48558
48559
48561
48562
48563
48565
48566
48568
48572
48573
48574
48578
48579
48581
48582
48583
48584
48585
48586
48587
48589
48590
48593
48595
48597
48598
48599
48600
48602
48603
48605
48606
48607
48609
48610
48612
48613
48614
48615
48616
48617
48618
48619
48620
48621
48623
48625
48626
48627
48629
48630
48633
48634
48635
48638
48640
48642
48643
48644
48645
48646
48648
48649
48650
48651
48653
48654
48656
48657
48660
48661
48662
48663
48664
48665
48666
48669
48670
48672
48674
48676
48677
48678
48679
48681
48682
48683
48686
48687
48688
48690
48691
48692
48695
48696
48697
48701
48702
48703
48705
48706
48708
48709
48710
48711
48712
48714
48715
48716
48719
48720
48721
48722
48723
48724
48725
48726
48729
48730
48731
48732
48733
48736
48737
48740
48741
48742
48745
48746
48747
48748
48749
48750
48755
48756
48759
48760
48761
48762
48763
48764
48765
48766
48767
48768
48769
48770
48771
48772
48774
48776
48777
48779
48780
48781
48783
48784
48785
48787
48788
48789
48790
48793
48797
48799
48800
48801
48803
48807
48808
48813
48814
48815
48816
48817
48821
48822
48823
48824
48826
48827
48828
48829
48830
48833
48835
48836
48837
48838
48839
48840
48841
48842
48844
48845
48847
48848
48850
48852
48853
48854
48856
48857
48858
48860
48861
48862
48863
48866
48867
48869
48871
48873
48874
48875
48876
48878
48880
48882
48883
48884
48885
48888
48891
48892
48896
48898
48899
48900
48901
48902
48903
48907
48910
48912
48914
48915
48916
48918
48919
48920
48921
48922
48923
48924
48925
48930
48931
48933
48934
48935
48936
48938
48939
48940
48941
48942
48943
48944
48946
48947
48948
48949
48951
48952
48953
48954
48955
48959
48960
48961
48963
48965
48966
48968
48969
48972
48974
48976
48977
48978
48979
48980
48981
48983
48984
48985
48986
48987
48988
48989
48990
48991
48993
48995
48996
48999
49000
49001
49003
49004
49005
49009
49010
49012
49013
49014
49015
49016
49018
49019
49021
49023
49025
49026
49027
49028
49030
49032
49033
49035
49036
49041
49042
49043
49044
49045
49046
49047
49048
49049
49050
49052
49053
49055
49056
49057
49058
49059
49062
49063
49066
49067
49070
49071
49072
49073
49074
49076
49078
49079
49080
49081
49082
49084
49085
49086
49087
49088
49089
49090
49091
49092
49093
49094
49095
49099
49100
49102
49103
49104
49105
49106
49108
49109
49110
49111
49113
49114
49115
49116
49117
49118
49119
49122
49123
49127
49128
49129
49130
49132
49136
49137
49138
49140
49141
49144
49145
49149
49150
49151
49152
49154
49155
49156
49157
49158
49159
49160
49161
49164
49165
49166
49167
49168
49171
49173
49174
49176
49177
49178
49179
49180
49181
49182
49184
49185
49186
49188
49190
49191
49192
49194
49195
49196
49197
49199
49200
49201
49202
49206
49207
49209
49210
49212
49213
49214
49217
49218
49220
49221
49223
49224
49225
49226
49229
49230
49231
49232
49233
49234
49235
49236
49239
49241
49243
49244
49246
49247
49249
49250
49251
49252
49253
49254
49255
49257
49258
49260
49263
49266
49268
49269
49270
49271
49272
49274
49275
49277
49278
49280
49281
49283
49285
49286
49289
49290
49293
49294
49295
49297
49298
49299
49301
49302
49303
49304
49306
49308
49311
49312
49313
49315
49316
49317
49319
49321
49322
49323
49326
49327
49328
49330
49332
49335
49336
49341
49342
49343
49344
49345
49346
49347
49349
49350
49351
49354
49355
49356
49357
49358
49359
49360
49361
49362
49363
49366
49367
49368
49370
49371
49372
49373
49375
49376
49378
49379
49381
49383
49384
49385
49389
49391
49392
49395
49396
49397
49399
49400
49402
49404
49408
49409
49410
49411
49412
49413
49414
49415
49417
49418
49420
49421
49424
49425
49426
49427
49429
49431
49433
49434
49435
49436
49437
49438
49439
49440
49441
49442
49443
49444
49445
49446
49447
49448
49449
49450
49451
49452
49453
49454
49455
49457
49460
49463
49466
49467
49468
49470
49474
49475
49478
49479
49480
49481
49482
49483
49484
49486
49488
49489
49490
49491
49492
49493
49494
49495
49497
49499
49500
49502
49503
49504
49505
49506
49507
49508
49509
49510
49511
49514
49515
49517
49518
49519
49521
49522
49523
49524
49525
49526
49528
49529
49530
49532
49535
49537
49538
49541
49542
49543
49544
49546
49547
49548
49549
49551
49554
49556
49557
49559
49561
49562
49565
49566
49567
49568
49571
49573
49574
49576
49577
49578
49579
49582
49583
49584
49585
49586
49587
49588
49589
49590
49592
49593
49594
49596
49597
49598
49599
49601
49602
49603
49604
49605
49606
49609
49610
49611
49612
49613
49614
49615
49616
49619
49621
49622
49623
49624
49626
49628
49630
49631
49632
49633
49635
49636
49637
49638
49640
49641
49642
49643
49645
49646
49647
49648
49650
49652
49653
49654
49655
49656
49659
49660
49661
49662
49665
49666
49668
49670
49672
49673
49674
49676
49678
49679
49680
49681
49682
49683
49685
49686
49687
49688
49689
49690
49692
49694
49695
49696
49698
49699
49700
49704
49706
49707
49709
49711
49716
49717
49720
49721
49726
49727
49728
49730
49731
49732
49734
49735
49736
49737
49738
49739
49740
49742
49744
49745
49746
49747
49749
49750
49751
49752
49753
49755
49757
49758
49759
49760
49761
49762
49763
49764
49767
49768
49770
49771
49772
49774
49775
49777
49778
49779
49780
49781
49782
49783
49784
49785
49786
49789
49791
49792
49793
49794
49795
49797
49799
49800
49802
49803
49804
49805
49807
49808
49810
49811
49812
49813
49814
49815
49816
49817
49818
49819
49821
49822
49824
49826
49827
49828
49829
49831
49832
49833
49834
49837
49838
49840
49841
49842
49843
49844
49846
49847
49849
49850
49851
49852
49853
49854
49855
49856
49857
49859
49861
49862
49864
49865
49866
49867
49870
49871
49872
49881
49883
49885
49886
49887
49888
49890
49892
49893
49894
49896
49900
49901
49902
49903
49904
49905
49908
49909
49910
49911
49914
49915
49916
49919
49920
49921
49922
49923
49925
49926
49929
49932
49933
49934
49935
49936
49937
49938
49942
49943
49944
49946
49947
49949
49950
49951
49952
49955
49956
49957
49958
49960
49961
49962
49964
49965
49967
49968
49969
49970
49972
49973
49974
49976
49977
49978
49979
49980
49981
49983
49984
49985
49986
49987
49988
49990
49993
49998
50000
50001
50002
50003
50004
50007
50008
50010
50011
50013
50014
50015
50016
50017
50018
50020
50021
50022
50023
50025
50026
50027
50028
50031
50032
50033
50034
50035
50036
50037
50038
50039
50040
50041
50043
50044
50045
50047
50048
50050
50051
50052
50053
50055
50058
50059
50060
50063
50064
50065
50066
50068
50070
50071
50072
50082
50085
50086
50088
50090
50091
50092
50093
50096
50097
50100
50101
50102
50103
50104
50105
50106
50108
50109
50111
50112
50115
50116
50117
50118
50119
50121
50122
50125
50126
50127
50130
50131
50132
50133
50134
50135
50136
50137
50138
50139
50140
50141
50142
50144
50146
50148
50149
50150
50152
50153
50154
50156
50157
50158
50159
50160
50162
50163
50164
50165
50166
50168
50169
50171
50172
50173
50175
50177
50179
50180
50181
50182
50183
50184
50185
50187
50189
50190
50191
50192
50193
50195
50197
50198
50200
50203
50204
50205
50207
50208
50209
50211
50212
50214
50215
50217
50218
50219
50221
50223
50225
50227
50228
50230
50231
50232
50234
50235
50236
50237
50238
50240
50241
50242
50243
50244
50249
50250
50253
50254
50255
50256
50257
50258
50259
50260
50261
50262
50264
50265
50266
50268
50269
50270
50271
50272
50274
50277
50279
50280
50281
50282
50283
50284
50286
50287
50289
50290
50293
50294
50295
50298
50299
50300
50301
50302
50303
50305
50306
50307
50308
50309
50312
50313
50314
50315
50316
50320
50321
50324
50325
50326
50327
50328
50329
50332
50334
50335
50336
50338
50341
50342
50343
50344
50347
50349
50351
50353
50354
50355
50356
50357
50362
50363
50364
50365
50367
50368
50370
50372
50373
50374
50375
50376
50377
50378
50380
50381
50383
50387
50388
50389
50391
50392
50393
50395
50399
50400
50401
50403
50404
50406
50408
50409
50410
50411
50412
50414
50416
50417
50418
50419
50420
50421
50423
50424
50425
50428
50429
50430
50431
50432
50434
50435
50437
50439
50440
50442
50443
50444
50446
50447
50448
50449
50451
50452
50453
50454
50455
50456
50457
50458
50459
50463
50464
50466
50468
50469
50470
50471
50473
50474
50475
50476
50477
50478
50479
50481
50482
50483
50484
50485
50486
50487
50488
50489
50490
50491
50493
50495
50496
50497
50498
50499
50501
50502
50503
50505
50506
50512
50513
50514
50516
50517
50518
50519
50520
50521
50522
50523
50524
50526
50527
50528
50529
50531
50532
50533
50535
50536
50537
50538
50539
50540
50542
50544
50546
50549
50550
50551
50552
50553
50554
50555
50556
50557
50558
50560
50561
50562
50563
50565
50566
50567
50568
50571
50573
50574
50575
50576
50577
50585
50586
50587
50590
50591
50592
50593
50594
50595
50596
50597
50598
50599
50600
50601
50602
50603
50604
50605
50607
50608
50609
50610
50611
50612
50613
50614
50616
50617
50618
50619
50620
50623
50624
50625
50626
50627
50628
50629
50630
50631
50632
50633
50637
50638
50639
50641
50643
50645
50646
50647
50648
50649
50650
50652
50653
50655
50658
50659
50660
50663
50664
50665
50666
50668
50670
50671
50672
50673
50674
50675
50676
50677
50678
50680
50682
50684
50685
50686
50687
50688
50689
50690
50691
50694
50695
50696
50697
50698
50699
50701
50704
50706
50709
50710
50711
50720
50721
50722
50723
50727
50728
50729
50730
50735
50737
50738
50739
50740
50741
50742
50744
50745
50748
50750
50753
50754
50755
50756
50758
50759
50762
50764
50765
50766
50768
50769
50771
50772
50773
50774
50775
50777
50778
50779
50780
50782
50783
50784
50785
50786
50787
50789
50791
50795
50796
50797
50798
50800
50805
50806
50807
50810
50813
50814
50815
50816
50818
50819
50820
50822
50823
50824
50825
50827
50828
50829
50830
50831
50833
50834
50835
50836
50837
50839
50840
50843
50846
50847
50849
50851
50855
50856
50858
50859
50862
50863
50864
50866
50867
50868
50869
50870
50872
50874
50875
50876
50878
50879
50880
50881
50883
50884
50886
50887
50888
50890
50892
50893
50894
50895
50896
50898
50899
50903
50906
50907
50908
50909
50911
50914
50915
50916
50917
50918
50919
50920
50922
50924
50925
50926
50927
50928
50929
50930
50931
50934
50937
50939
50941
50942
50945
50946
50948
50950
50952
50953
50954
50955
50959
50961
50963
50964
50966
50967
50968
50972
50973
50974
50975
50976
50978
50979
50980
50982
50983
50985
50987
50988
50989
50990
50991
50992
50994
50995
50996
50997
50999
51001
51002
51003
51004
51006
51007
51008
51009
51014
51015
51016
51019
51020
51021
51022
51023
51024
51025
51027
51028
51029
51030
51034
51036
51037
51038
51039
51040
51043
51044
51045
51048
51049
51050
51051
51052
51053
51054
51055
51056
51057
51059
51060
51061
51064
51065
51066
51067
51068
51069
51071
51075
51076
51077
51078
51079
51080
51082
51084
51095
51096
51097
51098
51100
51106
51107
51108
51109
51110
51111
51112
51114
51115
51117
51120
51121
51122
51123
51124
51125
51126
51128
51129
51130
51131
51132
51134
51136
51137
51141
51143
51145
51146
51147
51149
51150
51151
51153
51154
51156
51157
51158
51160
51162
51163
51164
51165
51166
51167
51169
51170
51171
51172
51173
51174
51175
51176
51178
51180
51181
51182
51183
51184
51186
51188
51189
51190
51191
51194
51195
51196
51199
51200
51203
51206
51207
51208
51209
51210
51211
51212
51213
51214
51217
51218
51219
51221
51222
51223
51225
51226
51227
51229
51231
51232
51233
51235
51236
51237
51238
51239
51240
51242
51243
51244
51245
51246
51247
51248
51249
51250
51251
51252
51253
51255
51256
51257
51258
51259
51261
51262
51263
51264
51267
51270
51271
51276
51278
51279
51280
51281
51282
51283
51284
51286
51288
51289
51291
51293
51294
51295
51297
51298
51299
51303
51304
51305
51306
51307
51308
51309
51310
51311
51312
51313
51314
51318
51320
51321
51322
51325
51326
51327
51329
51330
51332
51335
51336
51337
51340
51341
51345
51346
51348
51349
51350
51351
51352
51354
51356
51358
51359
51360
51362
51363
51364
51366
51367
51369
51371
51373
51374
51375
51377
51378
51381
51382
51383
51385
51386
51387
51388
51391
51393
51396
51397
51398
51399
51400
51402
51407
51408
51409
51410
51411
51412
51413
51414
51417
51418
51419
51420
51421
51423
51428
51429
51430
51431
51432
51433
51434
51435
51436
51437
51438
51439
51440
51444
51445
51446
51447
51450
51452
51453
51455
51456
51457
51458
51459
51462
51463
51466
51468
51471
51472
51473
51474
51475
51478
51481
51482
51484
51485
51490
51494
51495
51496
51500
51502
51504
51506
51507
51508
51510
51511
51512
51513
51516
51518
51519
51521
51522
51523
51524
51528
51529
51530
51531
51532
51536
51537
51538
51539
51540
51542
51543
51544
51546
51547
51548
51549
51550
51551
51552
51553
51554
51555
51557
51558
51559
51560
51561
51562
51563
51564
51565
51566
51568
51570
51571
51572
51575
51576
51578
51579
51581
51582
51584
51585
51589
51592
51593
51594
51596
51597
51599
51600
51601
51602
51605
51606
51607
51608
51609
51610
51611
51612
51613
51614
51615
51616
51617
51618
51619
51620
51621
51624
51626
51627
51628
51629
51630
51631
51632
51633
51634
51636
51637
51639
51641
51643
51645
51646
51647
51649
51650
51651
51652
51653
51654
51655
51656
51658
51659
51660
51661
51662
51664
51665
51667
51668
51669
51670
51675
51676
51677
51678
51679
51681
51682
51683
51684
51685
51686
51687
51690
51691
51692
51693
51696
51697
51698
51699
51700
51701
51702
51704
51705
51706
51707
51708
51709
51710
51711
51712
51713
51714
51715
51717
51718
51720
51721
51722
51723
51724
51725
51726
51727
51728
51729
51731
51732
51734
51735
51736
51737
51738
51739
51740
51742
51743
51745
51746
51747
51749
51750
51751
51752
51753
51754
51755
51757
51758
51759
51760
51761
51764
51766
51767
51768
51769
51771
51772
51773
51776
51777
51778
51779
51780
51781
51782
51784
51786
51787
51788
51789
51791
51793
51798
51799
51801
51802
51803
51804
51805
51806
51807
51808
51810
51811
51813
51815
51816
51817
51818
51820
51821
51823
51824
51825
51826
51827
51828
51829
51830
51832
51835
51836
51837
51838
51839
51840
51841
51843
51844
51845
51846
51847
51848
51849
51850
51851
51852
51853
51854
51855
51856
51857
51858
51863
51864
51865
51867
51869
51870
51871
51872
51873
51876
51877
51879
51882
51884
51885
51887
51889
51890
51892
51893
51894
51895
51897
51898
51900
51902
51903
51904
51906
51907
51909
51910
51911
51912
51914
51915
51916
51917
51918
51919
51920
51921
51924
51925
51926
51927
51928
51930
51931
51933
51935
51936
51938
51939
51940
51941
51942
51943
51944
51945
51946
51947
51949
51951
51955
51956
51957
51960
51961
51962
51963
51965
51968
51970
51971
51972
51973
51974
51977
51978
51979
51980
51981
51982
51984
51986
51987
51988
51991
51992
51995
51996
51998
51999
52002
52003
52005
52008
52009
52011
52012
52016
52020
52021
52022
52024
52025
52026
52028
52029
52030
52032
52033
52034
52035
52036
52037
52038
52040
52042
52043
52044
52045
52046
52047
52049
52050
52051
52052
52054
52056
52057
52061
52063
52064
52065
52066
52069
52071
52072
52073
52074
52075
52076
52077
52079
52080
52081
52082
52083
52084
52085
52086
52087
52088
52089
52090
52091
52093
52095
52096
52097
52099
52101
52102
52104
52107
52108
52110
52111
52112
52113
52114
52115
52116
52118
52119
52120
52121
52122
52123
52125
52126
52127
52128
52129
52130
52132
52133
52134
52135
52136
52137
52138
52142
52143
52147
52148
52149
52153
52154
52155
52156
52157
52159
52161
52162
52163
52164
52165
52168
52169
52171
52173
52177
52180
52181
52183
52184
52186
52187
52188
52190
52192
52196
52198
52200
52201
52203
52205
52206
52207
52208
52209
52210
52212
52216
52217
52219
52221
52222
52223
52224
52226
52227
52228
52229
52231
52233
52234
52235
52236
52237
52239
52241
52243
52244
52245
52246
52247
52248
52249
52251
52252
52253
52255
52258
52259
52260
52261
52262
52263
52265
52266
52267
52268
52269
52271
52272
52273
52274
52276
52277
52279
52280
52282
52283
52284
52286
52289
52290
52291
52292
52293
52296
52298
52301
52303
52307
52308
52311
52312
52313
52314
52315
52316
52318
52319
52322
52324
52325
52327
52328
52329
52330
52331
52333
52334
52335
52336
52337
52338
52342
52344
52345
52346
52348
52350
52353
52355
52356
52358
52359
52360
52361
52362
52364
52365
52366
52367
52368
52370
52372
52374
52375
52376
52377
52378
52381
52382
52383
52385
52386
52387
52388
52389
52391
52393
52394
52395
52398
52399
52401
52402
52403
52407
52409
52410
52413
52414
52415
52416
52418
52419
52420
52421
52423
52424
52425
52427
52428
52429
52430
52431
52432
52433
52435
52436
52437
52438
52439
52440
52441
52442
52443
52445
52446
52447
52452
52454
52455
52457
52458
52459
52460
52461
52465
52466
52467
52469
52470
52474
52475
52478
52480
52481
52482
52484
52485
52486
52489
52490
52491
52495
52497
52498
52499
52500
52501
52503
52504
52505
52506
52508
52509
52510
52511
52512
52518
52521
52522
52523
52524
52526
52527
52528
52529
52530
52531
52532
52533
52534
52535
52536
52537
52538
52539
52540
52541
52542
52543
52544
52545
52546
52547
52548
52550
52551
52552
52553
52554
52555
52556
52557
52558
52559
52561
52563
52564
52566
52567
52568
52571
52574
52575
52577
52578
52579
52580
52581
52582
52583
52584
52585
52586
52587
52588
52590
52592
52593
52595
52596
52598
52599
52600
52601
52602
52603
52604
52605
52606
52607
52609
52612
52613
52614
52616
52617
52619
52620
52621
52623
52624
52625
52627
52628
52629
52630
52631
52632
52635
52637
52639
52641
52642
52644
52646
52647
52648
52649
52650
52651
52653
52656
52658
52660
52663
52664
52666
52667
52668
52669
52670
52671
52672
52673
52674
52675
52676
52677
52678
52679
52681
52683
52684
52686
52687
52689
52690
52691
52692
52693
52694
52697
52698
52699
52700
52701
52702
52703
52704
52705
52706
52708
52710
52713
52715
52716
52717
52719
52720
52721
52724
52727
52728
52729
52732
52734
52735
52737
52739
52740
52743
52744
52745
52746
52747
52750
52751
52755
52757
52758
52760
52762
52763
52764
52765
52766
52768
52769
52770
52771
52772
52773
52774
52775
52776
52777
52780
52781
52785
52786
52787
52788
52791
52792
52793
52794
52795
52798
52799
52800
52802
52803
52804
52805
52806
52807
52808
52809
52811
52812
52813
52814
52815
52816
52817
52818
52820
52821
52822
52824
52826
52827
52829
52831
52832
52833
52834
52835
52837
52839
52840
52841
52842
52843
52844
52845
52846
52848
52849
52851
52852
52854
52858
52860
52861
52862
52863
52866
52867
52868
52869
52872
52873
52874
52875
52878
52879
52880
52881
52882
52884
52885
52886
52889
52890
52891
52893
52894
52895
52897
52898
52899
52900
52902
52904
52905
52906
52908
52909
52911
52912
52913
52914
52917
52918
52921
52923
52925
52926
52927
52928
52929
52930
52936
52937
52939
52940
52941
52944
52945
52946
52947
52948
52950
52952
52957
52959
52962
52963
52964
52968
52970
52972
52974
52976
52978
52979
52980
52981
52982
52983
52984
52985
52986
52987
52988
52989
52990
52991
52994
52995
52996
52997
52999
53000
53001
53003
53005
53006
53008
53009
53011
53012
53013
53018
53019
53020
53022
53025
53026
53027
53028
53029
53031
53032
53033
53034
53035
53036
53039
53043
53047
53048
53049
53051
53052
53053
53054
53055
53056
53058
53059
53061
53062
53066
53067
53068
53069
53071
53072
53073
53075
53076
53078
53081
53082
53083
53086
53088
53089
53090
53091
53093
53095
53096
53097
53099
53101
53103
53104
53106
53107
53108
53111
53112
53113
53115
53116
53117
53118
53119
53120
53122
53123
53124
53127
53128
53129
53130
53131
53134
53135
53136
53137
53138
53139
53141
53142
53143
53144
53145
53147
53148
53149
53150
53151
53153
53154
53155
53157
53158
53160
53161
53162
53164
53165
53168
53169
53171
53173
53174
53175
53178
53179
53180
53181
53183
53185
53186
53188
53189
53190
53191
53192
53194
53195
53197
53198
53199
53200
53201
53202
53203
53204
53205
53206
53208
53209
53210
53212
53213
53214
53215
53216
53217
53218
53219
53220
53221
53222
53223
53224
53225
53226
53227
53229
53232
53233
53234
53239
53240
53241
53242
53243
53246
53247
53249
53250
53252
53254
53255
53256
53257
53258
53260
53262
53263
53266
53267
53268
53272
53273
53274
53275
53278
53279
53280
53282
53284
53285
53286
53287
53288
53289
53290
53291
53295
53296
53297
53299
53300
53301
53302
53305
53307
53308
53311
53312
53313
53314
53316
53317
53318
53319
53320
53321
53324
53325
53327
53328
53329
53330
53331
53332
53334
53335
53336
53338
53340
53341
53342
53347
53348
53351
53352
53353
53355
53356
53357
53360
53362
53363
53364
53366
53367
53368
53370
53371
53372
53373
53375
53377
53378
53381
53382
53383
53384
53386
53387
53388
53389
53391
53392
53393
53395
53397
53398
53399
53400
53401
53402
53404
53406
53407
53408
53410
53411
53412
53413
53414
53416
53417
53418
53419
53420
53421
53422
53423
53424
53425
53426
53428
53430
53431
53434
53437
53438
53443
53444
53445
53446
53447
53448
53449
53450
53451
53452
53456
53457
53458
53459
53460
53461
53462
53464
53465
53466
53467
53468
53469
53471
53472
53473
53474
53476
53477
53478
53479
53480
53481
53484
53485
53486
53487
53490
53491
53492
53493
53494
53495
53496
53497
53498
53500
53501
53502
53503
53504
53505
53506
53507
53509
53511
53512
53514
53515
53516
53517
53519
53520
53521
53522
53524
53528
53529
53530
53531
53534
53537
53538
53539
53540
53541
53542
53543
53544
53545
53546
53547
53548
53550
53551
53552
53553
53554
53555
53556
53558
53560
53561
53563
53564
53565
53567
53568
53570
53571
53572
53575
53576
53578
53580
53581
53584
53585
53586
53587
53588
53589
53590
53592
53593
53594
53595
53599
53600
53602
53603
53604
53605
53608
53610
53614
53616
53619
53620
53622
53623
53625
53626
53627
53628
53629
53632
53633
53634
53635
53639
53641
53643
53644
53646
53647
53648
53651
53652
53655
53656
53657
53658
53659
53660
53661
53662
53664
53668
53669
53670
53671
53673
53674
53675
53676
53680
53681
53682
53684
53685
53686
53687
53689
53690
53692
53693
53694
53695
53696
53697
53698
53699
53702
53703
53704
53705
53706
53711
53712
53713
53715
53716
53717
53719
53721
53723
53724
53725
53726
53728
53729
53730
53731
53732
53734
53735
53736
53737
53738
53741
53742
53743
53744
53745
53747
53748
53750
53751
53752
53755
53756
53757
53758
53760
53763
53764
53765
53766
53767
53769
53770
53771
53772
53774
53775
53776
53777
53778
53780
53781
53783
53784
53785
53786
53787
53788
53789
53790
53791
53792
53793
53794
53795
53796
53798
53799
53801
53802
53803
53804
53805
53806
53807
53808
53811
53813
53814
53816
53817
53819
53820
53821
53827
53828
53830
53831
53834
53835
53837
53838
53839
53841
53842
53846
53847
53849
53850
53853
53854
53855
53858
53859
53860
53861
53862
53864
53867
53868
53869
53872
53873
53874
53875
53876
53877
53883
53884
53885
53887
53888
53889
53890
53891
53892
53894
53895
53896
53900
53901
53902
53903
53904
53905
53907
53909
53910
53911
53912
53913
53914
53915
53917
53918
53919
53920
53921
53922
53925
53926
53929
53930
53931
53932
53933
53934
53935
53936
53939
53940
53941
53942
53943
53944
53945
53946
53947
53948
53949
53950
53951
53952
53954
53956
53957
53958
53960
53962
53963
53964
53965
53967
53968
53970
53972
53973
53974
53975
53976
53978
53979
53980
53981
53984
53985
53986
53987
53988
53991
53994
53996
53997
53999
54000
54002
54003
54005
54007
54008
54009
54010
54011
54012
54014
54015
54016
54017
54019
54020
54021
54022
54023
54024
54025
54026
54027
54028
54029
54034
54035
54036
54037
54038
54039
54041
54042
54043
54045
54046
54047
54049
54050
54053
54054
54058
54059
54060
54061
54062
54063
54064
54067
54068
54069
54070
54071
54073
54074
54075
54076
54077
54078
54079
54080
54081
54082
54083
54085
54086
54087
54089
54090
54096
54098
54100
54101
54103
54104
54105
54106
54107
54110
54112
54113
54118
54119
54120
54121
54122
54123
54124
54125
54126
54127
54128
54130
54134
54136
54137
54139
54141
54142
54143
54144
54145
54146
54147
54148
54151
54153
54156
54158
54160
54162
54163
54164
54165
54167
54168
54169
54171
54172
54173
54174
54175
54176
54177
54178
54179
54180
54182
54183
54186
54187
54188
54190
54191
54193
54194
54196
54198
54199
54201
54203
54204
54206
54207
54208
54212
54213
54214
54215
54216
54217
54219
54220
54221
54222
54224
54225
54226
54228
54229
54230
54232
54234
54235
54238
54239
54240
54242
54243
54244
54245
54248
54249
54252
54253
54257
54258
54259
54260
54261
54267
54268
54269
54270
54271
54272
54273
54274
54276
54277
54280
54282
54283
54284
54285
54286
54289
54290
54291
54292
54293
54295
54297
54298
54299
54300
54301
54303
54305
54306
54308
54309
54310
54311
54314
54316
54317
54319
54320
54321
54322
54324
54325
54326
54330
54333
54334
54336
54337
54340
54341
54342
54343
54344
54345
54346
54347
54348
54349
54351
54352
54353
54354
54355
54356
54357
54358
54359
54363
54364
54365
54366
54367
54368
54370
54371
54373
54375
54376
54377
54385
54387
54389
54390
54393
54396
54398
54399
54401
54402
54404
54405
54406
54407
54408
54410
54411
54413
54414
54415
54416
54417
54418
54420
54421
54422
54423
54424
54425
54426
54427
54429
54432
54433
54434
54435
54436
54437
54438
54439
54441
54442
54443
54445
54446
54447
54448
54450
54451
54453
54454
54456
54458
54459
54460
54461
54462
54463
54464
54465
54466
54468
54469
54470
54471
54472
54473
54475
54477
54478
54479
54480
54481
54482
54483
54485
54486
54487
54489
54490
54491
54492
54493
54494
54495
54496
54498
54499
54500
54501
54502
54503
54504
54505
54506
54507
54508
54510
54511
54512
54515
54516
54517
54519
54520
54521
54522
54523
54524
54525
54526
54527
54530
54531
54532
54534
54535
54536
54537
54538
54540
54541
54542
54543
54544
54545
54546
54547
54548
54549
54550
54552
54553
54555
54560
54561
54564
54565
54566
54567
54569
54573
54575
54576
54578
54579
54580
54581
54583
54584
54586
54587
54593
54594
54595
54596
54597
54598
54599
54601
54602
54604
54605
54606
54609
54610
54611
54612
54613
54614
54615
54617
54618
54619
54620
54623
54626
54627
54629
54630
54631
54632
54634
54635
54636
54637
54640
54642
54643
54644
54645
54646
54647
54648
54650
54651
54652
54653
54654
54655
54657
54658
54660
54662
54663
54665
54666
54669
54670
54671
54672
54673
54674
54675
54676
54677
54678
54679
54680
54682
54683
54685
54687
54688
54689
54690
54691
54692
54696
54698
54700
54701
54702
54704
54705
54707
54709
54710
54711
54715
54716
54717
54718
54720
54721
54722
54724
54725
54727
54728
54729
54730
54732
54733
54734
54735
54736
54737
54739
54742
54743
54745
54746
54748
54749
54750
54753
54754
54755
54758
54760
54761
54762
54763
54764
54766
54767
54768
54769
54770
54772
54773
54774
54775
54776
54777
54779
54780
54781
54783
54784
54785
54786
54787
54788
54790
54792
54793
54795
54798
54799
54800
54801
54803
54804
54805
54806
54807
54808
54809
54811
54812
54813
54814
54815
54818
54819
54820
54822
54824
54825
54826
54828
54829
54830
54831
54832
54834
54836
54838
54839
54840
54843
54844
54845
54846
54847
54849
54850
54854
54855
54856
54857
54860
54861
54862
54863
54864
54865
54868
54870
54872
54873
54875
54876
54880
54881
54882
54884
54885
54887
54888
54889
54890
54891
54892
54893
54895
54896
54897
54898
54899
54900
54901
54903
54904
54905
54906
54908
54910
54912
54913
54914
54915
54916
54918
54919
54920
54921
54922
54924
54925
54926
54927
54928
54930
54932
54933
54935
54936
54937
54939
54941
54942
54943
54944
54945
54946
54947
54948
54949
54950
54951
54954
54956
54957
54958
54959
54960
54961
54963
54967
54968
54969
54970
54971
54972
54973
54974
54975
54976
54977
54980
54981
54982
54983
54984
54985
54989
54990
54991
54992
54993
54994
54995
54997
54999
55001
55002
55004
55005
55006
55007
55009
55010
55011
55012
55013
55014
55016
55017
55018
55019
55022
55023
55026
55027
55028
55029
55030
55031
55033
55034
55035
55037
55039
55040
55041
55042
55044
55048
55050
55051
55052
55053
55055
55056
55057
55058
55059
55060
55061
55062
55063
55064
55065
55066
55067
55068
55069
55070
55071
55072
55073
55075
55076
55077
55078
55081
55082
55083
55084
55085
55086
55087
55088
55090
55091
55092
55093
55094
55095
55096
55097
55098
55099
55100
55102
55104
55105
55107
55109
55111
55113
55115
55117
55118
55119
55121
55122
55123
55125
55126
55127
55128
55130
55131
55132
55133
55134
55137
55139
55140
55141
55142
55144
55145
55146
55147
55149
55151
55152
55154
55155
55159
55162
55164
55165
55166
55168
55169
55171
55172
55173
55174
55176
55177
55178
55179
55180
55181
55182
55183
55184
55185
55186
55187
55188
55191
55192
55193
55194
55196
55197
55198
55199
55200
55202
55203
55204
55205
55206
55207
55208
55210
55211
55212
55215
55218
55219
55220
55222
55225
55227
55228
55229
55230
55232
55234
55235
55236
55237
55238
55239
55240
55241
55242
55243
55244
55245
55246
55247
55248
55250
55252
55253
55254
55255
55257
55258
55259
55260
55261
55263
55265
55266
55268
55270
55271
55272
55277
55279
55280
55282
55283
55284
55285
55286
55287
55290
55291
55294
55295
55296
55298
55300
55301
55302
55303
55304
55305
55306
55309
55310
55311
55313
55314
55315
55316
55318
55319
55321
55324
55325
55326
55327
55328
55329
55330
55331
55332
55336
55337
55341
55345
55346
55347
55348
55349
55351
55352
55353
55354
55355
55356
55357
55358
55359
55361
55362
55364
55366
55367
55368
55369
55371
55372
55376
55377
55378
55379
55380
55381
55382
55383
55385
55386
55388
55389
55390
55391
55392
55393
55394
55396
55397
55398
55400
55401
55405
55407
55412
55414
55416
55417
55418
55419
55420
55422
55424
55426
55427
55428
55429
55430
55433
55434
55437
55439
55442
55443
55445
55447
55448
